0.0,Tempo,106.0
0.0,Formula de Compasso,2/4
0.0,Note,Parte_1,0.25,75,
0.0,Rest,Parte_2,2.0,0,
0.0,Rest,Parte_3,1.0,0,
0.0,Rest,Parte_4,2.0,0,
0.0,Rest,Parte_5,2.0,0,
0.25,Note,Parte_1,0.25,72,
0.5,Tempo,112.0
0.5,Note,Parte_1,0.25,77,
0.75,Note,Parte_1,0.25,69,
1.0,Tempo,116.0
1.0,Rest,Parte_1,1.0,0,
1.0,Rest,Parte_3,1.0,0,
2.0,Tempo,120.0
2.0,Note,Parte_1,0.25,73,
2.0,Rest,Parte_2,2.0,0,
2.0,Rest,Parte_3,2.0,0,
2.0,Rest,Parte_4,2.0,0,
2.0,Rest,Parte_5,2.0,0,
2.25,Note,Parte_1,0.25,70,
2.5,Note,Parte_1,0.25,75,
2.75,Note,Parte_1,0.25,67,
3.0,Tempo,125.0
3.0,Note,Parte_1,0.25,72,
3.25,Note,Parte_1,0.25,68,
3.5,Note,Parte_1,0.25,73,
3.75,Note,Parte_1,0.25,65,
4.0,Note,Parte_1,0.25,70,
4.0,Rest,Parte_2,2.0,0,
4.0,Rest,Parte_3,2.0,0,
4.0,Rest,Parte_4,2.0,0,
4.0,Rest,Parte_5,2.0,0,
4.25,Note,Parte_1,0.25,67,
4.5,Note,Parte_1,0.25,72,
4.75,Note,Parte_1,0.25,64,
5.0,Note,Parte_1,0.25,68,
5.25,Note,Parte_1,0.25,65,
5.5,Note,Parte_1,0.25,70,
5.75,Note,Parte_1,0.25,62,
6.0,Note,Parte_1,0.25,67,
6.0,Rest,Parte_2,2.0,0,
6.0,Rest,Parte_3,1.0,0,
6.0,Note,Parte_4,2.0,51,start
6.0,Rest,Parte_5,2.0,0,
6.25,Note,Parte_1,0.25,63,
6.5,Note,Parte_1,0.25,62,
6.75,Note,Parte_1,0.25,63,
7.0,Note,Parte_1,0.25,67,
7.0,Note,Parte_3,0.5,61,
7.25,Note,Parte_1,0.25,63,
7.5,Note,Parte_1,0.25,68,
7.5,Note,Parte_3,0.5,60,
7.75,Note,Parte_1,0.25,63,
8.0,Note,Parte_1,0.25,70,
8.0,Rest,Parte_2,2.0,0,
8.0,Note,Parte_3,0.5,58,
8.0,Note,Parte_4,2.0,51,stop
8.0,Rest,Parte_5,2.0,0,
8.25,Note,Parte_1,0.25,63,
8.5,Note,Parte_1,0.25,72,
8.5,Note,Parte_3,0.5,56,
8.75,Note,Parte_1,0.25,63,
9.0,Note,Parte_1,0.25,73,
9.0,Note,Parte_3,0.5,55,
9.25,Note,Parte_1,0.25,63,
9.5,Note,Parte_1,0.25,74,
9.5,Note,Parte_3,0.5,53,
9.75,Note,Parte_1,0.25,63,
10.0,Note,Parte_1,0.25,75,
10.0,Rest,Parte_2,2.0,0,
10.0,Note,Parte_3,0.5,51,
10.0,Rest,Parte_4,2.0,0,
10.0,Rest,Parte_5,2.0,0,
10.25,Note,Parte_1,0.25,63,
10.5,Chord,Parte_1,0.25,"[67, 75]",
10.5,Note,Parte_3,0.5,49,
10.75,Note,Parte_1,0.25,63,
11.0,Chord,Parte_1,0.25,"[68, 75]",
11.0,Note,Parte_3,0.5,48,
11.25,Note,Parte_1,0.25,63,
11.5,Chord,Parte_1,0.25,"[68, 72, 75]",
11.5,Note,Parte_3,0.5,44,
11.75,Note,Parte_1,0.25,63,
12.0,Chord,Parte_1,0.25,"[67, 70, 75]",
12.0,Rest,Parte_2,2.0,0,
12.0,Note,Parte_3,0.5,51,
12.0,Rest,Parte_4,2.0,0,
12.0,Rest,Parte_5,2.0,0,
12.25,Note,Parte_1,0.25,63,
12.5,Chord,Parte_1,0.25,"[67, 70, 75]",
12.5,Note,Parte_3,0.5,39,
12.75,Note,Parte_1,0.25,63,
13.0,Note,Parte_1,0.25,72,
13.0,Note,Parte_3,0.25,63,
13.25,Note,Parte_1,0.25,75,
13.25,Note,Parte_3,0.25,60,
13.5,Note,Parte_1,0.25,69,
13.5,Note,Parte_3,0.25,65,
13.75,Note,Parte_1,0.25,77,
13.75,Note,Parte_3,0.25,57,
14.0,Note,Parte_1,0.25,70,
14.0,Rest,Parte_2,2.0,0,
14.0,Note,Parte_3,0.25,61,
14.0,Rest,Parte_4,2.0,0,
14.0,Rest,Parte_5,2.0,0,
14.25,Note,Parte_1,0.25,73,
14.25,Note,Parte_3,0.25,58,
14.5,Note,Parte_1,0.25,67,
14.5,Note,Parte_3,0.25,63,
14.75,Note,Parte_1,0.25,75,
14.75,Note,Parte_3,0.25,55,
15.0,Note,Parte_1,0.25,68,
15.0,Note,Parte_3,0.25,60,
15.25,Note,Parte_1,0.25,72,
15.25,Note,Parte_3,0.25,56,
15.5,Note,Parte_1,0.25,65,
15.5,Note,Parte_3,0.25,61,
15.75,Note,Parte_1,0.25,73,
15.75,Note,Parte_3,0.25,53,
16.0,Note,Parte_1,0.25,67,
16.0,Rest,Parte_2,2.0,0,
16.0,Note,Parte_3,0.25,58,
16.0,Rest,Parte_4,2.0,0,
16.0,Rest,Parte_5,2.0,0,
16.25,Note,Parte_1,0.25,70,
16.25,Note,Parte_3,0.25,55,
16.5,Note,Parte_1,0.25,64,
16.5,Note,Parte_3,0.25,60,
16.75,Note,Parte_1,0.25,72,
16.75,Note,Parte_3,0.25,52,
17.0,Note,Parte_1,0.25,65,
17.0,Note,Parte_3,0.25,56,
17.25,Note,Parte_1,0.25,68,
17.25,Note,Parte_3,0.25,53,
17.5,Note,Parte_1,0.25,62,
17.5,Note,Parte_3,0.25,58,
17.75,Note,Parte_1,0.25,70,
17.75,Note,Parte_3,0.25,50,
18.0,Note,Parte_1,0.5,63,
18.0,Rest,Parte_2,2.0,0,
18.0,Note,Parte_3,0.25,55,
18.0,Rest,Parte_4,2.0,0,
18.0,Rest,Parte_5,2.0,0,
18.25,Note,Parte_3,0.25,51,
18.5,Rest,Parte_1,0.5,0,
18.5,Note,Parte_3,0.25,50,
18.75,Note,Parte_3,0.25,51,
19.0,Chord,Parte_1,0.5,"[73, 85]",
19.0,Note,Parte_3,0.25,55,
19.25,Note,Parte_3,0.25,51,
19.5,Chord,Parte_1,0.5,"[72, 84]",
19.5,Note,Parte_3,0.25,56,
19.75,Note,Parte_3,0.25,51,
20.0,Chord,Parte_1,0.5,"[70, 82]",
20.0,Rest,Parte_2,2.0,0,
20.0,Note,Parte_3,0.25,58,
20.0,Rest,Parte_4,2.0,0,
20.0,Rest,Parte_5,2.0,0,
20.25,Note,Parte_3,0.25,51,
20.5,Chord,Parte_1,0.5,"[68, 80]",
20.5,Note,Parte_3,0.25,60,
20.75,Note,Parte_3,0.25,51,
21.0,Chord,Parte_1,0.5,"[67, 79]",
21.0,Note,Parte_3,0.25,61,
21.25,Note,Parte_3,0.25,51,
21.5,Chord,Parte_1,0.5,"[65, 77]",
21.5,Note,Parte_3,0.25,62,
21.75,Note,Parte_3,0.25,51,
22.0,Note,Parte_1,0.5,75,
22.0,Rest,Parte_2,2.0,0,
22.0,Note,Parte_3,0.25,63,
22.0,Rest,Parte_4,2.0,0,
22.0,Rest,Parte_5,2.0,0,
22.25,Note,Parte_3,0.25,51,
22.5,Chord,Parte_1,0.5,"[68, 72, 75]",
22.5,Note,Parte_3,0.25,63,
22.75,Note,Parte_3,0.25,51,
23.0,Chord,Parte_1,0.5,"[70, 73, 75]",
23.0,Note,Parte_3,0.25,63,
23.25,Note,Parte_3,0.25,51,
23.5,Chord,Parte_1,0.5,"[67, 70, 75]",
23.5,Note,Parte_3,0.25,63,
23.75,Note,Parte_3,0.25,51,
24.0,Chord,Parte_1,0.5,"[68, 72, 75]",
24.0,Rest,Parte_2,2.0,0,
24.0,Note,Parte_3,0.5,56,
24.0,Rest,Parte_4,2.0,0,
24.0,Rest,Parte_5,2.0,0,
24.5,Rest,Parte_1,0.5,0,
24.5,Note,Parte_3,0.5,44,
25.0,Note,Parte_1,0.25,60,
25.0,Note,Parte_3,0.5,58,
25.25,Note,Parte_1,0.25,72,
25.5,Note,Parte_1,0.25,64,
25.5,Note,Parte_3,0.5,55,
25.75,Note,Parte_1,0.25,72,
26.0,Note,Parte_1,0.25,67,
26.0,Rest,Parte_2,2.0,0,
26.0,Note,Parte_3,0.5,52,
26.0,Rest,Parte_4,2.0,0,
26.0,Rest,Parte_5,2.0,0,
26.25,Note,Parte_1,0.25,72,
26.5,Note,Parte_1,0.25,71,
26.5,Note,Parte_3,0.5,48,
26.75,Note,Parte_1,0.25,72,
27.0,Note,Parte_1,0.25,70,
27.0,Note,Parte_3,0.5,50,
27.25,Note,Parte_1,0.25,72,
27.5,Note,Parte_1,0.25,67,
27.5,Note,Parte_3,0.5,52,
27.75,Note,Parte_1,0.25,72,
28.0,Note,Parte_1,0.25,68,
28.0,Rest,Parte_2,2.0,0,
28.0,Note,Parte_3,0.5,53,
28.0,Rest,Parte_4,2.0,0,
28.0,Rest,Parte_5,2.0,0,
28.25,Note,Parte_1,0.25,72,
28.5,Note,Parte_1,0.25,65,
28.5,Note,Parte_3,0.5,56,
28.75,Note,Parte_1,0.25,72,
29.0,Note,Parte_1,0.5,80,
29.0,Note,Parte_3,0.25,46,
29.25,Note,Parte_3,0.25,58,
29.5,Note,Parte_1,0.5,77,
29.5,Note,Parte_3,0.25,50,
29.75,Note,Parte_3,0.25,58,
30.0,Note,Parte_1,0.5,74,
30.0,Rest,Parte_2,2.0,0,
30.0,Note,Parte_3,0.25,53,
30.0,Rest,Parte_4,2.0,0,
30.0,Rest,Parte_5,2.0,0,
30.25,Note,Parte_3,0.25,58,
30.5,Note,Parte_1,0.5,70,
30.5,Note,Parte_3,0.25,57,
30.75,Note,Parte_3,0.25,58,
31.0,Note,Parte_1,0.5,72,
31.0,Note,Parte_3,0.25,56,
31.25,Note,Parte_3,0.25,58,
31.5,Note,Parte_1,0.5,74,
31.5,Note,Parte_3,0.25,53,
31.75,Note,Parte_3,0.25,58,
32.0,Note,Parte_1,0.5,75,
32.0,Rest,Parte_2,2.0,0,
32.0,Note,Parte_3,0.25,55,
32.0,Rest,Parte_4,2.0,0,
32.0,Rest,Parte_5,2.0,0,
32.25,Note,Parte_3,0.25,58,
32.5,Note,Parte_1,0.5,79,
32.5,Note,Parte_3,0.25,51,
32.75,Note,Parte_3,0.25,58,
33.0,Note,Parte_1,0.25,63,
33.0,Note,Parte_3,0.5,61,
33.25,Note,Parte_1,0.25,75,
33.5,Note,Parte_1,0.25,67,
33.5,Note,Parte_3,0.5,58,
33.75,Note,Parte_1,0.25,75,
34.0,Note,Parte_1,0.25,70,
34.0,Rest,Parte_2,2.0,0,
34.0,Note,Parte_3,0.5,55,
34.0,Rest,Parte_4,2.0,0,
34.0,Rest,Parte_5,2.0,0,
34.25,Note,Parte_1,0.25,75,
34.5,Note,Parte_1,0.25,74,
34.5,Note,Parte_3,0.5,51,
34.75,Note,Parte_1,0.25,75,
35.0,Note,Parte_1,0.25,73,
35.0,Note,Parte_3,0.5,53,
35.25,Note,Parte_1,0.25,75,
35.5,Note,Parte_1,0.25,70,
35.5,Note,Parte_3,0.5,55,
35.75,Note,Parte_1,0.25,75,
36.0,Note,Parte_1,0.25,72,
36.0,Rest,Parte_2,2.0,0,
36.0,Note,Parte_3,0.5,56,
36.0,Rest,Parte_4,2.0,0,
36.0,Rest,Parte_5,2.0,0,
36.25,Note,Parte_1,0.25,75,
36.5,Chord,Parte_1,0.25,"[63, 72]",
36.5,Note,Parte_3,0.5,44,
36.75,Note,Parte_1,0.25,75,
37.0,Chord,Parte_1,0.25,"[67, 73]",
37.0,Note,Parte_3,0.5,46,
37.25,Note,Parte_1,0.25,75,
37.5,Chord,Parte_1,0.25,"[68, 72]",
37.5,Note,Parte_3,0.5,48,
37.75,Note,Parte_1,0.25,75,
38.0,Chord,Parte_1,0.25,"[65, 72]",
38.0,Rest,Parte_2,2.0,0,
38.0,Note,Parte_3,0.5,49,
38.0,Rest,Parte_4,2.0,0,
38.0,Rest,Parte_5,2.0,0,
38.25,Note,Parte_1,0.25,75,
38.5,Chord,Parte_1,0.25,"[65, 70]",
38.5,Note,Parte_3,0.5,46,
38.75,Note,Parte_1,0.25,73,
39.0,Chord,Parte_1,0.25,"[63, 68]",
39.0,Note,Parte_3,0.5,51,
39.25,Note,Parte_1,0.25,72,
39.5,Chord,Parte_1,0.25,"[61, 67]",
39.5,Note,Parte_3,0.5,39,
39.75,Note,Parte_1,0.25,70,
40.0,Chord,Parte_1,0.5,"[60, 68]",
40.0,Rest,Parte_2,2.0,0,
40.0,Note,Parte_3,0.5,44,
40.0,Rest,Parte_4,2.0,0,
40.0,Rest,Parte_5,2.0,0,
40.5,Rest,Parte_1,0.5,0,
40.5,Note,Parte_3,0.5,32,
41.0,Chord,Parte_1,0.5,"[70, 82]",
41.0,Note,Parte_3,0.25,48,
41.25,Note,Parte_3,0.25,60,
41.5,Chord,Parte_1,0.5,"[67, 79]",
41.5,Note,Parte_3,0.25,52,
41.75,Note,Parte_3,0.25,60,
42.0,Chord,Parte_1,0.5,"[64, 76]",
42.0,Rest,Parte_2,2.0,0,
42.0,Note,Parte_3,0.25,55,
42.0,Rest,Parte_4,2.0,0,
42.0,Rest,Parte_5,2.0,0,
42.25,Note,Parte_3,0.25,60,
42.5,Note,Parte_1,0.5,72,
42.5,Note,Parte_3,0.25,59,
42.75,Note,Parte_3,0.25,60,
43.0,Chord,Parte_1,0.5,"[62, 74]",
43.0,Note,Parte_3,0.25,58,
43.25,Note,Parte_3,0.25,60,
43.5,Chord,Parte_1,0.5,"[64, 76]",
43.5,Note,Parte_3,0.25,55,
43.75,Note,Parte_3,0.25,60,
44.0,Chord,Parte_1,0.5,"[65, 77]",
44.0,Rest,Parte_2,2.0,0,
44.0,Note,Parte_3,0.25,56,
44.0,Rest,Parte_4,2.0,0,
44.0,Rest,Parte_5,2.0,0,
44.25,Note,Parte_3,0.25,60,
44.5,Chord,Parte_1,0.5,"[68, 80]",
44.5,Note,Parte_3,0.25,53,
44.75,Note,Parte_3,0.25,60,
45.0,Note,Parte_1,0.25,70,
45.0,Note,Parte_3,0.5,68,
45.25,Note,Parte_1,0.25,82,
45.5,Note,Parte_1,0.25,74,
45.5,Note,Parte_3,0.5,65,
45.75,Note,Parte_1,0.25,82,
46.0,Note,Parte_1,0.25,77,
46.0,Rest,Parte_2,2.0,0,
46.0,Note,Parte_3,0.5,62,
46.0,Rest,Parte_4,2.0,0,
46.0,Rest,Parte_5,2.0,0,
46.25,Note,Parte_1,0.25,82,
46.5,Note,Parte_1,0.25,81,
46.5,Note,Parte_3,0.5,58,
46.75,Note,Parte_1,0.25,82,
47.0,Note,Parte_1,0.25,80,
47.0,Note,Parte_3,0.5,60,
47.25,Note,Parte_1,0.25,82,
47.5,Note,Parte_1,0.25,77,
47.5,Note,Parte_3,0.5,62,
47.75,Note,Parte_1,0.25,82,
48.0,Note,Parte_1,0.25,79,
48.0,Rest,Parte_2,2.0,0,
48.0,Note,Parte_3,0.5,63,
48.0,Rest,Parte_4,2.0,0,
48.0,Rest,Parte_5,2.0,0,
48.25,Note,Parte_1,0.25,82,
48.5,Note,Parte_1,0.25,75,
48.5,Note,Parte_3,0.5,67,
48.75,Note,Parte_1,0.25,82,
49.0,Chord,Parte_1,0.5,"[73, 85]",
49.0,Note,Parte_3,0.25,39,
49.25,Note,Parte_3,0.25,51,
49.5,Chord,Parte_1,0.5,"[70, 82]",
49.5,Note,Parte_3,0.25,43,
49.75,Note,Parte_3,0.25,51,
50.0,Chord,Parte_1,0.5,"[67, 79]",
50.0,Rest,Parte_2,2.0,0,
50.0,Note,Parte_3,0.25,46,
50.0,Rest,Parte_4,2.0,0,
50.0,Rest,Parte_5,2.0,0,
50.25,Note,Parte_3,0.25,51,
50.5,Chord,Parte_1,0.5,"[63, 75]",
50.5,Note,Parte_3,0.25,50,
50.75,Note,Parte_3,0.25,51,
51.0,Chord,Parte_1,0.5,"[65, 77]",
51.0,Note,Parte_3,0.25,49,
51.25,Note,Parte_3,0.25,51,
51.5,Chord,Parte_1,0.5,"[67, 79]",
51.5,Note,Parte_3,0.25,46,
51.75,Note,Parte_3,0.25,51,
52.0,Chord,Parte_1,0.5,"[68, 80]",
52.0,Rest,Parte_2,2.0,0,
52.0,Note,Parte_3,0.25,48,
52.0,Rest,Parte_4,2.0,0,
52.0,Rest,Parte_5,2.0,0,
52.25,Note,Parte_3,0.25,51,
52.5,Chord,Parte_1,0.25,"[75, 80, 84]",
52.5,Note,Parte_3,0.25,44,
52.75,Note,Parte_1,0.25,87,
52.75,Note,Parte_3,0.25,56,
53.0,Chord,Parte_1,0.25,"[75, 82, 85]",
53.0,Note,Parte_3,0.25,43,
53.25,Note,Parte_1,0.25,87,
53.25,Note,Parte_3,0.25,55,
53.5,Chord,Parte_1,0.25,"[75, 80, 84]",
53.5,Note,Parte_3,0.25,44,
53.75,Note,Parte_1,0.25,87,
53.75,Note,Parte_3,0.25,56,
54.0,Chord,Parte_1,0.25,"[75, 84]",
54.0,Rest,Parte_2,2.0,0,
54.0,Note,Parte_3,0.25,41,
54.0,Rest,Parte_4,2.0,0,
54.0,Rest,Parte_5,2.0,0,
54.25,Note,Parte_1,0.25,87,
54.25,Note,Parte_3,0.25,53,
54.5,Chord,Parte_1,0.25,"[73, 82]",
54.5,Note,Parte_3,0.25,37,
54.75,Note,Parte_1,0.25,85,
54.75,Note,Parte_3,0.25,49,
55.0,Chord,Parte_1,0.25,"[72, 80]",
55.0,Note,Parte_3,0.25,39,
55.25,Note,Parte_1,0.25,84,
55.25,Note,Parte_3,0.25,51,
55.5,Chord,Parte_1,0.25,"[70, 79]",
55.5,Note,Parte_3,0.25,39,
55.75,Note,Parte_1,0.25,82,
55.75,Note,Parte_3,0.25,51,
56.0,Chord,Parte_1,0.5,"[68, 80]",
56.0,Rest,Parte_2,2.0,0,
56.0,Note,Parte_3,0.5,32,
56.0,Rest,Parte_4,2.0,0,
56.0,Rest,Parte_5,2.0,0,
56.5,Rest,Parte_1,0.5,0,
56.5,Note,Parte_3,0.5,44,
57.0,Rest,Parte_1,1.0,0,
57.0,Note,Parte_3,0.25,60,
57.25,Note,Parte_3,0.25,56,
57.5,Note,Parte_3,0.25,61,
57.75,Note,Parte_3,0.25,53,
58.0,Rest,Parte_1,2.0,0,
58.0,Rest,Parte_2,2.0,0,
58.0,Note,Parte_3,0.25,58,
58.0,Rest,Parte_4,2.0,0,
58.0,Rest,Parte_5,2.0,0,
58.25,Note,Parte_3,0.25,55,
58.5,Note,Parte_3,0.25,60,
58.75,Note,Parte_3,0.25,52,
59.0,Note,Parte_3,0.25,56,
59.25,Note,Parte_3,0.25,53,
59.5,Note,Parte_3,0.25,58,
59.75,Note,Parte_3,0.25,50,
60.0,Rest,Parte_1,0.5,0,
60.0,Rest,Parte_2,2.0,0,
60.0,Chord,Parte_3,0.5,"[51, 55]",
60.0,Rest,Parte_4,2.0,0,
60.0,Rest,Parte_5,2.0,0,
60.5,Chord,Parte_1,0.5,"[67, 70, 75, 79]",
60.5,Rest,Parte_3,0.5,0,
61.0,Note,Parte_1,0.25,79,
61.0,Note,Parte_3,0.25,63,
61.25,Note,Parte_1,0.25,75,
61.25,Note,Parte_3,0.25,67,
61.5,Note,Parte_1,0.25,80,
61.5,Note,Parte_3,0.25,60,
61.75,Note,Parte_1,0.25,72,
61.75,Note,Parte_3,0.25,68,
62.0,Note,Parte_1,0.25,77,
62.0,Rest,Parte_2,2.0,0,
62.0,Note,Parte_3,0.25,62,
62.0,Rest,Parte_4,2.0,0,
62.0,Rest,Parte_5,2.0,0,
62.25,Note,Parte_1,0.25,74,
62.25,Note,Parte_3,0.25,65,
62.5,Note,Parte_1,0.25,79,
62.5,Note,Parte_3,0.25,59,
62.75,Note,Parte_1,0.25,71,
62.75,Note,Parte_3,0.25,67,
63.0,Note,Parte_1,0.25,75,
63.0,Note,Parte_3,0.25,60,
63.25,Note,Parte_1,0.25,72,
63.25,Note,Parte_3,0.25,63,
63.5,Note,Parte_1,0.25,77,
63.5,Note,Parte_3,0.25,57,
63.75,Note,Parte_1,0.25,69,
63.75,Note,Parte_3,0.25,65,
64.0,Note,Parte_1,0.5,74,
64.0,Rest,Parte_2,2.0,0,
64.0,Note,Parte_3,0.5,58,
64.0,Rest,Parte_4,2.0,0,
64.0,Rest,Parte_5,2.0,0,
64.5,Chord,Parte_1,0.5,"[70, 74, 77, 82]",
64.5,Chord,Parte_3,0.5,"[46, 58]",
65.0,Rest,Parte_1,0.5,0,
65.0,Note,Parte_3,0.25,56,
65.25,Note,Parte_3,0.25,58,
65.5,Chord,Parte_1,0.5,"[70, 82]",
65.5,Note,Parte_3,0.25,53,
65.75,Note,Parte_3,0.25,62,
66.0,Rest,Parte_1,0.5,0,
66.0,Rest,Parte_2,2.0,0,
66.0,Note,Parte_3,0.25,56,
66.0,Rest,Parte_4,2.0,0,
66.0,Rest,Parte_5,2.0,0,
66.25,Note,Parte_3,0.25,58,
66.5,Chord,Parte_1,0.5,"[74, 86]",
66.5,Note,Parte_3,0.25,53,
66.75,Note,Parte_3,0.25,62,
67.0,Rest,Parte_1,0.5,0,
67.0,Note,Parte_3,0.25,56,
67.25,Note,Parte_3,0.25,58,
67.5,Chord,Parte_1,0.5,"[77, 89]",
67.5,Note,Parte_3,0.25,53,
67.75,Note,Parte_3,0.25,62,
68.0,Chord,Parte_1,0.5,"[74, 86]",
68.0,Rest,Parte_2,2.0,0,
68.0,Note,Parte_3,0.25,56,
68.0,Rest,Parte_4,2.0,0,
68.0,Rest,Parte_5,2.0,0,
68.25,Note,Parte_3,0.25,58,
68.5,Chord,Parte_1,0.5,"[70, 82]",
68.5,Note,Parte_3,0.25,53,
68.75,Note,Parte_3,0.25,62,
69.0,Rest,Parte_1,0.5,0,
69.0,Note,Parte_3,0.25,56,
69.25,Note,Parte_3,0.25,58,
69.5,Chord,Parte_1,0.5,"[70, 82]",
69.5,Note,Parte_3,0.25,53,
69.75,Note,Parte_3,0.25,62,
70.0,Rest,Parte_1,0.5,0,
70.0,Rest,Parte_2,2.0,0,
70.0,Note,Parte_3,0.25,56,
70.0,Rest,Parte_4,2.0,0,
70.0,Rest,Parte_5,2.0,0,
70.25,Note,Parte_3,0.25,58,
70.5,Chord,Parte_1,0.5,"[74, 86]",
70.5,Note,Parte_3,0.25,53,
70.75,Note,Parte_3,0.25,62,
71.0,Rest,Parte_1,0.5,0,
71.0,Note,Parte_3,0.25,56,
71.25,Note,Parte_3,0.25,58,
71.5,Chord,Parte_1,0.5,"[77, 89]",
71.5,Note,Parte_3,0.25,53,
71.75,Note,Parte_3,0.25,62,
72.0,Chord,Parte_1,0.5,"[74, 86]",
72.0,Rest,Parte_2,2.0,0,
72.0,Note,Parte_3,0.25,56,
72.0,Rest,Parte_4,2.0,0,
72.0,Rest,Parte_5,2.0,0,
72.25,Note,Parte_3,0.25,58,
72.5,Chord,Parte_1,0.5,"[70, 82]",
72.5,Note,Parte_3,0.25,53,
72.75,Note,Parte_3,0.25,62,
73.0,Note,Parte_1,0.25,80,
73.0,Rest,Parte_3,0.5,0,
73.25,Note,Parte_1,0.25,77,
73.5,Note,Parte_1,0.25,82,
73.5,Chord,Parte_3,0.5,"[46, 58]",
73.75,Note,Parte_1,0.25,74,
74.0,Note,Parte_1,0.25,80,
74.0,Rest,Parte_2,2.0,0,
74.0,Rest,Parte_3,0.5,0,
74.0,Rest,Parte_4,2.0,0,
74.0,Rest,Parte_5,2.0,0,
74.25,Note,Parte_1,0.25,77,
74.5,Note,Parte_1,0.25,82,
74.5,Chord,Parte_3,0.5,"[50, 62]",
74.75,Note,Parte_1,0.25,74,
75.0,Note,Parte_1,0.25,80,
75.0,Rest,Parte_3,0.5,0,
75.25,Note,Parte_1,0.25,77,
75.5,Note,Parte_1,0.25,82,
75.5,Chord,Parte_3,0.5,"[53, 65]",
75.75,Note,Parte_1,0.25,74,
76.0,Note,Parte_1,0.25,80,
76.0,Rest,Parte_2,2.0,0,
76.0,Chord,Parte_3,0.5,"[50, 62]",
76.0,Rest,Parte_4,2.0,0,
76.0,Rest,Parte_5,2.0,0,
76.25,Note,Parte_1,0.25,77,
76.5,Note,Parte_1,0.25,82,
76.5,Chord,Parte_3,0.5,"[46, 58]",
76.75,Note,Parte_1,0.25,74,
77.0,Note,Parte_1,0.25,80,
77.0,Rest,Parte_3,0.5,0,
77.25,Note,Parte_1,0.25,77,
77.5,Note,Parte_1,0.25,82,
77.5,Chord,Parte_3,0.5,"[34, 46]",
77.75,Note,Parte_1,0.25,74,
78.0,Note,Parte_1,0.25,80,
78.0,Rest,Parte_2,2.0,0,
78.0,Rest,Parte_3,0.5,0,
78.0,Rest,Parte_4,2.0,0,
78.0,Rest,Parte_5,2.0,0,
78.25,Note,Parte_1,0.25,77,
78.5,Note,Parte_1,0.25,82,
78.5,Chord,Parte_3,0.5,"[38, 50]",
78.75,Note,Parte_1,0.25,74,
79.0,Note,Parte_1,0.25,80,
79.0,Rest,Parte_3,0.5,0,
79.25,Note,Parte_1,0.25,77,
79.5,Note,Parte_1,0.25,82,
79.5,Chord,Parte_3,0.5,"[41, 53]",
79.75,Note,Parte_1,0.25,74,
80.0,Note,Parte_1,0.25,80,
80.0,Rest,Parte_2,2.0,0,
80.0,Chord,Parte_3,0.5,"[38, 50]",
80.0,Rest,Parte_4,2.0,0,
80.0,Rest,Parte_5,2.0,0,
80.25,Note,Parte_1,0.25,77,
80.5,Note,Parte_1,0.25,82,
80.5,Chord,Parte_3,0.5,"[34, 46]",
80.75,Note,Parte_1,0.25,74,
81.0,Note,Parte_1,0.25,80,
81.0,Rest,Parte_3,0.5,0,
81.25,Note,Parte_1,0.25,77,
81.5,Note,Parte_1,0.25,82,
81.5,Chord,Parte_3,0.5,"[53, 65]",
81.75,Note,Parte_1,0.25,74,
82.0,Note,Parte_1,0.25,80,
82.0,Rest,Parte_2,2.0,0,
82.0,Chord,Parte_3,0.5,"[50, 62]",
82.0,Rest,Parte_4,2.0,0,
82.0,Rest,Parte_5,2.0,0,
82.25,Note,Parte_1,0.25,77,
82.5,Note,Parte_1,0.25,82,
82.5,Chord,Parte_3,0.5,"[46, 58]",
82.75,Note,Parte_1,0.25,74,
83.0,Note,Parte_1,0.25,80,
83.0,Rest,Parte_3,0.5,0,
83.25,Note,Parte_1,0.25,77,
83.5,Note,Parte_1,0.25,82,
83.5,Chord,Parte_3,0.5,"[34, 46]",
83.75,Note,Parte_1,0.25,74,
84.0,Note,Parte_1,0.5,79,
84.0,Rest,Parte_2,2.0,0,
84.0,Chord,Parte_3,0.5,"[39, 51]",
84.0,Rest,Parte_4,2.0,0,
84.0,Rest,Parte_5,2.0,0,
84.5,Note,Parte_1,0.25,75,
84.5,Chord,Parte_3,1.5,"[31, 43]",
84.75,Note,Parte_1,0.25,74,
85.0,Note,Parte_1,0.25,72,
85.25,Note,Parte_1,0.25,70,
85.5,Note,Parte_1,0.25,68,
85.75,Note,Parte_1,0.25,67,
86.0,Note,Parte_1,0.25,65,
86.0,Rest,Parte_2,2.0,0,
86.0,Rest,Parte_3,1.0,0,
86.0,Chord,Parte_4,1.0,"[32, 44]",
86.0,Rest,Parte_5,2.0,0,
86.25,Note,Parte_1,0.25,63,
86.5,Note,Parte_1,0.25,62,
86.75,Note,Parte_1,0.25,60,
87.0,Rest,Parte_1,1.0,0,
87.0,Note,Parte_3,0.25,58,
87.0,Chord,Parte_4,1.0,"[34, 46]",
87.25,Note,Parte_3,0.25,56,
87.5,Note,Parte_3,0.25,55,
87.75,Note,Parte_3,0.25,53,
88.0,Rest,Parte_1,0.5,0,
88.0,Rest,Parte_2,2.0,0,
88.0,Note,Parte_3,0.5,51,
88.0,Chord,Parte_4,0.5,"[36, 48]",
88.0,Rest,Parte_5,2.0,0,
88.5,Note,Parte_1,0.25,79,
88.5,Rest,Parte_3,1.5,0,
88.5,Chord,Parte_4,1.5,"[31, 43]",
88.75,Note,Parte_1,0.25,77,
89.0,Tuplet 3:2,Parte_1,"[['Note', 0.25, 75, None], ['Note', 0.25, 74, None], ['Note', 0.25, 72, None], ['Note', 0.25, 70, None], ['Note', 0.25, 68, None], ['Note', 0.25, 67, None]]"
90.0,Note,Parte_1,0.25,65,
90.0,Rest,Parte_2,2.0,0,
90.0,Rest,Parte_3,1.0,0,
90.0,Chord,Parte_4,1.0,"[32, 44]",
90.0,Rest,Parte_5,2.0,0,
90.25,Note,Parte_1,0.25,63,
90.5,Note,Parte_1,0.25,62,
90.75,Note,Parte_1,0.25,60,
91.0,Rest,Parte_1,1.0,0,
91.0,Note,Parte_3,0.25,58,
91.0,Chord,Parte_4,1.0,"[34, 46]",
91.25,Note,Parte_3,0.25,56,
91.5,Note,Parte_3,0.25,55,
91.75,Note,Parte_3,0.25,53,
92.0,Rest,Parte_1,0.5,0,
92.0,Rest,Parte_2,2.0,0,
92.0,Note,Parte_3,0.5,51,
92.0,Chord,Parte_4,0.5,"[36, 48]",
92.0,Rest,Parte_5,2.0,0,
92.5,Note,Parte_1,0.25,82,
92.5,Rest,Parte_3,1.5,0,
92.5,Chord,Parte_4,1.5,"[31, 43]",
92.75,Note,Parte_1,0.25,80,
93.0,Note,Parte_1,0.125,79,
93.125,Note,Parte_1,0.125,77,
93.25,Note,Parte_1,0.125,75,
93.375,Note,Parte_1,0.125,74,
93.5,Note,Parte_1,0.125,72,
93.625,Note,Parte_1,0.125,70,
93.75,Note,Parte_1,0.125,68,
93.875,Note,Parte_1,0.125,67,
94.0,Note,Parte_1,0.25,65,
94.0,Rest,Parte_2,2.0,0,
94.0,Rest,Parte_3,1.0,0,
94.0,Chord,Parte_4,1.0,"[32, 44]",
94.0,Rest,Parte_5,2.0,0,
94.25,Note,Parte_1,0.25,63,
94.5,Note,Parte_1,0.25,62,
94.75,Note,Parte_1,0.25,60,
95.0,Rest,Parte_1,1.0,0,
95.0,Note,Parte_3,0.25,58,
95.0,Chord,Parte_4,1.0,"[34, 46]",
95.25,Note,Parte_3,0.25,56,
95.5,Note,Parte_3,0.25,55,
95.75,Note,Parte_3,0.25,53,
96.0,Rest,Parte_1,0.5,0,
96.0,Rest,Parte_2,2.0,0,
96.0,Note,Parte_3,0.5,51,
96.0,Note,Parte_4,0.5,39,
96.0,Note,Parte_5,2.0,39,
96.5,Rest,Parte_1,0.5,0,
96.5,Rest,Parte_3,1.5,0,
96.5,Note,Parte_4,1.5,51,
97.0,Note,Parte_1,0.25,67,
97.25,Note,Parte_1,0.25,63,
97.5,Note,Parte_1,0.25,68,
97.75,Note,Parte_1,0.25,65,
98.0,Rest,Parte_1,1.0,0,
98.0,Rest,Parte_2,2.0,0,
98.0,Note,Parte_3,0.5,39,
98.0,Note,Parte_4,2.0,39,
98.0,Rest,Parte_5,2.0,0,
98.5,Note,Parte_3,1.5,51,
99.0,Note,Parte_1,0.25,70,
99.25,Note,Parte_1,0.25,67,
99.5,Note,Parte_1,0.25,72,
99.75,Note,Parte_1,0.25,68,
100.0,Rest,Parte_1,1.0,0,
100.0,Rest,Parte_2,2.0,0,
100.0,Note,Parte_3,0.5,39,
100.0,Note,Parte_4,2.0,39,start
100.0,Rest,Parte_5,2.0,0,
100.5,Note,Parte_3,1.5,51,
101.0,Note,Parte_1,0.25,73,
101.25,Note,Parte_1,0.25,70,
101.5,Note,Parte_1,0.25,74,
101.75,Note,Parte_1,0.25,71,
102.0,Note,Parte_1,0.25,75,
102.0,Rest,Parte_2,2.0,0,
102.0,Chord,Parte_3,2.0,"[39, 51]",continue
102.0,Rest,Parte_4,2.0,0,
102.0,Rest,Parte_5,2.0,0,
102.25,Note,Parte_1,0.25,72,
102.5,Note,Parte_1,0.25,74,
102.75,Note,Parte_1,0.25,71,
103.0,Note,Parte_1,0.25,75,
103.25,Note,Parte_1,0.25,72,
103.5,Note,Parte_1,0.25,74,
103.75,Note,Parte_1,0.25,71,
104.0,Note,Parte_1,0.25,75,
104.0,Rest,Parte_2,2.0,0,
104.0,Chord,Parte_3,2.0,"[39, 51]",continue
104.0,Rest,Parte_4,2.0,0,
104.0,Rest,Parte_5,2.0,0,
104.25,Note,Parte_1,0.25,72,
104.5,Note,Parte_1,0.25,74,
104.75,Note,Parte_1,0.25,71,
105.0,Note,Parte_1,0.25,75,
105.25,Note,Parte_1,0.25,72,
105.5,Note,Parte_1,0.25,77,
105.75,Note,Parte_1,0.25,69,
106.0,Note,Parte_1,0.25,73,
106.0,Rest,Parte_2,2.0,0,
106.0,Chord,Parte_3,2.0,"[39, 51]",continue
106.0,Rest,Parte_4,2.0,0,
106.0,Rest,Parte_5,2.0,0,
106.25,Note,Parte_1,0.25,70,
106.5,Note,Parte_1,0.25,75,
106.75,Note,Parte_1,0.25,67,
107.0,Note,Parte_1,0.25,72,
107.25,Note,Parte_1,0.25,68,
107.5,Note,Parte_1,0.25,73,
107.75,Note,Parte_1,0.25,65,
108.0,Note,Parte_1,0.25,70,
108.0,Rest,Parte_2,2.0,0,
108.0,Chord,Parte_3,2.0,"[39, 51]",stop
108.0,Rest,Parte_4,2.0,0,
108.0,Rest,Parte_5,2.0,0,
108.25,Note,Parte_1,0.25,67,
108.5,Note,Parte_1,0.25,72,
108.75,Note,Parte_1,0.25,64,
109.0,Note,Parte_1,0.25,68,
109.25,Note,Parte_1,0.25,65,
109.5,Note,Parte_1,0.25,70,
109.75,Note,Parte_1,0.25,62,
110.0,Note,Parte_1,0.25,67,
110.0,Rest,Parte_2,2.0,0,
110.0,Rest,Parte_3,1.0,0,
110.0,Note,Parte_4,2.0,51,start
110.0,Rest,Parte_5,2.0,0,
110.25,Note,Parte_1,0.25,63,
110.5,Note,Parte_1,0.25,62,
110.75,Note,Parte_1,0.25,63,
111.0,Note,Parte_1,0.25,67,
111.0,Note,Parte_3,0.5,61,
111.25,Note,Parte_1,0.25,63,
111.5,Note,Parte_1,0.25,68,
111.5,Note,Parte_3,0.5,60,
111.75,Note,Parte_1,0.25,63,
112.0,Note,Parte_1,0.25,70,
112.0,Rest,Parte_2,2.0,0,
112.0,Note,Parte_3,0.5,58,
112.0,Note,Parte_4,2.0,51,stop
112.0,Rest,Parte_5,2.0,0,
112.25,Note,Parte_1,0.25,63,
112.5,Note,Parte_1,0.25,72,
112.5,Note,Parte_3,0.5,56,
112.75,Note,Parte_1,0.25,63,
113.0,Note,Parte_1,0.25,73,
113.0,Note,Parte_3,0.5,55,
113.25,Note,Parte_1,0.25,63,
113.5,Note,Parte_1,0.25,74,
113.5,Note,Parte_3,0.5,53,
113.75,Note,Parte_1,0.25,63,
114.0,Note,Parte_1,0.25,75,
114.0,Rest,Parte_2,2.0,0,
114.0,Note,Parte_3,0.5,51,
114.0,Rest,Parte_4,2.0,0,
114.0,Rest,Parte_5,2.0,0,
114.25,Note,Parte_1,0.25,63,
114.5,Chord,Parte_1,0.25,"[67, 75]",
114.5,Note,Parte_3,0.5,49,
114.75,Note,Parte_1,0.25,63,
115.0,Chord,Parte_1,0.25,"[68, 75]",
115.0,Note,Parte_3,0.5,48,
115.25,Note,Parte_1,0.25,63,
115.5,Chord,Parte_1,0.25,"[68, 72, 75]",
115.5,Note,Parte_3,0.5,44,
115.75,Note,Parte_1,0.25,63,
116.0,Chord,Parte_1,0.25,"[67, 70, 75]",
116.0,Rest,Parte_2,2.0,0,
116.0,Note,Parte_3,0.5,51,
116.0,Rest,Parte_4,2.0,0,
116.0,Rest,Parte_5,2.0,0,
116.25,Note,Parte_1,0.25,63,
116.5,Chord,Parte_1,0.25,"[67, 70, 75]",
116.5,Note,Parte_3,0.5,39,
116.75,Note,Parte_1,0.25,63,
117.0,Note,Parte_1,0.25,72,
117.0,Note,Parte_3,0.25,63,
117.25,Note,Parte_1,0.25,75,
117.25,Note,Parte_3,0.25,60,
117.5,Note,Parte_1,0.25,69,
117.5,Note,Parte_3,0.25,65,
117.75,Note,Parte_1,0.25,77,
117.75,Note,Parte_3,0.25,57,
118.0,Note,Parte_1,0.25,70,
118.0,Rest,Parte_2,2.0,0,
118.0,Note,Parte_3,0.25,61,
118.0,Rest,Parte_4,2.0,0,
118.0,Rest,Parte_5,2.0,0,
118.25,Note,Parte_1,0.25,73,
118.25,Note,Parte_3,0.25,58,
118.5,Note,Parte_1,0.25,67,
118.5,Note,Parte_3,0.25,63,
118.75,Note,Parte_1,0.25,75,
118.75,Note,Parte_3,0.25,55,
119.0,Note,Parte_1,0.25,68,
119.0,Note,Parte_3,0.25,60,
119.25,Note,Parte_1,0.25,72,
119.25,Note,Parte_3,0.25,56,
119.5,Note,Parte_1,0.25,65,
119.5,Note,Parte_3,0.25,61,
119.75,Note,Parte_1,0.25,73,
119.75,Note,Parte_3,0.25,53,
120.0,Note,Parte_1,0.25,67,
120.0,Rest,Parte_2,2.0,0,
120.0,Note,Parte_3,0.25,58,
120.0,Rest,Parte_4,2.0,0,
120.0,Rest,Parte_5,2.0,0,
120.25,Note,Parte_1,0.25,70,
120.25,Note,Parte_3,0.25,55,
120.5,Note,Parte_1,0.25,64,
120.5,Note,Parte_3,0.25,60,
120.75,Note,Parte_1,0.25,72,
120.75,Note,Parte_3,0.25,52,
121.0,Note,Parte_1,0.25,65,
121.0,Note,Parte_3,0.25,56,
121.25,Note,Parte_1,0.25,68,
121.25,Note,Parte_3,0.25,53,
121.5,Note,Parte_1,0.25,62,
121.5,Note,Parte_3,0.25,58,
121.75,Note,Parte_1,0.25,70,
121.75,Note,Parte_3,0.25,50,
122.0,Note,Parte_1,0.5,63,
122.0,Rest,Parte_2,2.0,0,
122.0,Note,Parte_3,0.25,55,
122.0,Rest,Parte_4,2.0,0,
122.0,Rest,Parte_5,2.0,0,
122.25,Note,Parte_3,0.25,51,
122.5,Rest,Parte_1,0.5,0,
122.5,Note,Parte_3,0.25,50,
122.75,Note,Parte_3,0.25,51,
123.0,Chord,Parte_1,0.5,"[73, 85]",
123.0,Note,Parte_3,0.25,55,
123.25,Note,Parte_3,0.25,51,
123.5,Chord,Parte_1,0.5,"[72, 84]",
123.5,Note,Parte_3,0.25,56,
123.75,Note,Parte_3,0.25,51,
124.0,Chord,Parte_1,0.5,"[70, 82]",
124.0,Rest,Parte_2,2.0,0,
124.0,Note,Parte_3,0.25,58,
124.0,Rest,Parte_4,2.0,0,
124.0,Rest,Parte_5,2.0,0,
124.25,Note,Parte_3,0.25,51,
124.5,Chord,Parte_1,0.5,"[68, 80]",
124.5,Note,Parte_3,0.25,60,
124.75,Note,Parte_3,0.25,51,
125.0,Chord,Parte_1,0.5,"[67, 79]",
125.0,Note,Parte_3,0.25,61,
125.25,Note,Parte_3,0.25,51,
125.5,Chord,Parte_1,0.5,"[65, 77]",
125.5,Note,Parte_3,0.25,62,
125.75,Note,Parte_3,0.25,51,
126.0,Note,Parte_1,0.5,75,
126.0,Rest,Parte_2,2.0,0,
126.0,Note,Parte_3,0.25,63,
126.0,Rest,Parte_4,2.0,0,
126.0,Rest,Parte_5,2.0,0,
126.25,Note,Parte_3,0.25,51,
126.5,Chord,Parte_1,0.5,"[68, 72, 75]",
126.5,Note,Parte_3,0.25,63,
126.75,Note,Parte_3,0.25,51,
127.0,Chord,Parte_1,0.5,"[70, 73, 75]",
127.0,Note,Parte_3,0.25,63,
127.25,Note,Parte_3,0.25,51,
127.5,Chord,Parte_1,0.5,"[67, 70, 75]",
127.5,Note,Parte_3,0.25,63,
127.75,Note,Parte_3,0.25,51,
128.0,Chord,Parte_1,0.5,"[68, 72, 75]",
128.0,Rest,Parte_2,2.0,0,
128.0,Note,Parte_3,0.5,56,
128.0,Rest,Parte_4,2.0,0,
128.0,Rest,Parte_5,2.0,0,
128.5,Rest,Parte_1,0.5,0,
128.5,Note,Parte_3,0.5,44,
129.0,Note,Parte_1,0.25,60,
129.0,Note,Parte_3,0.5,58,
129.25,Note,Parte_1,0.25,72,
129.5,Note,Parte_1,0.25,64,
129.5,Note,Parte_3,0.5,55,
129.75,Note,Parte_1,0.25,72,
130.0,Note,Parte_1,0.25,67,
130.0,Rest,Parte_2,2.0,0,
130.0,Note,Parte_3,0.5,52,
130.0,Rest,Parte_4,2.0,0,
130.0,Rest,Parte_5,2.0,0,
130.25,Note,Parte_1,0.25,72,
130.5,Note,Parte_1,0.25,71,
130.5,Note,Parte_3,0.5,48,
130.75,Note,Parte_1,0.25,72,
131.0,Note,Parte_1,0.25,70,
131.0,Note,Parte_3,0.5,50,
131.25,Note,Parte_1,0.25,72,
131.5,Note,Parte_1,0.25,67,
131.5,Note,Parte_3,0.5,52,
131.75,Note,Parte_1,0.25,72,
132.0,Note,Parte_1,0.25,68,
132.0,Rest,Parte_2,2.0,0,
132.0,Note,Parte_3,0.5,53,
132.0,Rest,Parte_4,2.0,0,
132.0,Rest,Parte_5,2.0,0,
132.25,Note,Parte_1,0.25,72,
132.5,Note,Parte_1,0.25,65,
132.5,Note,Parte_3,0.5,56,
132.75,Note,Parte_1,0.25,72,
133.0,Note,Parte_1,0.5,80,
133.0,Note,Parte_3,0.25,46,
133.25,Note,Parte_3,0.25,58,
133.5,Note,Parte_1,0.5,77,
133.5,Note,Parte_3,0.25,50,
133.75,Note,Parte_3,0.25,58,
134.0,Note,Parte_1,0.5,74,
134.0,Rest,Parte_2,2.0,0,
134.0,Note,Parte_3,0.25,53,
134.0,Rest,Parte_4,2.0,0,
134.0,Rest,Parte_5,2.0,0,
134.25,Note,Parte_3,0.25,58,
134.5,Note,Parte_1,0.5,70,
134.5,Note,Parte_3,0.25,57,
134.75,Note,Parte_3,0.25,58,
135.0,Note,Parte_1,0.5,72,
135.0,Note,Parte_3,0.25,56,
135.25,Note,Parte_3,0.25,58,
135.5,Note,Parte_1,0.5,74,
135.5,Note,Parte_3,0.25,53,
135.75,Note,Parte_3,0.25,58,
136.0,Note,Parte_1,0.5,75,
136.0,Rest,Parte_2,2.0,0,
136.0,Note,Parte_3,0.25,55,
136.0,Rest,Parte_4,2.0,0,
136.0,Rest,Parte_5,2.0,0,
136.25,Note,Parte_3,0.25,58,
136.5,Note,Parte_1,0.5,79,
136.5,Note,Parte_3,0.25,51,
136.75,Note,Parte_3,0.25,58,
137.0,Note,Parte_1,0.25,63,
137.0,Note,Parte_3,0.5,61,
137.25,Note,Parte_1,0.25,75,
137.5,Note,Parte_1,0.25,67,
137.5,Note,Parte_3,0.5,58,
137.75,Note,Parte_1,0.25,75,
138.0,Note,Parte_1,0.25,70,
138.0,Rest,Parte_2,2.0,0,
138.0,Note,Parte_3,0.5,55,
138.0,Rest,Parte_4,2.0,0,
138.0,Rest,Parte_5,2.0,0,
138.25,Note,Parte_1,0.25,75,
138.5,Note,Parte_1,0.25,74,
138.5,Note,Parte_3,0.5,51,
138.75,Note,Parte_1,0.25,75,
139.0,Note,Parte_1,0.25,73,
139.0,Note,Parte_3,0.5,53,
139.25,Note,Parte_1,0.25,75,
139.5,Note,Parte_1,0.25,70,
139.5,Note,Parte_3,0.5,55,
139.75,Note,Parte_1,0.25,75,
140.0,Note,Parte_1,0.25,72,
140.0,Rest,Parte_2,2.0,0,
140.0,Note,Parte_3,0.5,56,
140.0,Rest,Parte_4,2.0,0,
140.0,Rest,Parte_5,2.0,0,
140.25,Note,Parte_1,0.25,75,
140.5,Chord,Parte_1,0.25,"[63, 72]",
140.5,Note,Parte_3,0.5,44,
140.75,Note,Parte_1,0.25,75,
141.0,Chord,Parte_1,0.25,"[67, 73]",
141.0,Note,Parte_3,0.5,46,
141.25,Note,Parte_1,0.25,75,
141.5,Chord,Parte_1,0.25,"[68, 72]",
141.5,Note,Parte_3,0.5,48,
141.75,Note,Parte_1,0.25,75,
142.0,Chord,Parte_1,0.25,"[65, 72]",
142.0,Rest,Parte_2,2.0,0,
142.0,Note,Parte_3,0.5,49,
142.0,Rest,Parte_4,2.0,0,
142.0,Rest,Parte_5,2.0,0,
142.25,Note,Parte_1,0.25,75,
142.5,Chord,Parte_1,0.25,"[65, 70]",
142.5,Note,Parte_3,0.5,46,
142.75,Note,Parte_1,0.25,73,
143.0,Chord,Parte_1,0.25,"[63, 68]",
143.0,Note,Parte_3,0.5,51,
143.25,Note,Parte_1,0.25,72,
143.5,Chord,Parte_1,0.25,"[61, 67]",
143.5,Note,Parte_3,0.5,39,
143.75,Note,Parte_1,0.25,70,
144.0,Chord,Parte_1,0.5,"[60, 68]",
144.0,Rest,Parte_2,2.0,0,
144.0,Note,Parte_3,0.5,44,
144.0,Rest,Parte_4,2.0,0,
144.0,Rest,Parte_5,2.0,0,
144.5,Rest,Parte_1,0.5,0,
144.5,Note,Parte_3,0.5,32,
145.0,Chord,Parte_1,0.5,"[70, 82]",
145.0,Note,Parte_3,0.25,48,
145.25,Note,Parte_3,0.25,60,
145.5,Chord,Parte_1,0.5,"[67, 79]",
145.5,Note,Parte_3,0.25,52,
145.75,Note,Parte_3,0.25,60,
146.0,Chord,Parte_1,0.5,"[64, 76]",
146.0,Rest,Parte_2,2.0,0,
146.0,Note,Parte_3,0.25,55,
146.0,Rest,Parte_4,2.0,0,
146.0,Rest,Parte_5,2.0,0,
146.25,Note,Parte_3,0.25,60,
146.5,Note,Parte_1,0.5,72,
146.5,Note,Parte_3,0.25,59,
146.75,Note,Parte_3,0.25,60,
147.0,Chord,Parte_1,0.5,"[62, 74]",
147.0,Note,Parte_3,0.25,58,
147.25,Note,Parte_3,0.25,60,
147.5,Chord,Parte_1,0.5,"[64, 76]",
147.5,Note,Parte_3,0.25,55,
147.75,Note,Parte_3,0.25,60,
148.0,Chord,Parte_1,0.5,"[65, 77]",
148.0,Rest,Parte_2,2.0,0,
148.0,Note,Parte_3,0.25,56,
148.0,Rest,Parte_4,2.0,0,
148.0,Rest,Parte_5,2.0,0,
148.25,Note,Parte_3,0.25,60,
148.5,Chord,Parte_1,0.5,"[68, 80]",
148.5,Note,Parte_3,0.25,53,
148.75,Note,Parte_3,0.25,60,
149.0,Note,Parte_1,0.25,70,
149.0,Note,Parte_3,0.5,68,
149.25,Note,Parte_1,0.25,82,
149.5,Note,Parte_1,0.25,74,
149.5,Note,Parte_3,0.5,65,
149.75,Note,Parte_1,0.25,82,
150.0,Note,Parte_1,0.25,77,
150.0,Rest,Parte_2,2.0,0,
150.0,Note,Parte_3,0.5,62,
150.0,Rest,Parte_4,2.0,0,
150.0,Rest,Parte_5,2.0,0,
150.25,Note,Parte_1,0.25,82,
150.5,Note,Parte_1,0.25,81,
150.5,Note,Parte_3,0.5,58,
150.75,Note,Parte_1,0.25,82,
151.0,Note,Parte_1,0.25,80,
151.0,Note,Parte_3,0.5,60,
151.25,Note,Parte_1,0.25,82,
151.5,Note,Parte_1,0.25,77,
151.5,Note,Parte_3,0.5,62,
151.75,Note,Parte_1,0.25,82,
152.0,Note,Parte_1,0.25,79,
152.0,Rest,Parte_2,2.0,0,
152.0,Note,Parte_3,0.5,63,
152.0,Rest,Parte_4,2.0,0,
152.0,Rest,Parte_5,2.0,0,
152.25,Note,Parte_1,0.25,82,
152.5,Note,Parte_1,0.25,75,
152.5,Note,Parte_3,0.5,67,
152.75,Note,Parte_1,0.25,82,
153.0,Chord,Parte_1,0.5,"[73, 85]",
153.0,Note,Parte_3,0.25,39,
153.25,Note,Parte_3,0.25,51,
153.5,Chord,Parte_1,0.5,"[70, 82]",
153.5,Note,Parte_3,0.25,43,
153.75,Note,Parte_3,0.25,51,
154.0,Chord,Parte_1,0.5,"[67, 79]",
154.0,Rest,Parte_2,2.0,0,
154.0,Note,Parte_3,0.25,46,
154.0,Rest,Parte_4,2.0,0,
154.0,Rest,Parte_5,2.0,0,
154.25,Note,Parte_3,0.25,51,
154.5,Chord,Parte_1,0.5,"[63, 75]",
154.5,Note,Parte_3,0.25,50,
154.75,Note,Parte_3,0.25,51,
155.0,Chord,Parte_1,0.5,"[65, 77]",
155.0,Note,Parte_3,0.25,49,
155.25,Note,Parte_3,0.25,51,
155.5,Chord,Parte_1,0.5,"[67, 79]",
155.5,Note,Parte_3,0.25,46,
155.75,Note,Parte_3,0.25,51,
156.0,Chord,Parte_1,0.5,"[68, 80]",
156.0,Rest,Parte_2,2.0,0,
156.0,Note,Parte_3,0.25,48,
156.0,Rest,Parte_4,2.0,0,
156.0,Rest,Parte_5,2.0,0,
156.25,Note,Parte_3,0.25,51,
156.5,Chord,Parte_1,0.25,"[75, 80, 84]",
156.5,Note,Parte_3,0.25,44,
156.75,Note,Parte_1,0.25,87,
156.75,Note,Parte_3,0.25,56,
157.0,Chord,Parte_1,0.25,"[75, 82, 85]",
157.0,Note,Parte_3,0.25,43,
157.25,Note,Parte_1,0.25,87,
157.25,Note,Parte_3,0.25,55,
157.5,Chord,Parte_1,0.25,"[75, 80, 84]",
157.5,Note,Parte_3,0.25,44,
157.75,Note,Parte_1,0.25,87,
157.75,Note,Parte_3,0.25,56,
158.0,Chord,Parte_1,0.25,"[75, 84]",
158.0,Rest,Parte_2,2.0,0,
158.0,Note,Parte_3,0.25,41,
158.0,Rest,Parte_4,2.0,0,
158.0,Rest,Parte_5,2.0,0,
158.25,Note,Parte_1,0.25,87,
158.25,Note,Parte_3,0.25,53,
158.5,Chord,Parte_1,0.25,"[73, 82]",
158.5,Note,Parte_3,0.25,37,
158.75,Note,Parte_1,0.25,85,
158.75,Note,Parte_3,0.25,49,
159.0,Chord,Parte_1,0.25,"[72, 80]",
159.0,Note,Parte_3,0.25,39,
159.25,Note,Parte_1,0.25,84,
159.25,Note,Parte_3,0.25,51,
159.5,Chord,Parte_1,0.25,"[70, 79]",
159.5,Note,Parte_3,0.25,39,
159.75,Note,Parte_1,0.25,82,
159.75,Note,Parte_3,0.25,51,
160.0,Tempo,132.0
160.0,Chord,Parte_1,0.5,"[68, 80]",
160.0,Rest,Parte_2,2.0,0,
160.0,Note,Parte_3,0.5,32,
160.0,Rest,Parte_4,2.0,0,
160.0,Rest,Parte_5,2.0,0,
160.5,Rest,Parte_1,0.5,0,
160.5,Note,Parte_3,0.5,44,
161.0,Note,Parte_1,0.25,60,
161.0,Note,Parte_3,0.25,36,
161.25,Note,Parte_1,0.25,55,
161.25,Note,Parte_3,0.25,43,
161.5,Note,Parte_1,0.25,60,
161.5,Note,Parte_3,0.25,36,
161.75,Note,Parte_1,0.25,55,
161.75,Note,Parte_3,0.25,43,
162.0,Note,Parte_1,0.25,60,
162.0,Rest,Parte_2,2.0,0,
162.0,Note,Parte_3,0.25,36,
162.0,Rest,Parte_4,2.0,0,
162.0,Rest,Parte_5,2.0,0,
162.25,Note,Parte_1,0.25,55,
162.25,Note,Parte_3,0.25,43,
162.5,Note,Parte_1,0.25,62,
162.5,Note,Parte_3,0.25,36,
162.75,Note,Parte_1,0.25,59,
162.75,Note,Parte_3,0.25,43,
163.0,Note,Parte_1,0.25,63,
163.0,Note,Parte_3,0.25,36,
163.25,Note,Parte_1,0.25,60,
163.25,Note,Parte_3,0.25,43,
163.5,Note,Parte_1,0.25,65,
163.5,Note,Parte_3,0.25,36,
163.75,Note,Parte_1,0.25,62,
163.75,Note,Parte_3,0.25,43,
164.0,Note,Parte_1,0.25,67,
164.0,Rest,Parte_2,2.0,0,
164.0,Note,Parte_3,0.25,36,
164.0,Rest,Parte_4,2.0,0,
164.0,Rest,Parte_5,2.0,0,
164.25,Note,Parte_1,0.25,63,
164.25,Note,Parte_3,0.25,43,
164.5,Note,Parte_1,0.25,71,
164.5,Note,Parte_3,0.25,36,
164.75,Note,Parte_1,0.25,67,
164.75,Note,Parte_3,0.25,43,
165.0,Note,Parte_1,0.25,72,
165.0,Note,Parte_3,0.25,36,
165.25,Note,Parte_1,0.25,69,
165.25,Note,Parte_3,0.25,43,
165.5,Note,Parte_1,0.25,74,
165.5,Note,Parte_3,0.25,36,
165.75,Note,Parte_1,0.25,71,
165.75,Note,Parte_3,0.25,43,
166.0,Tempo,120.0
166.0,Note,Parte_1,0.25,75,
166.0,Rest,Parte_2,2.0,0,
166.0,Note,Parte_3,0.25,36,
166.0,Rest,Parte_4,2.0,0,
166.0,Rest,Parte_5,2.0,0,
166.25,Note,Parte_1,0.25,72,
166.25,Note,Parte_3,0.25,43,
166.5,Note,Parte_1,0.25,77,
166.5,Note,Parte_3,0.25,36,
166.75,Note,Parte_1,0.25,74,
166.75,Note,Parte_3,0.25,43,
167.0,Chord,Parte_1,0.5,"[75, 79]",
167.0,Note,Parte_3,0.25,36,
167.25,Note,Parte_3,0.25,43,
167.5,Chord,Parte_1,0.5,"[71, 74, 83]",
167.5,Note,Parte_3,0.25,31,
167.75,Note,Parte_3,0.25,43,
168.0,Tempo,132.0
168.0,Chord,Parte_1,0.5,"[72, 75, 84]",
168.0,Rest,Parte_2,2.0,0,
168.0,Note,Parte_3,0.25,36,
168.0,Rest,Parte_4,2.0,0,
168.0,Rest,Parte_5,2.0,0,
168.25,Note,Parte_3,0.25,43,
168.5,Rest,Parte_1,0.5,0,
168.5,Note,Parte_3,0.25,36,
168.75,Note,Parte_3,0.25,43,
169.0,Note,Parte_1,0.25,60,
169.0,Note,Parte_3,0.25,36,
169.25,Note,Parte_1,0.25,55,
169.25,Note,Parte_3,0.25,43,
169.5,Note,Parte_1,0.25,60,
169.5,Note,Parte_3,0.25,36,
169.75,Note,Parte_1,0.25,55,
169.75,Note,Parte_3,0.25,43,
170.0,Note,Parte_1,0.25,60,
170.0,Rest,Parte_2,2.0,0,
170.0,Note,Parte_3,0.25,36,
170.0,Rest,Parte_4,2.0,0,
170.0,Rest,Parte_5,2.0,0,
170.25,Note,Parte_1,0.25,55,
170.25,Note,Parte_3,0.25,43,
170.5,Note,Parte_1,0.25,62,
170.5,Note,Parte_3,0.25,36,
170.75,Note,Parte_1,0.25,59,
170.75,Note,Parte_3,0.25,43,
171.0,Note,Parte_1,0.25,63,
171.0,Note,Parte_3,0.25,36,
171.25,Note,Parte_1,0.25,60,
171.25,Note,Parte_3,0.25,43,
171.5,Note,Parte_1,0.25,65,
171.5,Note,Parte_3,0.25,36,
171.75,Note,Parte_1,0.25,62,
171.75,Note,Parte_3,0.25,43,
172.0,Note,Parte_1,0.25,67,
172.0,Rest,Parte_2,2.0,0,
172.0,Note,Parte_3,0.25,36,
172.0,Rest,Parte_4,2.0,0,
172.0,Rest,Parte_5,2.0,0,
172.25,Note,Parte_1,0.25,63,
172.25,Note,Parte_3,0.25,43,
172.5,Note,Parte_1,0.25,71,
172.5,Note,Parte_3,0.25,36,
172.75,Note,Parte_1,0.25,67,
172.75,Note,Parte_3,0.25,43,
173.0,Note,Parte_1,0.25,72,
173.0,Note,Parte_3,0.25,36,
173.25,Note,Parte_1,0.25,69,
173.25,Note,Parte_3,0.25,43,
173.5,Note,Parte_1,0.25,74,
173.5,Note,Parte_3,0.25,36,
173.75,Note,Parte_1,0.25,71,
173.75,Note,Parte_3,0.25,43,
174.0,Tempo,120.0
174.0,Note,Parte_1,0.25,75,
174.0,Rest,Parte_2,2.0,0,
174.0,Note,Parte_3,0.25,36,
174.0,Rest,Parte_4,2.0,0,
174.0,Rest,Parte_5,2.0,0,
174.25,Note,Parte_1,0.25,72,
174.25,Note,Parte_3,0.25,43,
174.5,Note,Parte_1,0.25,75,
174.5,Note,Parte_3,0.25,36,
174.75,Note,Parte_1,0.25,72,
174.75,Note,Parte_3,0.25,43,
175.0,Chord,Parte_1,0.5,"[70, 74]",
175.0,Note,Parte_3,0.25,38,
175.25,Note,Parte_3,0.25,43,
175.5,Chord,Parte_1,0.5,"[66, 69, 78]",
175.5,Note,Parte_3,0.25,38,
175.75,Note,Parte_3,0.25,50,
176.0,Tempo,132.0
176.0,Chord,Parte_1,0.5,"[67, 70, 79]",
176.0,Rest,Parte_2,2.0,0,
176.0,Note,Parte_3,0.25,31,
176.0,Rest,Parte_4,2.0,0,
176.0,Rest,Parte_5,2.0,0,
176.25,Note,Parte_3,0.25,43,
176.5,Rest,Parte_1,0.5,0,
176.5,Note,Parte_3,0.25,31,
176.75,Note,Parte_3,0.25,43,
177.0,Note,Parte_1,0.25,60,
177.0,Note,Parte_3,0.25,36,
177.25,Note,Parte_1,0.25,55,
177.25,Note,Parte_3,0.25,43,
177.5,Note,Parte_1,0.25,60,
177.5,Note,Parte_3,0.25,36,
177.75,Note,Parte_1,0.25,55,
177.75,Note,Parte_3,0.25,43,
178.0,Chord,Parte_1,0.5,"[67, 70, 79]",
178.0,Rest,Parte_2,2.0,0,
178.0,Note,Parte_3,0.25,31,
178.0,Rest,Parte_4,2.0,0,
178.0,Rest,Parte_5,2.0,0,
178.25,Note,Parte_3,0.25,43,
178.5,Rest,Parte_1,0.5,0,
178.5,Note,Parte_3,0.25,31,
178.75,Note,Parte_3,0.25,43,
179.0,Note,Parte_1,0.25,70,
179.0,Note,Parte_3,0.25,43,
179.25,Note,Parte_1,0.25,67,
179.25,Note,Parte_3,0.25,50,
179.5,Note,Parte_1,0.25,70,
179.5,Note,Parte_3,0.25,43,
179.75,Note,Parte_1,0.25,67,
179.75,Note,Parte_3,0.25,50,
180.0,Tempo,122.0
180.0,Note,Parte_1,0.25,70,
180.0,Rest,Parte_2,2.0,0,
180.0,Note,Parte_3,0.25,43,
180.0,Rest,Parte_4,2.0,0,
180.0,Rest,Parte_5,2.0,0,
180.25,Note,Parte_1,0.25,67,
180.25,Note,Parte_3,0.25,50,
180.5,Note,Parte_1,0.25,72,
180.5,Note,Parte_3,0.25,43,
180.75,Note,Parte_1,0.25,69,
180.75,Note,Parte_3,0.25,50,
181.0,Tempo,132.0
181.0,Note,Parte_1,0.25,74,
181.0,Note,Parte_3,0.25,43,
181.25,Note,Parte_1,0.25,70,
181.25,Note,Parte_3,0.25,50,
181.5,Chord,Parte_1,0.5,"[66, 69, 78]",
181.5,Note,Parte_3,0.25,38,
181.75,Note,Parte_3,0.25,50,
182.0,Chord,Parte_1,0.5,"[67, 70, 79]",
182.0,Rest,Parte_2,2.0,0,
182.0,Note,Parte_3,0.25,43,
182.0,Rest,Parte_4,2.0,0,
182.0,Rest,Parte_5,2.0,0,
182.25,Note,Parte_3,0.25,50,
182.5,Rest,Parte_1,0.5,0,
182.5,Note,Parte_3,0.25,43,
182.75,Note,Parte_3,0.25,50,
183.0,Note,Parte_1,0.25,70,
183.0,Note,Parte_3,0.25,43,
183.25,Note,Parte_1,0.25,67,
183.25,Note,Parte_3,0.25,50,
183.5,Note,Parte_1,0.25,70,
183.5,Note,Parte_3,0.25,41,
183.75,Note,Parte_1,0.25,67,
183.75,Note,Parte_3,0.25,49,
184.0,Tempo,122.0
184.0,Note,Parte_1,0.25,70,
184.0,Rest,Parte_2,2.0,0,
184.0,Note,Parte_3,0.25,40,
184.0,Rest,Parte_4,2.0,0,
184.0,Rest,Parte_5,2.0,0,
184.25,Note,Parte_1,0.25,67,
184.25,Note,Parte_3,0.25,48,
184.5,Note,Parte_1,0.25,70,
184.5,Note,Parte_3,0.25,41,
184.75,Note,Parte_1,0.25,67,
184.75,Note,Parte_3,0.25,49,
185.0,Tempo,132.0
185.0,Note,Parte_1,0.25,70,
185.0,Note,Parte_3,0.25,40,
185.25,Note,Parte_1,0.25,67,
185.25,Note,Parte_3,0.25,48,
185.5,Chord,Parte_1,0.5,"[67, 70, 76]",
185.5,Note,Parte_3,0.25,36,
185.75,Note,Parte_3,0.25,48,
186.0,Chord,Parte_1,0.5,"[65, 68, 77]",
186.0,Rest,Parte_2,2.0,0,
186.0,Note,Parte_3,0.25,41,
186.0,Rest,Parte_4,2.0,0,
186.0,Rest,Parte_5,2.0,0,
186.25,Note,Parte_3,0.25,48,
186.5,Rest,Parte_1,0.5,0,
186.5,Note,Parte_3,0.25,41,
186.75,Note,Parte_3,0.25,48,
187.0,Note,Parte_1,0.25,68,
187.0,Note,Parte_3,0.25,41,
187.25,Note,Parte_1,0.25,65,
187.25,Note,Parte_3,0.25,48,
187.5,Note,Parte_1,0.25,68,
187.5,Note,Parte_3,0.25,41,
187.75,Note,Parte_1,0.25,65,
187.75,Note,Parte_3,0.25,48,
188.0,Tempo,122.0
188.0,Note,Parte_1,0.25,68,
188.0,Rest,Parte_2,2.0,0,
188.0,Note,Parte_3,0.25,41,
188.0,Rest,Parte_4,2.0,0,
188.0,Rest,Parte_5,2.0,0,
188.25,Note,Parte_1,0.25,65,
188.25,Note,Parte_3,0.25,48,
188.5,Note,Parte_1,0.25,70,
188.5,Note,Parte_3,0.25,41,
188.75,Note,Parte_1,0.25,67,
188.75,Note,Parte_3,0.25,48,
189.0,Tempo,132.0
189.0,Note,Parte_1,0.25,72,
189.0,Note,Parte_3,0.25,41,
189.25,Note,Parte_1,0.25,68,
189.25,Note,Parte_3,0.25,48,
189.5,Chord,Parte_1,0.5,"[67, 70, 76]",
189.5,Note,Parte_3,0.25,36,
189.75,Note,Parte_3,0.25,48,
190.0,Chord,Parte_1,0.5,"[65, 68, 77]",
190.0,Rest,Parte_2,2.0,0,
190.0,Note,Parte_3,0.25,41,
190.0,Rest,Parte_4,2.0,0,
190.0,Rest,Parte_5,2.0,0,
190.25,Note,Parte_3,0.25,48,
190.5,Rest,Parte_1,0.5,0,
190.5,Note,Parte_3,0.25,41,
190.75,Note,Parte_3,0.25,48,
191.0,Note,Parte_1,0.25,68,
191.0,Note,Parte_3,0.25,41,
191.25,Note,Parte_1,0.25,65,
191.25,Note,Parte_3,0.25,48,
191.5,Note,Parte_1,0.25,68,
191.5,Note,Parte_3,0.25,39,
191.75,Note,Parte_1,0.25,65,
191.75,Note,Parte_3,0.25,47,
192.0,Tempo,122.0
192.0,Note,Parte_1,0.25,68,
192.0,Rest,Parte_2,2.0,0,
192.0,Note,Parte_3,0.25,38,
192.0,Rest,Parte_4,2.0,0,
192.0,Rest,Parte_5,2.0,0,
192.25,Note,Parte_1,0.25,65,
192.25,Note,Parte_3,0.25,46,
192.5,Note,Parte_1,0.25,68,
192.5,Note,Parte_3,0.25,39,
192.75,Note,Parte_1,0.25,65,
192.75,Note,Parte_3,0.25,47,
193.0,Tempo,131.0
193.0,Note,Parte_1,0.25,68,
193.0,Note,Parte_3,0.25,38,
193.25,Note,Parte_1,0.25,65,
193.25,Note,Parte_3,0.25,46,
193.5,Chord,Parte_1,0.5,"[65, 68, 74]",
193.5,Note,Parte_3,0.25,34,
193.75,Note,Parte_3,0.25,46,
194.0,Tempo,129.0
194.0,Chord,Parte_1,0.5,"[63, 67, 75]",
194.0,Rest,Parte_2,2.0,0,
194.0,Note,Parte_3,0.25,39,
194.0,Rest,Parte_4,2.0,0,
194.0,Rest,Parte_5,2.0,0,
194.25,Note,Parte_3,0.25,46,
194.5,Rest,Parte_1,0.5,0,
194.5,Note,Parte_3,0.25,39,
194.75,Note,Parte_3,0.25,46,
195.0,Tempo,127.0
195.0,Note,Parte_1,0.25,67,
195.0,Rest,Parte_3,1.0,0,
195.25,Note,Parte_1,0.25,63,
195.5,Note,Parte_1,0.25,67,
195.75,Note,Parte_1,0.25,63,
196.0,Tempo,125.0
196.0,Note,Parte_1,0.25,67,
196.0,Rest,Parte_2,2.0,0,
196.0,Rest,Parte_3,2.0,0,
196.0,Rest,Parte_4,2.0,0,
196.0,Rest,Parte_5,2.0,0,
196.25,Note,Parte_1,0.25,63,
196.5,Note,Parte_1,0.25,68,
196.75,Note,Parte_1,0.25,65,
197.0,Note,Parte_1,0.25,69,
197.25,Note,Parte_1,0.25,66,
197.5,Note,Parte_1,0.25,70,
197.75,Note,Parte_1,0.25,67,
198.0,Note,Parte_1,0.25,71,
198.0,Rest,Parte_2,2.0,0,
198.0,Rest,Parte_3,2.0,0,
198.0,Rest,Parte_4,2.0,0,
198.0,Rest,Parte_5,2.0,0,
198.25,Note,Parte_1,0.25,68,
198.5,Note,Parte_1,0.25,72,
198.75,Note,Parte_1,0.25,69,
199.0,Note,Parte_1,0.25,73,
199.25,Note,Parte_1,0.25,70,
199.5,Note,Parte_1,0.25,74,
199.75,Note,Parte_1,0.25,71,
200.0,Note,Parte_1,0.25,75,
200.0,Rest,Parte_2,2.0,0,
200.0,Rest,Parte_3,2.0,0,
200.0,Rest,Parte_4,2.0,0,
200.0,Rest,Parte_5,2.0,0,
200.25,Note,Parte_1,0.25,72,
200.5,Note,Parte_1,0.25,74,
200.75,Note,Parte_1,0.25,71,
201.0,Note,Parte_1,0.25,75,
201.25,Note,Parte_1,0.25,72,
201.5,Note,Parte_1,0.25,74,
201.75,Note,Parte_1,0.25,71,
202.0,Note,Parte_1,0.25,75,
202.0,Rest,Parte_2,2.0,0,
202.0,Rest,Parte_3,1.0,0,
202.0,Rest,Parte_4,2.0,0,
202.0,Rest,Parte_5,2.0,0,
202.25,Note,Parte_1,0.25,72,
202.5,Note,Parte_1,0.25,74,
202.75,Note,Parte_1,0.25,71,
203.0,Note,Parte_1,0.25,75,
203.0,Rest,Parte_3,1.0,0,
203.25,Note,Parte_1,0.25,72,
203.5,Note,Parte_1,0.25,77,
203.75,Note,Parte_1,0.25,69,
204.0,Note,Parte_1,0.25,73,
204.0,Rest,Parte_2,2.0,0,
204.0,Rest,Parte_3,2.0,0,
204.0,Rest,Parte_4,2.0,0,
204.0,Rest,Parte_5,2.0,0,
204.25,Note,Parte_1,0.25,70,
204.5,Note,Parte_1,0.25,75,
204.75,Note,Parte_1,0.25,67,
205.0,Note,Parte_1,0.25,72,
205.25,Note,Parte_1,0.25,68,
205.5,Note,Parte_1,0.25,73,
205.75,Note,Parte_1,0.25,65,
206.0,Note,Parte_1,0.25,70,
206.0,Rest,Parte_2,2.0,0,
206.0,Rest,Parte_3,2.0,0,
206.0,Rest,Parte_4,2.0,0,
206.0,Rest,Parte_5,2.0,0,
206.25,Note,Parte_1,0.25,67,
206.5,Note,Parte_1,0.25,72,
206.75,Note,Parte_1,0.25,64,
207.0,Note,Parte_1,0.25,68,
207.25,Note,Parte_1,0.25,65,
207.5,Note,Parte_1,0.25,70,
207.75,Note,Parte_1,0.25,62,
208.0,Note,Parte_1,0.25,67,
208.0,Rest,Parte_2,2.0,0,
208.0,Rest,Parte_3,1.0,0,
208.0,Note,Parte_4,2.0,51,start
208.0,Rest,Parte_5,2.0,0,
208.25,Note,Parte_1,0.25,63,
208.5,Note,Parte_1,0.25,62,
208.75,Note,Parte_1,0.25,63,
209.0,Note,Parte_1,0.25,67,
209.0,Note,Parte_3,0.5,61,
209.25,Note,Parte_1,0.25,63,
209.5,Note,Parte_1,0.25,68,
209.5,Note,Parte_3,0.5,60,
209.75,Note,Parte_1,0.25,63,
210.0,Note,Parte_1,0.25,70,
210.0,Rest,Parte_2,2.0,0,
210.0,Note,Parte_3,0.5,58,
210.0,Note,Parte_4,2.0,51,stop
210.0,Rest,Parte_5,2.0,0,
210.25,Note,Parte_1,0.25,63,
210.5,Note,Parte_1,0.25,72,
210.5,Note,Parte_3,0.5,56,
210.75,Note,Parte_1,0.25,63,
211.0,Note,Parte_1,0.25,73,
211.0,Note,Parte_3,0.5,55,
211.25,Note,Parte_1,0.25,63,
211.5,Note,Parte_1,0.25,74,
211.5,Note,Parte_3,0.5,53,
211.75,Note,Parte_1,0.25,63,
212.0,Note,Parte_1,0.25,75,
212.0,Rest,Parte_2,2.0,0,
212.0,Note,Parte_3,0.5,51,
212.0,Rest,Parte_4,2.0,0,
212.0,Rest,Parte_5,2.0,0,
212.25,Note,Parte_1,0.25,63,
212.5,Chord,Parte_1,0.25,"[67, 75]",
212.5,Note,Parte_3,0.5,49,
212.75,Note,Parte_1,0.25,63,
213.0,Chord,Parte_1,0.25,"[68, 75]",
213.0,Note,Parte_3,0.5,48,
213.25,Note,Parte_1,0.25,63,
213.5,Chord,Parte_1,0.25,"[68, 72, 75]",
213.5,Note,Parte_3,0.5,44,
213.75,Note,Parte_1,0.25,63,
214.0,Chord,Parte_1,0.25,"[67, 70, 75]",
214.0,Rest,Parte_2,2.0,0,
214.0,Note,Parte_3,0.5,51,
214.0,Rest,Parte_4,2.0,0,
214.0,Rest,Parte_5,2.0,0,
214.25,Note,Parte_1,0.25,63,
214.5,Chord,Parte_1,0.25,"[67, 70, 75]",
214.5,Note,Parte_3,0.5,39,
214.75,Note,Parte_1,0.25,63,
215.0,Note,Parte_1,0.25,72,
215.0,Note,Parte_3,0.25,63,
215.25,Note,Parte_1,0.25,75,
215.25,Note,Parte_3,0.25,60,
215.5,Note,Parte_1,0.25,69,
215.5,Note,Parte_3,0.25,65,
215.75,Note,Parte_1,0.25,77,
215.75,Note,Parte_3,0.25,57,
216.0,Note,Parte_1,0.25,70,
216.0,Rest,Parte_2,2.0,0,
216.0,Note,Parte_3,0.25,61,
216.0,Rest,Parte_4,2.0,0,
216.0,Rest,Parte_5,2.0,0,
216.25,Note,Parte_1,0.25,73,
216.25,Note,Parte_3,0.25,58,
216.5,Note,Parte_1,0.25,67,
216.5,Note,Parte_3,0.25,63,
216.75,Note,Parte_1,0.25,75,
216.75,Note,Parte_3,0.25,55,
217.0,Note,Parte_1,0.25,68,
217.0,Note,Parte_3,0.25,60,
217.25,Note,Parte_1,0.25,72,
217.25,Note,Parte_3,0.25,56,
217.5,Note,Parte_1,0.25,65,
217.5,Note,Parte_3,0.25,61,
217.75,Note,Parte_1,0.25,73,
217.75,Note,Parte_3,0.25,53,
218.0,Note,Parte_1,0.25,67,
218.0,Rest,Parte_2,2.0,0,
218.0,Note,Parte_3,0.25,58,
218.0,Rest,Parte_4,2.0,0,
218.0,Rest,Parte_5,2.0,0,
218.25,Note,Parte_1,0.25,70,
218.25,Note,Parte_3,0.25,55,
218.5,Note,Parte_1,0.25,64,
218.5,Note,Parte_3,0.25,60,
218.75,Note,Parte_1,0.25,72,
218.75,Note,Parte_3,0.25,52,
219.0,Note,Parte_1,0.25,65,
219.0,Note,Parte_3,0.25,56,
219.25,Note,Parte_1,0.25,68,
219.25,Note,Parte_3,0.25,53,
219.5,Note,Parte_1,0.25,62,
219.5,Note,Parte_3,0.25,58,
219.75,Note,Parte_1,0.25,70,
219.75,Note,Parte_3,0.25,50,
220.0,Note,Parte_1,0.5,63,
220.0,Rest,Parte_2,2.0,0,
220.0,Note,Parte_3,0.25,55,
220.0,Rest,Parte_4,2.0,0,
220.0,Rest,Parte_5,2.0,0,
220.25,Note,Parte_3,0.25,51,
220.5,Rest,Parte_1,0.5,0,
220.5,Note,Parte_3,0.25,50,
220.75,Note,Parte_3,0.25,51,
221.0,Chord,Parte_1,0.5,"[73, 85]",
221.0,Note,Parte_3,0.25,55,
221.25,Note,Parte_3,0.25,51,
221.5,Chord,Parte_1,0.5,"[72, 84]",
221.5,Note,Parte_3,0.25,56,
221.75,Note,Parte_3,0.25,51,
222.0,Chord,Parte_1,0.5,"[70, 82]",
222.0,Rest,Parte_2,2.0,0,
222.0,Note,Parte_3,0.25,58,
222.0,Rest,Parte_4,2.0,0,
222.0,Rest,Parte_5,2.0,0,
222.25,Note,Parte_3,0.25,51,
222.5,Chord,Parte_1,0.5,"[68, 80]",
222.5,Note,Parte_3,0.25,60,
222.75,Note,Parte_3,0.25,51,
223.0,Chord,Parte_1,0.5,"[67, 79]",
223.0,Note,Parte_3,0.25,61,
223.25,Note,Parte_3,0.25,51,
223.5,Chord,Parte_1,0.5,"[65, 77]",
223.5,Note,Parte_3,0.25,62,
223.75,Note,Parte_3,0.25,51,
224.0,Note,Parte_1,0.5,75,
224.0,Rest,Parte_2,2.0,0,
224.0,Note,Parte_3,0.25,63,
224.0,Rest,Parte_4,2.0,0,
224.0,Rest,Parte_5,2.0,0,
224.25,Note,Parte_3,0.25,51,
224.5,Chord,Parte_1,0.5,"[68, 72, 75]",
224.5,Note,Parte_3,0.25,63,
224.75,Note,Parte_3,0.25,51,
225.0,Chord,Parte_1,0.5,"[70, 73, 75]",
225.0,Note,Parte_3,0.25,63,
225.25,Note,Parte_3,0.25,51,
225.5,Chord,Parte_1,0.5,"[67, 70, 75]",
225.5,Note,Parte_3,0.25,63,
225.75,Note,Parte_3,0.25,51,
226.0,Chord,Parte_1,0.5,"[68, 72, 75]",
226.0,Rest,Parte_2,2.0,0,
226.0,Note,Parte_3,0.5,56,
226.0,Rest,Parte_4,2.0,0,
226.0,Rest,Parte_5,2.0,0,
226.5,Rest,Parte_1,0.5,0,
226.5,Note,Parte_3,0.5,44,
227.0,Note,Parte_1,0.25,60,
227.0,Note,Parte_3,0.5,58,
227.25,Note,Parte_1,0.25,72,
227.5,Note,Parte_1,0.25,64,
227.5,Note,Parte_3,0.5,55,
227.75,Note,Parte_1,0.25,72,
228.0,Note,Parte_1,0.25,67,
228.0,Rest,Parte_2,2.0,0,
228.0,Note,Parte_3,0.5,52,
228.0,Rest,Parte_4,2.0,0,
228.0,Rest,Parte_5,2.0,0,
228.25,Note,Parte_1,0.25,72,
228.5,Note,Parte_1,0.25,71,
228.5,Note,Parte_3,0.5,48,
228.75,Note,Parte_1,0.25,72,
229.0,Note,Parte_1,0.25,70,
229.0,Note,Parte_3,0.5,50,
229.25,Note,Parte_1,0.25,72,
229.5,Note,Parte_1,0.25,67,
229.5,Note,Parte_3,0.5,52,
229.75,Note,Parte_1,0.25,72,
230.0,Note,Parte_1,0.25,68,
230.0,Rest,Parte_2,2.0,0,
230.0,Note,Parte_3,0.5,53,
230.0,Rest,Parte_4,2.0,0,
230.0,Rest,Parte_5,2.0,0,
230.25,Note,Parte_1,0.25,72,
230.5,Note,Parte_1,0.25,65,
230.5,Note,Parte_3,0.5,56,
230.75,Note,Parte_1,0.25,72,
231.0,Note,Parte_1,0.5,80,
231.0,Note,Parte_3,0.25,46,
231.25,Note,Parte_3,0.25,58,
231.5,Note,Parte_1,0.5,77,
231.5,Note,Parte_3,0.25,50,
231.75,Note,Parte_3,0.25,58,
232.0,Note,Parte_1,0.5,74,
232.0,Rest,Parte_2,2.0,0,
232.0,Note,Parte_3,0.25,53,
232.0,Rest,Parte_4,2.0,0,
232.0,Rest,Parte_5,2.0,0,
232.25,Note,Parte_3,0.25,58,
232.5,Note,Parte_1,0.5,70,
232.5,Note,Parte_3,0.25,57,
232.75,Note,Parte_3,0.25,58,
233.0,Note,Parte_1,0.5,72,
233.0,Note,Parte_3,0.25,56,
233.25,Note,Parte_3,0.25,58,
233.5,Note,Parte_1,0.5,74,
233.5,Note,Parte_3,0.25,53,
233.75,Note,Parte_3,0.25,58,
234.0,Note,Parte_1,0.5,75,
234.0,Rest,Parte_2,2.0,0,
234.0,Note,Parte_3,0.25,55,
234.0,Rest,Parte_4,2.0,0,
234.0,Rest,Parte_5,2.0,0,
234.25,Note,Parte_3,0.25,58,
234.5,Note,Parte_1,0.5,79,
234.5,Note,Parte_3,0.25,51,
234.75,Note,Parte_3,0.25,58,
235.0,Note,Parte_1,0.25,63,
235.0,Note,Parte_3,0.5,61,
235.25,Note,Parte_1,0.25,75,
235.5,Note,Parte_1,0.25,67,
235.5,Note,Parte_3,0.5,58,
235.75,Note,Parte_1,0.25,75,
236.0,Note,Parte_1,0.25,70,
236.0,Rest,Parte_2,2.0,0,
236.0,Note,Parte_3,0.5,55,
236.0,Rest,Parte_4,2.0,0,
236.0,Rest,Parte_5,2.0,0,
236.25,Note,Parte_1,0.25,75,
236.5,Note,Parte_1,0.25,74,
236.5,Note,Parte_3,0.5,51,
236.75,Note,Parte_1,0.25,75,
237.0,Note,Parte_1,0.25,73,
237.0,Note,Parte_3,0.5,53,
237.25,Note,Parte_1,0.25,75,
237.5,Note,Parte_1,0.25,70,
237.5,Note,Parte_3,0.5,55,
237.75,Note,Parte_1,0.25,75,
238.0,Note,Parte_1,0.25,72,
238.0,Rest,Parte_2,2.0,0,
238.0,Note,Parte_3,0.5,56,
238.0,Rest,Parte_4,2.0,0,
238.0,Rest,Parte_5,2.0,0,
238.25,Note,Parte_1,0.25,75,
238.5,Chord,Parte_1,0.25,"[63, 72]",
238.5,Note,Parte_3,0.5,44,
238.75,Note,Parte_1,0.25,75,
239.0,Chord,Parte_1,0.25,"[67, 73]",
239.0,Note,Parte_3,0.5,46,
239.25,Note,Parte_1,0.25,75,
239.5,Chord,Parte_1,0.25,"[68, 72]",
239.5,Note,Parte_3,0.5,48,
239.75,Note,Parte_1,0.25,75,
240.0,Chord,Parte_1,0.25,"[65, 72]",
240.0,Rest,Parte_2,2.0,0,
240.0,Note,Parte_3,0.5,49,
240.0,Rest,Parte_4,2.0,0,
240.0,Rest,Parte_5,2.0,0,
240.25,Note,Parte_1,0.25,75,
240.5,Chord,Parte_1,0.25,"[65, 70]",
240.5,Note,Parte_3,0.5,46,
240.75,Note,Parte_1,0.25,73,
241.0,Chord,Parte_1,0.25,"[63, 68]",
241.0,Note,Parte_3,0.5,51,
241.25,Note,Parte_1,0.25,72,
241.5,Chord,Parte_1,0.25,"[61, 67]",
241.5,Note,Parte_3,0.5,39,
241.75,Note,Parte_1,0.25,70,
242.0,Chord,Parte_1,0.5,"[60, 68]",
242.0,Rest,Parte_2,2.0,0,
242.0,Note,Parte_3,0.5,44,
242.0,Rest,Parte_4,2.0,0,
242.0,Rest,Parte_5,2.0,0,
242.5,Rest,Parte_1,0.5,0,
242.5,Note,Parte_3,0.5,32,
243.0,Chord,Parte_1,0.5,"[70, 82]",
243.0,Note,Parte_3,0.25,48,
243.25,Note,Parte_3,0.25,60,
243.5,Chord,Parte_1,0.5,"[67, 79]",
243.5,Note,Parte_3,0.25,52,
243.75,Note,Parte_3,0.25,60,
244.0,Chord,Parte_1,0.5,"[64, 76]",
244.0,Rest,Parte_2,2.0,0,
244.0,Note,Parte_3,0.25,55,
244.0,Rest,Parte_4,2.0,0,
244.0,Rest,Parte_5,2.0,0,
244.25,Note,Parte_3,0.25,60,
244.5,Note,Parte_1,0.5,72,
244.5,Note,Parte_3,0.25,59,
244.75,Note,Parte_3,0.25,60,
245.0,Chord,Parte_1,0.5,"[62, 74]",
245.0,Note,Parte_3,0.25,58,
245.25,Note,Parte_3,0.25,60,
245.5,Chord,Parte_1,0.5,"[64, 76]",
245.5,Note,Parte_3,0.25,55,
245.75,Note,Parte_3,0.25,60,
246.0,Chord,Parte_1,0.5,"[65, 77]",
246.0,Rest,Parte_2,2.0,0,
246.0,Note,Parte_3,0.25,56,
246.0,Rest,Parte_4,2.0,0,
246.0,Rest,Parte_5,2.0,0,
246.25,Note,Parte_3,0.25,60,
246.5,Chord,Parte_1,0.5,"[68, 80]",
246.5,Note,Parte_3,0.25,53,
246.75,Note,Parte_3,0.25,60,
247.0,Note,Parte_1,0.25,70,
247.0,Note,Parte_3,0.5,68,
247.25,Note,Parte_1,0.25,82,
247.5,Note,Parte_1,0.25,74,
247.5,Note,Parte_3,0.5,65,
247.75,Note,Parte_1,0.25,82,
248.0,Note,Parte_1,0.25,77,
248.0,Rest,Parte_2,2.0,0,
248.0,Note,Parte_3,0.5,62,
248.0,Rest,Parte_4,2.0,0,
248.0,Rest,Parte_5,2.0,0,
248.25,Note,Parte_1,0.25,82,
248.5,Note,Parte_1,0.25,81,
248.5,Note,Parte_3,0.5,58,
248.75,Note,Parte_1,0.25,82,
249.0,Note,Parte_1,0.25,80,
249.0,Note,Parte_3,0.5,60,
249.25,Note,Parte_1,0.25,82,
249.5,Note,Parte_1,0.25,77,
249.5,Note,Parte_3,0.5,62,
249.75,Note,Parte_1,0.25,82,
250.0,Note,Parte_1,0.25,79,
250.0,Rest,Parte_2,2.0,0,
250.0,Note,Parte_3,0.5,63,
250.0,Rest,Parte_4,2.0,0,
250.0,Rest,Parte_5,2.0,0,
250.25,Note,Parte_1,0.25,82,
250.5,Note,Parte_1,0.25,75,
250.5,Note,Parte_3,0.5,67,
250.75,Note,Parte_1,0.25,82,
251.0,Chord,Parte_1,0.5,"[73, 85]",
251.0,Note,Parte_3,0.25,39,
251.25,Note,Parte_3,0.25,51,
251.5,Chord,Parte_1,0.5,"[70, 82]",
251.5,Note,Parte_3,0.25,43,
251.75,Note,Parte_3,0.25,51,
252.0,Chord,Parte_1,0.5,"[67, 79]",
252.0,Rest,Parte_2,2.0,0,
252.0,Note,Parte_3,0.25,46,
252.0,Rest,Parte_4,2.0,0,
252.0,Rest,Parte_5,2.0,0,
252.25,Note,Parte_3,0.25,51,
252.5,Chord,Parte_1,0.5,"[63, 75]",
252.5,Note,Parte_3,0.25,50,
252.75,Note,Parte_3,0.25,51,
253.0,Chord,Parte_1,0.5,"[65, 77]",
253.0,Note,Parte_3,0.25,49,
253.25,Note,Parte_3,0.25,51,
253.5,Chord,Parte_1,0.5,"[67, 79]",
253.5,Note,Parte_3,0.25,46,
253.75,Note,Parte_3,0.25,51,
254.0,Chord,Parte_1,0.5,"[68, 80]",
254.0,Rest,Parte_2,2.0,0,
254.0,Note,Parte_3,0.25,48,
254.0,Rest,Parte_4,2.0,0,
254.0,Rest,Parte_5,2.0,0,
254.25,Note,Parte_3,0.25,51,
254.5,Chord,Parte_1,0.25,"[75, 80, 84]",
254.5,Note,Parte_3,0.25,44,
254.75,Note,Parte_1,0.25,87,
254.75,Note,Parte_3,0.25,56,
255.0,Chord,Parte_1,0.25,"[75, 82, 85]",
255.0,Note,Parte_3,0.25,43,
255.25,Note,Parte_1,0.25,87,
255.25,Note,Parte_3,0.25,55,
255.5,Chord,Parte_1,0.25,"[75, 80, 84]",
255.5,Note,Parte_3,0.25,44,
255.75,Note,Parte_1,0.25,87,
255.75,Note,Parte_3,0.25,56,
256.0,Chord,Parte_1,0.25,"[75, 84]",
256.0,Rest,Parte_2,2.0,0,
256.0,Note,Parte_3,0.25,41,
256.0,Rest,Parte_4,2.0,0,
256.0,Rest,Parte_5,2.0,0,
256.25,Note,Parte_1,0.25,87,
256.25,Note,Parte_3,0.25,53,
256.5,Chord,Parte_1,0.25,"[73, 82]",
256.5,Note,Parte_3,0.25,37,
256.75,Note,Parte_1,0.25,85,
256.75,Note,Parte_3,0.25,49,
257.0,Chord,Parte_1,0.25,"[72, 80]",
257.0,Note,Parte_3,0.25,39,
257.25,Note,Parte_1,0.25,84,
257.25,Note,Parte_3,0.25,51,
257.5,Chord,Parte_1,0.25,"[70, 79]",
257.5,Note,Parte_3,0.25,39,
257.75,Note,Parte_1,0.25,82,
257.75,Note,Parte_3,0.25,51,
258.0,Chord,Parte_1,0.5,"[68, 80]",
258.0,Rest,Parte_2,2.0,0,
258.0,Note,Parte_3,0.5,32,
258.0,Rest,Parte_4,2.0,0,
258.0,Rest,Parte_5,2.0,0,
258.5,Rest,Parte_1,0.5,0,
258.5,Note,Parte_3,0.5,44,
259.0,Note,Parte_1,0.25,68,
259.0,Note,Parte_3,0.25,60,
259.25,Note,Parte_1,0.25,72,
259.25,Note,Parte_3,0.25,56,
259.5,Note,Parte_1,0.25,65,
259.5,Note,Parte_3,0.25,61,
259.75,Note,Parte_1,0.25,73,
259.75,Note,Parte_3,0.25,53,
260.0,Note,Parte_1,0.25,67,
260.0,Rest,Parte_2,2.0,0,
260.0,Note,Parte_3,0.25,58,
260.0,Rest,Parte_4,2.0,0,
260.0,Rest,Parte_5,2.0,0,
260.25,Note,Parte_1,0.25,70,
260.25,Note,Parte_3,0.25,55,
260.5,Note,Parte_1,0.25,64,
260.5,Note,Parte_3,0.25,60,
260.75,Note,Parte_1,0.25,72,
260.75,Note,Parte_3,0.25,52,
261.0,Note,Parte_1,0.25,65,
261.0,Note,Parte_3,0.25,56,
261.25,Note,Parte_1,0.25,68,
261.25,Note,Parte_3,0.25,53,
261.5,Note,Parte_1,0.25,62,
261.5,Note,Parte_3,0.25,58,
261.75,Note,Parte_1,0.25,70,
261.75,Note,Parte_3,0.25,50,
262.0,Note,Parte_1,0.5,67,
262.0,Rest,Parte_2,2.0,0,
262.0,Note,Parte_3,0.5,51,
262.0,Rest,Parte_4,2.0,0,
262.0,Rest,Parte_5,2.0,0,
262.5,Chord,Parte_1,0.5,"[67, 70, 75, 79]",
262.5,Chord,Parte_3,0.5,"[39, 51]",
263.0,Note,Parte_1,0.25,79,
263.0,Note,Parte_3,0.25,63,
263.25,Note,Parte_1,0.25,75,
263.25,Note,Parte_3,0.25,67,
263.5,Note,Parte_1,0.25,80,
263.5,Note,Parte_3,0.25,60,
263.75,Note,Parte_1,0.25,72,
263.75,Note,Parte_3,0.25,68,
264.0,Note,Parte_1,0.25,77,
264.0,Rest,Parte_2,2.0,0,
264.0,Note,Parte_3,0.25,62,
264.0,Rest,Parte_4,2.0,0,
264.0,Rest,Parte_5,2.0,0,
264.25,Note,Parte_1,0.25,74,
264.25,Note,Parte_3,0.25,65,
264.5,Note,Parte_1,0.25,79,
264.5,Note,Parte_3,0.25,59,
264.75,Note,Parte_1,0.25,71,
264.75,Note,Parte_3,0.25,67,
265.0,Note,Parte_1,0.25,75,
265.0,Note,Parte_3,0.25,60,
265.25,Note,Parte_1,0.25,72,
265.25,Note,Parte_3,0.25,63,
265.5,Note,Parte_1,0.25,77,
265.5,Note,Parte_3,0.25,57,
265.75,Note,Parte_1,0.25,69,
265.75,Note,Parte_3,0.25,65,
266.0,Note,Parte_1,0.5,73,
266.0,Rest,Parte_2,2.0,0,
266.0,Note,Parte_3,0.5,58,
266.0,Rest,Parte_4,2.0,0,
266.0,Rest,Parte_5,2.0,0,
266.5,Chord,Parte_1,0.5,"[70, 73, 77, 82]",
266.5,Chord,Parte_3,0.5,"[46, 58]",
267.0,Note,Parte_1,0.25,70,
267.0,Note,Parte_3,0.25,61,
267.25,Note,Parte_1,0.25,73,
267.25,Note,Parte_3,0.25,58,
267.5,Note,Parte_1,0.25,67,
267.5,Note,Parte_3,0.25,63,
267.75,Note,Parte_1,0.25,75,
267.75,Note,Parte_3,0.25,55,
268.0,Note,Parte_1,0.25,68,
268.0,Rest,Parte_2,2.0,0,
268.0,Note,Parte_3,0.25,60,
268.0,Rest,Parte_4,2.0,0,
268.0,Rest,Parte_5,2.0,0,
268.25,Note,Parte_1,0.25,72,
268.25,Note,Parte_3,0.25,56,
268.5,Note,Parte_1,0.25,65,
268.5,Note,Parte_3,0.25,61,
268.75,Note,Parte_1,0.25,73,
268.75,Note,Parte_3,0.25,53,
269.0,Note,Parte_1,0.25,67,
269.0,Note,Parte_3,0.25,58,
269.25,Note,Parte_1,0.25,70,
269.25,Note,Parte_3,0.25,55,
269.5,Note,Parte_1,0.25,64,
269.5,Note,Parte_3,0.25,60,
269.75,Note,Parte_1,0.25,72,
269.75,Note,Parte_3,0.25,52,
270.0,Note,Parte_1,0.5,68,
270.0,Rest,Parte_2,2.0,0,
270.0,Note,Parte_3,0.5,53,
270.0,Rest,Parte_4,2.0,0,
270.0,Rest,Parte_5,2.0,0,
270.5,Chord,Parte_1,0.5,"[68, 72, 77, 80]",
270.5,Chord,Parte_3,0.5,"[41, 53]",
271.0,Note,Parte_1,0.25,80,
271.0,Note,Parte_3,0.25,65,
271.25,Note,Parte_1,0.25,77,
271.25,Note,Parte_3,0.25,68,
271.5,Note,Parte_1,0.25,82,
271.5,Note,Parte_3,0.25,62,
271.75,Note,Parte_1,0.25,74,
271.75,Note,Parte_3,0.25,70,
272.0,Note,Parte_1,0.25,79,
272.0,Rest,Parte_2,2.0,0,
272.0,Note,Parte_3,0.25,63,
272.0,Rest,Parte_4,2.0,0,
272.0,Rest,Parte_5,2.0,0,
272.25,Note,Parte_1,0.25,75,
272.25,Note,Parte_3,0.25,67,
272.5,Note,Parte_1,0.25,80,
272.5,Note,Parte_3,0.25,60,
272.75,Note,Parte_1,0.25,72,
272.75,Note,Parte_3,0.25,68,
273.0,Note,Parte_1,0.25,77,
273.0,Note,Parte_3,0.25,62,
273.25,Note,Parte_1,0.25,74,
273.25,Note,Parte_3,0.25,65,
273.5,Note,Parte_1,0.25,79,
273.5,Note,Parte_3,0.25,59,
273.75,Note,Parte_1,0.25,71,
273.75,Note,Parte_3,0.25,67,
274.0,Note,Parte_1,0.5,75,
274.0,Rest,Parte_2,2.0,0,
274.0,Note,Parte_3,0.5,60,
274.0,Rest,Parte_4,2.0,0,
274.0,Rest,Parte_5,2.0,0,
274.5,Chord,Parte_1,0.5,"[72, 75, 77, 84]",
274.5,Note,Parte_3,0.5,45,
275.0,Note,Parte_1,0.5,73,
275.0,Note,Parte_3,0.5,46,
275.5,Chord,Parte_1,0.5,"[70, 73, 77, 82]",
275.5,Note,Parte_3,0.5,58,
276.0,Note,Parte_1,0.5,73,
276.0,Rest,Parte_2,2.0,0,
276.0,Note,Parte_3,0.5,43,
276.0,Rest,Parte_4,2.0,0,
276.0,Rest,Parte_5,2.0,0,
276.5,Chord,Parte_1,0.5,"[70, 73, 75, 82]",
276.5,Note,Parte_3,0.5,55,
277.0,Note,Parte_1,0.5,72,
277.0,Note,Parte_3,0.5,44,
277.5,Chord,Parte_1,0.5,"[68, 72, 75, 80]",
277.5,Note,Parte_3,0.5,56,
278.0,Note,Parte_1,0.5,70,
278.0,Rest,Parte_2,2.0,0,
278.0,Note,Parte_3,0.5,39,
278.0,Rest,Parte_4,2.0,0,
278.0,Rest,Parte_5,2.0,0,
278.5,Chord,Parte_1,0.5,"[67, 70, 75, 79]",
278.5,Note,Parte_3,0.5,51,
279.0,Rest,Parte_1,0.5,0,
279.0,Note,Parte_3,0.25,49,
279.25,Note,Parte_3,0.25,51,
279.5,Chord,Parte_1,0.5,"[63, 75]",
279.5,Note,Parte_3,0.25,46,
279.75,Note,Parte_3,0.25,55,
280.0,Rest,Parte_1,0.5,0,
280.0,Rest,Parte_2,2.0,0,
280.0,Note,Parte_3,0.25,49,
280.0,Rest,Parte_4,2.0,0,
280.0,Rest,Parte_5,2.0,0,
280.25,Note,Parte_3,0.25,51,
280.5,Chord,Parte_1,0.5,"[67, 79]",
280.5,Note,Parte_3,0.25,46,
280.75,Note,Parte_3,0.25,55,
281.0,Rest,Parte_1,0.5,0,
281.0,Note,Parte_3,0.25,49,
281.25,Note,Parte_3,0.25,51,
281.5,Chord,Parte_1,0.5,"[70, 82]",
281.5,Note,Parte_3,0.25,46,
281.75,Note,Parte_3,0.25,55,
282.0,Chord,Parte_1,0.5,"[67, 79]",
282.0,Rest,Parte_2,2.0,0,
282.0,Note,Parte_3,0.25,49,
282.0,Rest,Parte_4,2.0,0,
282.0,Rest,Parte_5,2.0,0,
282.25,Note,Parte_3,0.25,51,
282.5,Chord,Parte_1,0.5,"[63, 75]",
282.5,Note,Parte_3,0.25,46,
282.75,Note,Parte_3,0.25,55,
283.0,Rest,Parte_1,0.5,0,
283.0,Note,Parte_3,0.25,49,
283.25,Note,Parte_3,0.25,51,
283.5,Chord,Parte_1,0.5,"[63, 75]",
283.5,Note,Parte_3,0.25,46,
283.75,Note,Parte_3,0.25,55,
284.0,Rest,Parte_1,0.5,0,
284.0,Rest,Parte_2,2.0,0,
284.0,Note,Parte_3,0.25,49,
284.0,Rest,Parte_4,2.0,0,
284.0,Rest,Parte_5,2.0,0,
284.25,Note,Parte_3,0.25,51,
284.5,Chord,Parte_1,0.5,"[67, 79]",
284.5,Note,Parte_3,0.25,46,
284.75,Note,Parte_3,0.25,55,
285.0,Rest,Parte_1,0.5,0,
285.0,Note,Parte_3,0.25,49,
285.25,Note,Parte_3,0.25,51,
285.5,Chord,Parte_1,0.5,"[70, 82]",
285.5,Note,Parte_3,0.25,46,
285.75,Note,Parte_3,0.25,55,
286.0,Chord,Parte_1,0.5,"[67, 79]",
286.0,Rest,Parte_2,2.0,0,
286.0,Note,Parte_3,0.25,49,
286.0,Rest,Parte_4,2.0,0,
286.0,Rest,Parte_5,2.0,0,
286.25,Note,Parte_3,0.25,51,
286.5,Chord,Parte_1,0.5,"[63, 75]",
286.5,Note,Parte_3,0.25,46,
286.75,Note,Parte_3,0.25,55,
287.0,Note,Parte_1,0.25,82,
287.0,Rest,Parte_3,0.5,0,
287.25,Note,Parte_1,0.25,85,
287.5,Note,Parte_1,0.25,79,
287.5,Chord,Parte_3,0.5,"[39, 51]",
287.75,Note,Parte_1,0.25,87,
288.0,Note,Parte_1,0.25,82,
288.0,Rest,Parte_2,2.0,0,
288.0,Rest,Parte_3,0.5,0,
288.0,Rest,Parte_4,2.0,0,
288.0,Rest,Parte_5,2.0,0,
288.25,Note,Parte_1,0.25,85,
288.5,Note,Parte_1,0.25,79,
288.5,Chord,Parte_3,0.5,"[43, 55]",
288.75,Note,Parte_1,0.25,87,
289.0,Note,Parte_1,0.25,82,
289.0,Rest,Parte_3,0.5,0,
289.25,Note,Parte_1,0.25,85,
289.5,Note,Parte_1,0.25,79,
289.5,Chord,Parte_3,0.5,"[46, 58]",
289.75,Note,Parte_1,0.25,87,
290.0,Note,Parte_1,0.25,82,
290.0,Rest,Parte_2,2.0,0,
290.0,Chord,Parte_3,0.5,"[43, 55]",
290.0,Rest,Parte_4,2.0,0,
290.0,Rest,Parte_5,2.0,0,
290.25,Note,Parte_1,0.25,85,
290.5,Note,Parte_1,0.25,79,
290.5,Chord,Parte_3,0.5,"[39, 51]",
290.75,Note,Parte_1,0.25,87,
291.0,Note,Parte_1,0.25,82,
291.0,Rest,Parte_3,0.5,0,
291.25,Note,Parte_1,0.25,85,
291.5,Note,Parte_1,0.25,79,
291.5,Chord,Parte_3,0.5,"[51, 63]",
291.75,Note,Parte_1,0.25,87,
292.0,Note,Parte_1,0.25,82,
292.0,Rest,Parte_2,2.0,0,
292.0,Rest,Parte_3,0.5,0,
292.0,Rest,Parte_4,2.0,0,
292.0,Rest,Parte_5,2.0,0,
292.25,Note,Parte_1,0.25,85,
292.5,Note,Parte_1,0.25,79,
292.5,Chord,Parte_3,0.5,"[55, 67]",
292.75,Note,Parte_1,0.25,87,
293.0,Note,Parte_1,0.25,82,
293.0,Rest,Parte_3,0.5,0,
293.25,Note,Parte_1,0.25,85,
293.5,Note,Parte_1,0.25,79,
293.5,Chord,Parte_3,0.5,"[58, 70]",
293.75,Note,Parte_1,0.25,87,
294.0,Note,Parte_1,0.25,82,
294.0,Rest,Parte_2,2.0,0,
294.0,Chord,Parte_3,0.5,"[55, 67]",
294.0,Rest,Parte_4,2.0,0,
294.0,Rest,Parte_5,2.0,0,
294.25,Note,Parte_1,0.25,85,
294.5,Note,Parte_1,0.25,79,
294.5,Chord,Parte_3,0.5,"[51, 63]",
294.75,Note,Parte_1,0.25,87,
295.0,Note,Parte_1,0.25,82,
295.0,Rest,Parte_3,0.5,0,
295.25,Note,Parte_1,0.25,85,
295.5,Note,Parte_1,0.25,79,
295.5,Chord,Parte_3,0.5,"[46, 58]",
295.75,Note,Parte_1,0.25,87,
296.0,Note,Parte_1,0.25,82,
296.0,Rest,Parte_2,2.0,0,
296.0,Chord,Parte_3,0.5,"[43, 55]",
296.0,Rest,Parte_4,2.0,0,
296.0,Rest,Parte_5,2.0,0,
296.25,Note,Parte_1,0.25,85,
296.5,Note,Parte_1,0.25,79,
296.5,Chord,Parte_3,0.5,"[39, 51]",
296.75,Note,Parte_1,0.25,87,
297.0,Note,Parte_1,0.25,82,
297.0,Rest,Parte_3,0.5,0,
297.25,Note,Parte_1,0.25,85,
297.5,Note,Parte_1,0.25,79,
297.5,Chord,Parte_3,0.5,"[39, 51]",
297.75,Note,Parte_1,0.25,87,
298.0,Note,Parte_1,0.5,84,
298.0,Rest,Parte_2,2.0,0,
298.0,Chord,Parte_3,0.5,"[44, 56]",
298.0,Rest,Parte_4,2.0,0,
298.0,Rest,Parte_5,2.0,0,
298.5,Note,Parte_1,0.25,80,
298.5,Chord,Parte_3,1.5,"[36, 48]",
298.75,Note,Parte_1,0.25,79,
299.0,Note,Parte_1,0.25,77,
299.25,Note,Parte_1,0.25,75,
299.5,Note,Parte_1,0.25,73,
299.75,Note,Parte_1,0.25,72,
300.0,Note,Parte_1,0.25,70,
300.0,Rest,Parte_2,2.0,0,
300.0,Chord,Parte_3,1.0,"[37, 49]",
300.0,Rest,Parte_4,2.0,0,
300.0,Rest,Parte_5,2.0,0,
300.25,Note,Parte_1,0.25,68,
300.5,Note,Parte_1,0.25,67,
300.75,Note,Parte_1,0.25,65,
301.0,Note,Parte_1,0.25,63,
301.0,Chord,Parte_3,1.0,"[39, 51]",
301.25,Note,Parte_1,0.25,61,
301.5,Note,Parte_1,0.25,60,
301.75,Note,Parte_1,0.25,58,
302.0,Note,Parte_1,0.5,56,
302.0,Rest,Parte_2,2.0,0,
302.0,Chord,Parte_3,0.5,"[41, 53]",
302.0,Rest,Parte_4,2.0,0,
302.0,Rest,Parte_5,2.0,0,
302.5,Note,Parte_1,0.25,84,
302.5,Chord,Parte_3,1.5,"[36, 48]",
302.75,Note,Parte_1,0.25,82,
303.0,Tuplet 3:2,Parte_1,"[['Note', 0.25, 80, None], ['Note', 0.25, 79, None], ['Note', 0.25, 77, None], ['Note', 0.25, 75, None], ['Note', 0.25, 73, None], ['Note', 0.25, 72, None]]"
304.0,Note,Parte_1,0.25,70,
304.0,Rest,Parte_2,2.0,0,
304.0,Chord,Parte_3,1.0,"[37, 49]",
304.0,Rest,Parte_4,2.0,0,
304.0,Rest,Parte_5,2.0,0,
304.25,Note,Parte_1,0.25,68,
304.5,Note,Parte_1,0.25,67,
304.75,Note,Parte_1,0.25,65,
305.0,Note,Parte_1,0.25,63,
305.0,Chord,Parte_3,1.0,"[39, 51]",
305.25,Note,Parte_1,0.25,61,
305.5,Note,Parte_1,0.25,60,
305.75,Note,Parte_1,0.25,58,
306.0,Note,Parte_1,0.5,56,
306.0,Rest,Parte_2,2.0,0,
306.0,Chord,Parte_3,0.5,"[41, 53]",
306.0,Rest,Parte_4,2.0,0,
306.0,Rest,Parte_5,2.0,0,
306.5,Note,Parte_1,0.125,87,
306.5,Chord,Parte_3,1.5,"[36, 48]",
306.625,Note,Parte_1,0.125,85,
306.75,Note,Parte_1,0.125,84,
306.875,Note,Parte_1,0.125,82,
307.0,Tuplet 3:2,Parte_1,"[['Note', 0.25, 80, None], ['Note', 0.25, 79, None], ['Note', 0.25, 77, None], ['Note', 0.25, 75, None], ['Note', 0.25, 73, None], ['Note', 0.25, 72, None]]"
308.0,Note,Parte_1,0.25,70,
308.0,Rest,Parte_2,2.0,0,
308.0,Chord,Parte_3,1.0,"[37, 49]",
308.0,Rest,Parte_4,2.0,0,
308.0,Rest,Parte_5,2.0,0,
308.25,Note,Parte_1,0.25,68,
308.5,Note,Parte_1,0.25,67,
308.75,Note,Parte_1,0.25,65,
309.0,Note,Parte_1,0.25,63,
309.0,Chord,Parte_3,1.0,"[39, 51]",
309.25,Note,Parte_1,0.25,61,
309.5,Note,Parte_1,0.25,60,
309.75,Note,Parte_1,0.25,58,
310.0,Note,Parte_1,0.5,56,
310.0,Rest,Parte_2,2.0,0,
310.0,Note,Parte_3,0.5,32,
310.0,Note,Parte_4,2.0,32,start
310.0,Rest,Parte_5,2.0,0,
310.5,Rest,Parte_1,0.5,0,
310.5,Note,Parte_3,1.5,44,start
311.0,Note,Parte_1,0.25,80,
311.25,Note,Parte_1,0.25,77,
311.5,Note,Parte_1,0.25,82,
311.75,Note,Parte_1,0.25,74,
312.0,Note,Parte_1,0.25,78,
312.0,Rest,Parte_2,1.5,0,
312.0,Rest,Parte_3,1.5,0,
312.0,Note,Parte_4,2.0,44,stop
312.0,Note,Parte_5,2.0,32,stop
312.25,Note,Parte_1,0.25,75,
312.5,Note,Parte_1,0.25,80,
312.75,Note,Parte_1,0.25,72,
313.0,Note,Parte_1,0.25,77,
313.25,Note,Parte_1,0.25,73,
313.5,Note,Parte_1,0.25,78,
313.5,Note,Parte_2,0.5,78,start
313.5,Rest,Parte_3,0.5,0,
313.75,Note,Parte_1,0.25,70,
314.0,Note,Parte_1,0.25,75,
314.0,Note,Parte_2,0.5,78,stop
314.0,Rest,Parte_3,1.0,0,
314.0,Note,Parte_4,0.5,32,
314.0,Note,Parte_5,2.0,32,start
314.25,Note,Parte_1,0.25,69,
314.5,Note,Parte_1,0.25,73,
314.5,Note,Parte_2,0.5,77,
314.5,Note,Parte_4,1.5,44,start
314.75,Note,Parte_1,0.25,70,
315.0,Note,Parte_1,0.25,73,
315.0,Rest,Parte_2,1.0,0,
315.0,Rest,Parte_3,1.0,0,
315.25,Note,Parte_1,0.25,70,
315.5,Note,Parte_1,0.25,76,
315.75,Note,Parte_1,0.25,67,
316.0,Note,Parte_1,0.25,70,
316.0,Rest,Parte_2,2.0,0,
316.0,Note,Parte_3,2.0,44,stop
316.0,Note,Parte_4,2.0,32,stop
316.0,Rest,Parte_5,2.0,0,
316.25,Note,Parte_1,0.25,67,
316.5,Note,Parte_1,0.25,73,
316.75,Note,Parte_1,0.25,64,
317.0,Note,Parte_1,0.25,67,
317.25,Note,Parte_1,0.25,64,
317.5,Note,Parte_1,0.25,70,
317.75,Note,Parte_1,0.25,61,
318.0,Note,Parte_1,0.25,68,
318.0,Rest,Parte_2,2.0,0,
318.0,Note,Parte_3,0.5,32,
318.0,Note,Parte_4,2.0,32,start
318.0,Rest,Parte_5,2.0,0,
318.25,Note,Parte_1,0.25,63,
318.5,Note,Parte_1,0.25,72,
318.5,Note,Parte_3,1.5,44,start
318.75,Note,Parte_1,0.25,60,
319.0,Note,Parte_1,0.25,68,
319.25,Note,Parte_1,0.25,65,
319.5,Note,Parte_1,0.25,70,
319.75,Note,Parte_1,0.25,62,
320.0,Note,Parte_1,0.25,66,
320.0,Rest,Parte_2,1.5,0,
320.0,Rest,Parte_3,1.5,0,
320.0,Note,Parte_4,2.0,44,stop
320.0,Note,Parte_5,2.0,32,stop
320.25,Note,Parte_1,0.25,63,
320.5,Note,Parte_1,0.25,68,
320.75,Note,Parte_1,0.25,60,
321.0,Note,Parte_1,0.25,65,
321.25,Note,Parte_1,0.25,61,
321.5,Note,Parte_1,0.25,66,
321.5,Note,Parte_2,0.5,66,start
321.5,Rest,Parte_3,0.5,0,
321.75,Note,Parte_1,0.25,58,
322.0,Note,Parte_1,0.25,63,
322.0,Note,Parte_2,0.5,66,stop
322.0,Rest,Parte_3,1.0,0,
322.0,Note,Parte_4,0.5,32,
322.0,Note,Parte_5,2.0,32,start
322.25,Note,Parte_1,0.25,57,
322.5,Note,Parte_1,0.25,61,
322.5,Note,Parte_2,0.5,65,
322.5,Note,Parte_4,1.5,44,start
322.75,Note,Parte_1,0.25,58,
323.0,Note,Parte_1,0.25,61,
323.0,Rest,Parte_2,1.0,0,
323.0,Rest,Parte_3,1.0,0,
323.25,Note,Parte_1,0.25,58,
323.5,Note,Parte_1,0.25,64,
323.75,Note,Parte_1,0.25,55,
324.0,Note,Parte_1,0.25,58,
324.0,Rest,Parte_2,2.0,0,
324.0,Note,Parte_3,2.0,44,stop
324.0,Note,Parte_4,2.0,32,stop
324.0,Rest,Parte_5,2.0,0,
324.25,Note,Parte_1,0.25,55,
324.5,Note,Parte_1,0.25,61,
324.75,Note,Parte_1,0.25,52,
325.0,Note,Parte_1,0.25,55,
325.25,Note,Parte_1,0.25,52,
325.5,Note,Parte_1,0.25,58,
325.75,Note,Parte_1,0.25,49,
326.0,Note,Parte_1,0.25,56,
326.0,Rest,Parte_2,2.0,0,
326.0,Note,Parte_3,0.5,32,
326.0,Note,Parte_4,2.0,32,start
326.0,Rest,Parte_5,2.0,0,
326.25,Note,Parte_1,0.25,51,
326.5,Note,Parte_1,0.25,60,
326.5,Note,Parte_3,1.5,44,start
326.75,Note,Parte_1,0.25,48,
327.0,Note,Parte_1,0.25,61,
327.25,Note,Parte_1,0.25,58,
327.5,Note,Parte_1,0.25,64,
327.75,Note,Parte_1,0.25,55,
328.0,Note,Parte_1,0.25,58,
328.0,Rest,Parte_2,2.0,0,
328.0,Note,Parte_3,2.0,44,stop
328.0,Note,Parte_4,2.0,32,stop
328.0,Rest,Parte_5,2.0,0,
328.25,Note,Parte_1,0.25,55,
328.5,Note,Parte_1,0.25,61,
328.75,Note,Parte_1,0.25,52,
329.0,Note,Parte_1,0.25,55,
329.25,Note,Parte_1,0.25,52,
329.5,Note,Parte_1,0.25,58,
329.75,Note,Parte_1,0.25,49,
330.0,Note,Parte_1,0.25,56,
330.0,Rest,Parte_2,2.0,0,
330.0,Note,Parte_3,0.5,32,
330.0,Note,Parte_4,2.0,32,start
330.0,Rest,Parte_5,2.0,0,
330.25,Note,Parte_1,0.25,51,
330.5,Note,Parte_1,0.25,60,
330.5,Note,Parte_3,1.5,44,start
330.75,Note,Parte_1,0.25,48,
331.0,Note,Parte_1,0.25,61,
331.25,Note,Parte_1,0.25,58,
331.5,Note,Parte_1,0.25,64,
331.75,Note,Parte_1,0.25,55,
332.0,Note,Parte_1,0.25,58,
332.0,Rest,Parte_2,2.0,0,
332.0,Note,Parte_3,2.0,44,stop
332.0,Note,Parte_4,2.0,32,stop
332.0,Rest,Parte_5,2.0,0,
332.25,Note,Parte_1,0.25,55,
332.5,Note,Parte_1,0.25,61,
332.75,Note,Parte_1,0.25,52,
333.0,Note,Parte_1,0.25,55,
333.25,Note,Parte_1,0.25,52,
333.5,Note,Parte_1,0.25,58,
333.75,Note,Parte_1,0.25,49,
334.0,Note,Parte_1,0.25,56,
334.0,Rest,Parte_2,2.0,0,
334.0,Note,Parte_3,2.0,32,start
334.0,Rest,Parte_4,2.0,0,
334.0,Rest,Parte_5,2.0,0,
334.25,Note,Parte_1,0.25,51,
334.5,Note,Parte_1,0.25,60,
334.75,Note,Parte_1,0.25,48,
335.0,Note,Parte_1,0.25,51,
335.25,Note,Parte_1,0.25,48,
335.5,Note,Parte_1,0.25,56,
335.75,Note,Parte_1,0.25,44,
336.0,Note,Parte_1,0.25,48,
336.0,Rest,Parte_2,2.0,0,
336.0,Note,Parte_3,2.0,32,stop
336.0,Rest,Parte_4,2.0,0,
336.0,Rest,Parte_5,2.0,0,
336.25,Note,Parte_1,0.25,44,
336.5,Note,Parte_1,0.25,51,
336.75,Note,Parte_1,0.25,39,
337.0,Note,Parte_1,0.25,44,
337.25,Note,Parte_1,0.25,39,
337.5,Note,Parte_1,0.25,48,
337.75,Note,Parte_1,0.25,36,
338.0,Rest,Parte_1,2.0,0,
338.0,Rest,Parte_2,2.0,0,
338.0,Note,Parte_3,2.0,32,start
338.0,Rest,Parte_4,2.0,0,
338.0,Rest,Parte_5,2.0,0,
340.0,Rest,Parte_1,1.0,0,
340.0,Rest,Parte_2,2.0,0,
340.0,Note,Parte_3,1.0,32,stop
340.0,Rest,Parte_4,2.0,0,
340.0,Rest,Parte_5,2.0,0,
341.0,Rest,Parte_1,1.0,0,
341.0,Rest,Parte_3,1.0,0,
