0.0,Formula de Compasso,4/4
0.0,Note,Parte_1,0.25,55,
0.0,Rest,Parte_2,4.0,0,
0.0,Rest,Parte_3,0.25,0,
0.0,Rest,Parte_4,4.0,0,
0.25,Rest,Parte_1,3.75,0,
0.25,Rest,Parte_3,3.75,0,
4.0,Note,Parte_1,0.5,60,
4.0,Rest,Parte_2,4.0,0,
4.0,Chord,Parte_3,0.5,"[52, 55]",
4.0,Note,Parte_4,0.5,48,
4.5,Rest,Parte_1,0.5,0,
4.5,Rest,Parte_3,0.5,0,
4.5,Rest,Parte_4,0.5,0,
5.0,Note,Parte_1,0.5,59,
5.0,Chord,Parte_3,0.5,"[53, 55]",
5.0,Note,Parte_4,0.5,50,
5.5,Rest,Parte_1,0.5,0,
5.5,Rest,Parte_3,0.5,0,
5.5,Rest,Parte_4,0.5,0,
6.0,Note,Parte_1,0.5,60,
6.0,Note,Parte_3,0.5,55,
6.0,Note,Parte_4,0.5,52,
6.5,Rest,Parte_1,0.5,0,
6.5,Rest,Parte_3,0.5,0,
6.5,Rest,Parte_4,0.5,0,
7.0,Note,Parte_1,0.5,62,
7.0,Note,Parte_3,0.5,55,
7.0,Note,Parte_4,0.5,47,
7.5,Rest,Parte_1,0.5,0,
7.5,Rest,Parte_3,0.5,0,
7.5,Rest,Parte_4,0.5,0,
8.0,Chord,Parte_1,0.5,"[60, 64]",
8.0,Rest,Parte_2,2.0,0,
8.0,Note,Parte_3,0.5,55,
8.0,Note,Parte_4,0.5,48,
8.5,Rest,Parte_1,0.5,0,
8.5,Rest,Parte_3,0.5,0,
8.5,Rest,Parte_4,0.5,0,
9.0,Chord,Parte_1,0.5,"[62, 65]",
9.0,Note,Parte_3,0.5,57,
9.0,Note,Parte_4,0.5,41,
9.5,Rest,Parte_1,0.5,0,
9.5,Rest,Parte_3,0.5,0,
9.5,Rest,Parte_4,0.5,0,
10.0,Chord,Parte_1,2.0,"[59, 62]",
10.0,Rest,Parte_2,2.0,0,
10.0,Note,Parte_3,1.0,43,
10.0,Rest,Parte_4,2.0,0,
11.0,Note,Parte_3,0.75,55,
11.75,Note,Parte_3,0.25,53,
12.0,Chord,Parte_1,0.5,"[60, 67]",
12.0,Rest,Parte_2,4.0,0,
12.0,Note,Parte_3,0.5,52,
12.0,Rest,Parte_4,4.0,0,
12.5,Rest,Parte_1,0.5,0,
12.5,Rest,Parte_3,0.5,0,
13.0,Chord,Parte_1,0.5,"[59, 65, 67]",
13.0,Note,Parte_3,0.5,50,
13.5,Rest,Parte_1,0.5,0,
13.5,Rest,Parte_3,0.5,0,
14.0,Chord,Parte_1,0.5,"[60, 64, 67]",
14.0,Note,Parte_3,0.5,48,
14.5,Rest,Parte_1,0.5,0,
14.5,Rest,Parte_3,0.5,0,
15.0,Chord,Parte_1,0.5,"[62, 64, 68]",
15.0,Note,Parte_3,0.5,47,
15.5,Rest,Parte_1,0.5,0,
15.5,Rest,Parte_3,0.5,0,
16.0,Chord,Parte_1,0.5,"[60, 64, 69]",
16.0,Rest,Parte_2,4.0,0,
16.0,Note,Parte_3,0.5,45,
16.0,Rest,Parte_4,4.0,0,
16.5,Rest,Parte_1,0.5,0,
16.5,Rest,Parte_3,0.5,0,
17.0,Chord,Parte_1,0.5,"[60, 65, 69]",
17.0,Note,Parte_3,0.5,41,
17.5,Rest,Parte_1,0.5,0,
17.5,Rest,Parte_3,0.5,0,
18.0,Chord,Parte_1,1.0,"[59, 62]",start
18.0,Note,Parte_3,2.0,43,
19.0,Chord,Parte_1,0.75,"[59, 62]",stop
19.75,Note,Parte_1,0.25,55,
20.0,Note,Parte_1,0.5,60,
20.0,Rest,Parte_2,4.0,0,
20.0,Chord,Parte_3,0.5,"[52, 55]",
20.0,Note,Parte_4,0.5,48,
20.5,Rest,Parte_1,0.5,0,
20.5,Rest,Parte_3,0.5,0,
20.5,Rest,Parte_4,0.5,0,
21.0,Note,Parte_1,0.5,59,
21.0,Chord,Parte_3,0.5,"[53, 55]",
21.0,Note,Parte_4,0.5,50,
21.5,Rest,Parte_1,0.5,0,
21.5,Rest,Parte_3,0.5,0,
21.5,Rest,Parte_4,0.5,0,
22.0,Note,Parte_1,0.5,60,
22.0,Note,Parte_3,0.5,55,
22.0,Note,Parte_4,0.5,52,
22.5,Rest,Parte_1,0.5,0,
22.5,Rest,Parte_3,0.5,0,
22.5,Rest,Parte_4,0.5,0,
23.0,Note,Parte_1,0.5,62,
23.0,Note,Parte_3,0.5,55,
23.0,Note,Parte_4,0.5,47,
23.5,Rest,Parte_1,0.5,0,
23.5,Rest,Parte_3,0.5,0,
23.5,Rest,Parte_4,0.5,0,
24.0,Note,Parte_1,0.5,64,
24.0,Rest,Parte_2,0.5,0,
24.0,Note,Parte_3,0.5,55,
24.0,Note,Parte_4,0.5,48,
24.5,Rest,Parte_1,0.5,0,
24.5,Rest,Parte_2,3.5,0,
24.5,Rest,Parte_3,0.5,0,
24.5,Rest,Parte_4,3.5,0,
25.0,Chord,Parte_1,0.5,"[60, 66]",
25.0,Chord,Parte_3,0.5,"[45, 50]",
25.5,Rest,Parte_1,0.5,0,
25.5,Rest,Parte_3,0.5,0,
26.0,Chord,Parte_1,2.0,"[62, 67]",
26.0,Chord,Parte_3,2.0,"[47, 50]",
28.0,Chord,Parte_1,0.5,"[64, 69]",
28.0,Rest,Parte_2,4.0,0,
28.0,Chord,Parte_3,0.5,"[48, 55]",
28.0,Rest,Parte_4,4.0,0,
28.5,Rest,Parte_1,0.5,0,
28.5,Rest,Parte_3,0.5,0,
29.0,Chord,Parte_1,0.5,"[64, 70]",
29.0,Chord,Parte_3,0.5,"[49, 55]",
29.5,Rest,Parte_1,0.5,0,
29.5,Rest,Parte_3,0.5,0,
30.0,Chord,Parte_1,2.0,"[62, 71]",
30.0,Chord,Parte_3,2.0,"[50, 55]",
32.0,Chord,Parte_1,0.5,"[66, 72]",
32.0,Rest,Parte_2,4.0,0,
32.0,Chord,Parte_3,0.5,"[50, 57]",
32.0,Rest,Parte_4,4.0,0,
32.5,Rest,Parte_1,0.5,0,
32.5,Rest,Parte_3,0.5,0,
33.0,Chord,Parte_1,0.5,"[66, 69]",
33.0,Chord,Parte_3,0.5,"[50, 60]",
33.5,Rest,Parte_1,0.5,0,
33.5,Rest,Parte_3,0.5,0,
34.0,Note,Parte_1,0.5,67,
34.0,Chord,Parte_3,0.5,"[55, 59]",
34.5,Rest,Parte_1,0.5,0,
34.5,Rest,Parte_3,0.5,0,
35.0,Rest,Parte_1,0.75,0,
35.0,Rest,Parte_3,0.75,0,
35.75,Rest,Parte_1,0.25,0,
35.75,Rest,Parte_3,0.25,0,
36.0,Note,Parte_1,0.25,67,
36.0,Rest,Parte_2,4.0,0,
36.0,Rest,Parte_3,0.25,0,
36.0,Rest,Parte_4,4.0,0,
36.25,Tempo,76.0
36.25,Rest,Parte_1,3.75,0,
36.25,Rest,Parte_3,3.75,0,
40.0,Chord,Parte_1,1.0,"[72, 79]",
40.0,Rest,Parte_2,3.0,0,
40.0,Rest,Parte_3,3.0,0,
40.0,Chord,Parte_4,1.0,"[64, 67]",
41.0,Chord,Parte_1,1.0,"[71, 77]",
41.0,Chord,Parte_4,1.0,"[62, 67]",
42.0,Chord,Parte_1,1.0,"[72, 76]",
42.0,Chord,Parte_4,1.0,"[60, 67]",
43.0,Chord,Parte_1,1.0,"[72, 76]",
43.0,Note,Parte_2,0.0,74,
43.0,Note,Parte_2,0.0,76,
43.0,Tuplet 9:8,Parte_2,"[['Note', 0.125, 76, None], ['Note', 0.125, 77, None], ['Note', 0.125, 76, None], ['Note', 0.125, 77, None], ['Note', 0.125, 76, None], ['Note', 0.125, 77, None], ['Note', 0.125, 76, None], ['Note', 0.125, 74, None], ['Note', 0.125, 76, None]]"
43.0,Tuplet 160:159,Parte_3,"[['Rest', 1.0, 0, None], ['Rest', 0.0078125, 0, None]]"
43.0,Chord,Parte_4,1.0,"[58, 67]",
7039/160,Tuplet 5:4,Parte_2,"[['Rest', 0.0078125, 0, None]]"
44.0,Chord,Parte_1,1.0,"[72, 84]",
44.0,Rest,Parte_2,4.0,0,
44.0,Chord,Parte_3,1.0,"[57, 65]",
44.0,Rest,Parte_4,4.0,0,
45.0,Chord,Parte_1,1.0,"[72, 82]",
45.0,Chord,Parte_3,1.0,"[55, 64]",
46.0,Chord,Parte_1,1.0,"[72, 81]",start
46.0,Chord,Parte_3,2.0,"[53, 65]",
47.0,Chord,Parte_1,0.75,"[72, 81]",stop
47.75,Note,Parte_1,0.25,69,
48.0,Chord,Parte_1,1.0,"[69, 81]",
48.0,Rest,Parte_2,4.0,0,
48.0,Chord,Parte_3,1.0,"[53, 60]",
48.0,Rest,Parte_4,4.0,0,
49.0,Chord,Parte_1,1.0,"[69, 79]",
49.0,Chord,Parte_3,1.0,"[52, 61]",
50.0,Chord,Parte_1,1.0,"[69, 77]",
50.0,Chord,Parte_3,1.0,"[50, 62]",
51.0,Chord,Parte_1,1.0,"[67, 73, 76]",
51.0,Note,Parte_3,1.0,52,
52.0,Chord,Parte_1,1.0,"[65, 69, 74]",
52.0,Rest,Parte_2,4.0,0,
52.0,Note,Parte_3,1.0,53,
52.0,Rest,Parte_4,4.0,0,
53.0,Chord,Parte_1,1.0,"[63, 69, 72]",start
53.0,Note,Parte_3,1.0,54,
54.0,Chord,Parte_1,1.0,"[62, 67, 72]",stop
54.0,Note,Parte_3,1.0,55,
55.0,Note,Parte_1,1.0,71,
55.0,Note,Parte_3,0.75,67,
55.75,Note,Parte_3,0.25,65,
56.0,Chord,Parte_1,0.5,"[67, 72]",
56.0,Rest,Parte_2,4.0,0,
56.0,Note,Parte_3,0.5,64,
56.0,Rest,Parte_4,4.0,0,
56.5,Rest,Parte_1,0.5,0,
56.5,Rest,Parte_3,0.5,0,
57.0,Chord,Parte_1,0.5,"[65, 67, 71]",
57.0,Note,Parte_3,0.5,62,
57.5,Rest,Parte_1,0.5,0,
57.5,Rest,Parte_3,0.5,0,
58.0,Chord,Parte_1,0.5,"[64, 67, 72]",
58.0,Note,Parte_3,0.5,60,
58.5,Rest,Parte_1,0.5,0,
58.5,Rest,Parte_3,0.5,0,
59.0,Chord,Parte_1,0.5,"[62, 67, 74]",
59.0,Chord,Parte_3,0.5,"[47, 50, 55, 59]",
59.5,Rest,Parte_1,0.5,0,
59.5,Rest,Parte_3,0.5,0,
60.0,Chord,Parte_1,0.5,"[64, 67, 72, 76]",
60.0,Rest,Parte_2,3.0,0,
60.0,Rest,Parte_3,3.0,0,
60.0,Chord,Parte_4,0.5,"[48, 52, 55, 60]",
60.5,Rest,Parte_1,0.5,0,
60.5,Rest,Parte_4,0.5,0,
61.0,Chord,Parte_1,0.5,"[65, 69, 74, 77]",
61.0,Chord,Parte_4,0.5,"[41, 45, 50, 53]",
61.5,Rest,Parte_1,0.5,0,
61.5,Rest,Parte_4,0.5,0,
62.0,Chord,Parte_1,0.5,"[62, 67, 71, 74]",
62.0,Chord,Parte_4,0.5,"[43, 47, 50, 55]",
62.5,Rest,Parte_1,0.5,0,
62.5,Rest,Parte_4,0.5,0,
63.0,Note,Parte_1,1.0,79,start
63.0,Note,Parte_2,1.0,67,start
63.0,Rest,Parte_3,1.0,0,
63.0,Rest,Parte_4,0.5,0,
63.5,Chord,Parte_4,0.5,"[53, 59]",
64.0,Note,Parte_1,1.0,79,stop
64.0,Note,Parte_2,1.0,67,stop
64.0,Note,Parte_3,1.0,60,
64.0,Note,Parte_4,1.0,52,
65.0,Note,Parte_1,1.0,79,start
65.0,Note,Parte_2,1.0,70,
65.0,Note,Parte_3,1.0,61,start
65.0,Note,Parte_4,1.0,52,
66.0,Note,Parte_1,1.0,79,stop
66.0,Note,Parte_2,2.0,69,
66.0,Note,Parte_3,1.0,61,stop
66.0,Note,Parte_4,2.0,53,
67.0,Note,Parte_1,1.0,77,
67.0,Note,Parte_3,1.0,62,
68.0,Chord,Parte_1,0.5,"[67, 72, 76]",
68.0,Rest,Parte_2,4.0,0,
68.0,Note,Parte_3,0.5,55,
68.0,Rest,Parte_4,4.0,0,
68.5,Rest,Parte_1,0.5,0,
68.5,Rest,Parte_3,0.5,0,
69.0,Chord,Parte_1,0.5,"[65, 71, 74]",
69.0,Note,Parte_3,0.5,43,
69.5,Rest,Parte_1,0.5,0,
69.5,Rest,Parte_3,0.5,0,
70.0,Chord,Parte_1,0.5,"[64, 67, 72]",
70.0,Note,Parte_3,0.5,48,
70.5,Rest,Parte_1,0.5,0,
70.5,Rest,Parte_3,0.5,0,
71.0,Rest,Parte_1,1.0,0,
71.0,Rest,Parte_3,1.0,0,
72.0,Note,Parte_1,0.5,59,
72.0,Rest,Parte_2,4.0,0,
72.0,Chord,Parte_3,0.5,"[50, 53]",
72.0,Note,Parte_4,0.5,43,
72.5,Rest,Parte_1,0.5,0,
72.5,Rest,Parte_3,0.5,0,
72.5,Rest,Parte_4,0.5,0,
73.0,Note,Parte_1,0.5,60,
73.0,Chord,Parte_3,0.5,"[52, 55]",
73.0,Note,Parte_4,0.5,36,
73.5,Rest,Parte_1,0.5,0,
73.5,Rest,Parte_3,0.5,0,
73.5,Rest,Parte_4,0.5,0,
74.0,Note,Parte_1,0.5,61,
74.0,Chord,Parte_3,0.5,"[52, 55]",
74.0,Note,Parte_4,0.5,45,
74.5,Rest,Parte_1,0.5,0,
74.5,Rest,Parte_3,0.5,0,
74.5,Rest,Parte_4,0.5,0,
75.0,Note,Parte_1,0.5,62,
75.0,Chord,Parte_3,0.5,"[53, 57]",
75.0,Note,Parte_4,0.5,38,
75.5,Rest,Parte_1,0.5,0,
75.5,Rest,Parte_3,0.5,0,
75.5,Rest,Parte_4,0.5,0,
76.0,Note,Parte_1,0.5,63,
76.0,Rest,Parte_2,4.0,0,
76.0,Chord,Parte_3,0.5,"[54, 57]",
76.0,Note,Parte_4,0.5,47,
76.5,Rest,Parte_1,0.5,0,
76.5,Rest,Parte_3,0.5,0,
76.5,Rest,Parte_4,0.5,0,
77.0,Note,Parte_1,0.5,64,
77.0,Chord,Parte_3,0.5,"[55, 59]",
77.0,Note,Parte_4,0.5,40,
77.5,Rest,Parte_1,0.5,0,
77.5,Rest,Parte_3,0.5,0,
77.5,Rest,Parte_4,0.5,0,
78.0,Note,Parte_1,2.0,65,start
78.0,Chord,Parte_3,2.0,"[55, 59]",start
78.0,Chord,Parte_4,2.0,"[38, 50]",
80.0,Note,Parte_1,1.0,65,stop
80.0,Rest,Parte_2,4.0,0,
80.0,Chord,Parte_3,1.0,"[55, 59]",stop
80.0,Note,Parte_4,1.0,36,
81.0,Chord,Parte_1,1.0,"[60, 64]",
81.0,Note,Parte_3,1.0,55,
81.0,Note,Parte_4,1.0,48,
82.0,Chord,Parte_1,1.0,"[60, 62]",
82.0,Note,Parte_3,1.0,53,
82.0,Note,Parte_4,1.0,45,
83.0,Chord,Parte_1,1.0,"[60, 65]",
83.0,Note,Parte_3,1.0,57,
83.0,Note,Parte_4,1.0,41,
84.0,Chord,Parte_1,0.5,"[60, 64]",
84.0,Rest,Parte_2,4.0,0,
84.0,Note,Parte_3,0.5,55,
84.0,Note,Parte_4,0.5,43,
84.5,Rest,Parte_1,0.5,0,
84.5,Rest,Parte_3,0.5,0,
84.5,Rest,Parte_4,0.5,0,
85.0,Chord,Parte_1,0.5,"[59, 62]",
85.0,Note,Parte_3,0.5,53,
85.0,Note,Parte_4,0.5,31,
85.5,Rest,Parte_1,0.5,0,
85.5,Rest,Parte_3,0.5,0,
85.5,Rest,Parte_4,0.5,0,
86.0,Note,Parte_1,0.5,60,
86.0,Chord,Parte_3,0.5,"[52, 55]",
86.0,Note,Parte_4,0.5,36,
86.5,Rest,Parte_1,0.5,0,
86.5,Rest,Parte_3,0.5,0,
86.5,Rest,Parte_4,0.5,0,
87.0,Rest,Parte_1,0.75,0,
87.0,Rest,Parte_3,0.75,0,
87.0,Rest,Parte_4,0.75,0,
87.75,Rest,Parte_1,0.25,0,
87.75,Rest,Parte_3,0.25,0,
87.75,Rest,Parte_4,0.25,0,
88.0,Rest,Parte_1,0.25,0,
88.0,Rest,Parte_2,4.0,0,
88.0,Note,Parte_3,0.25,55,
88.0,Rest,Parte_4,4.0,0,
88.25,Rest,Parte_1,3.75,0,
88.25,Rest,Parte_3,3.75,0,
92.0,Rest,Parte_1,0.5,0,
92.0,Rest,Parte_2,4.0,0,
92.0,Chord,Parte_3,1.0,"[52, 60]",
92.0,Rest,Parte_4,4.0,0,
92.5,Note,Parte_1,1.0,79,
93.0,Chord,Parte_3,1.0,"[53, 59]",
93.5,Note,Parte_1,1.0,79,
94.0,Chord,Parte_3,1.0,"[52, 60]",
94.5,Note,Parte_1,1.0,79,
95.0,Chord,Parte_3,1.0,"[59, 62]",
95.5,Note,Parte_1,0.5,79,start
96.0,Note,Parte_1,0.5,79,stop
96.0,Rest,Parte_2,4.0,0,
96.0,Chord,Parte_3,1.0,"[60, 64]",
96.0,Rest,Parte_4,4.0,0,
96.5,Note,Parte_1,1.0,79,
97.0,Chord,Parte_3,1.0,"[62, 65]",
97.5,Note,Parte_1,1.0,79,
98.0,Chord,Parte_3,2.0,"[59, 62]",
98.5,Note,Parte_1,0.5,79,
99.0,Note,Parte_1,0.5,79,
99.5,Note,Parte_1,0.5,79,
100.0,Rest,Parte_1,0.5,0,
100.0,Rest,Parte_2,4.0,0,
100.0,Chord,Parte_3,1.0,"[64, 67]",
100.0,Rest,Parte_4,4.0,0,
100.5,Note,Parte_1,1.0,79,
101.0,Chord,Parte_3,1.0,"[62, 67]",
101.5,Note,Parte_1,1.0,77,
102.0,Chord,Parte_3,1.0,"[60, 67]",
102.5,Note,Parte_1,1.0,76,
103.0,Chord,Parte_3,1.0,"[59, 68]",
103.5,Note,Parte_1,0.5,74,start
104.0,Note,Parte_1,0.5,74,stop
104.0,Rest,Parte_2,1.0,0,
104.0,Chord,Parte_3,1.0,"[57, 69]",
104.0,Rest,Parte_4,4.0,0,
104.5,Note,Parte_1,1.0,72,
105.0,Note,Parte_2,1.0,69,
105.0,Note,Parte_3,1.0,53,
105.5,Note,Parte_1,0.5,74,
106.0,Note,Parte_1,0.5,72,
106.0,Note,Parte_2,2.0,62,
106.0,Note,Parte_3,2.0,55,
106.5,Note,Parte_1,0.5,71,
107.0,Note,Parte_1,0.5,69,
107.5,Note,Parte_1,0.5,67,
107.75,Tempo,60.0
108.0,Note,Parte_1,0.5,79,
108.0,Rest,Parte_2,4.0,0,
108.0,Chord,Parte_3,1.0,"[52, 60]",
108.0,Rest,Parte_4,4.0,0,
108.25,Tempo,70.0
108.5,Note,Parte_1,1.0,79,
109.0,Chord,Parte_3,1.0,"[53, 59]",
109.5,Note,Parte_1,1.0,79,
109.75,Tempo,76.0
110.0,Chord,Parte_3,1.0,"[52, 60]",
110.5,Note,Parte_1,1.0,79,
111.0,Chord,Parte_3,1.0,"[59, 62]",
111.5,Note,Parte_1,0.5,79,start
112.0,Note,Parte_1,0.5,79,stop
112.0,Rest,Parte_2,4.0,0,
112.0,Chord,Parte_3,1.0,"[60, 64]",
112.0,Rest,Parte_4,4.0,0,
112.5,Note,Parte_1,0.5,84,
113.0,Note,Parte_1,0.5,84,
113.0,Chord,Parte_3,1.0,"[57, 66]",
113.5,Note,Parte_1,0.5,84,
114.0,Note,Parte_1,0.5,84,
114.0,Chord,Parte_3,2.0,"[59, 67]",
114.5,Note,Parte_1,0.5,83,
115.0,Note,Parte_1,0.5,81,
115.5,Note,Parte_1,0.5,79,
116.0,Rest,Parte_1,0.5,0,
116.0,Rest,Parte_2,4.0,0,
116.0,Chord,Parte_3,1.0,"[60, 69]",
116.0,Rest,Parte_4,4.0,0,
116.5,Note,Parte_1,0.5,88,
117.0,Note,Parte_1,0.5,88,
117.0,Chord,Parte_3,1.0,"[61, 70]",
117.5,Note,Parte_1,0.5,88,
118.0,Note,Parte_1,0.5,88,
118.0,Chord,Parte_3,2.0,"[62, 71]",
118.5,Note,Parte_1,0.5,86,
119.0,Note,Parte_1,0.5,85,
119.5,Note,Parte_1,0.5,86,start
120.0,Note,Parte_1,0.5,86,stop
120.0,Rest,Parte_2,4.0,0,
120.0,Chord,Parte_3,1.0,"[62, 72]",
120.0,Rest,Parte_4,4.0,0,
120.5,Note,Parte_1,0.5,74,
121.0,Note,Parte_1,0.5,76,
121.0,Chord,Parte_3,1.0,"[62, 69]",
121.5,Note,Parte_1,0.5,78,start
122.0,Note,Parte_1,0.5,78,stop
122.0,Chord,Parte_3,2.0,"[55, 67]",
122.5,Note,Parte_1,0.5,79,
123.0,Note,Parte_1,0.5,74,
123.5,Note,Parte_1,0.5,71,
124.0,Rest,Parte_1,0.5,0,
124.0,Rest,Parte_2,4.0,0,
124.0,Chord,Parte_3,1.0,"[64, 67]",
124.0,Rest,Parte_4,4.0,0,
124.5,Note,Parte_1,1.0,79,
125.0,Chord,Parte_3,1.0,"[62, 65]",
125.5,Note,Parte_1,1.0,79,
126.0,Chord,Parte_3,1.0,"[60, 64]",
126.5,Note,Parte_1,1.0,79,
127.0,Chord,Parte_3,1.0,"[58, 64]",
127.5,Note,Parte_1,0.5,79,start
127.75,Tempo,65.0
128.0,Note,Parte_1,0.5,79,stop
128.0,Note,Parte_2,1.0,72,
128.0,Chord,Parte_3,1.0,"[57, 60]",
128.0,Rest,Parte_4,4.0,0,
128.5,Note,Parte_1,1.0,77,
128.75,Tempo,76.0
129.0,Note,Parte_2,1.0,70,
129.0,Chord,Parte_3,1.0,"[55, 60]",
129.5,Note,Parte_1,0.5,76,start
130.0,Note,Parte_1,0.5,76,stop
130.0,Note,Parte_2,2.0,69,
130.0,Chord,Parte_3,2.0,"[53, 60]",
130.5,Note,Parte_1,0.5,77,
131.0,Note,Parte_1,0.5,79,
131.5,Note,Parte_1,0.5,80,
132.0,Note,Parte_1,0.5,81,
132.0,Rest,Parte_2,4.0,0,
132.0,Chord,Parte_3,1.0,"[65, 69]",
132.0,Rest,Parte_4,4.0,0,
132.5,Note,Parte_1,1.0,81,
133.0,Chord,Parte_3,1.0,"[61, 67]",
133.5,Note,Parte_1,1.0,81,
134.0,Chord,Parte_3,1.0,"[62, 65]",
134.5,Note,Parte_1,1.0,81,
135.0,Chord,Parte_3,1.0,"[55, 64]",
135.5,Note,Parte_1,0.5,81,start
136.0,Note,Parte_1,0.5,81,stop
136.0,Rest,Parte_2,4.0,0,
136.0,Note,Parte_3,1.0,62,
136.0,Note,Parte_4,1.0,53,
136.5,Note,Parte_1,1.0,86,
137.0,Note,Parte_3,1.0,60,
137.0,Note,Parte_4,1.0,54,
137.5,Note,Parte_1,0.5,74,start
138.0,Note,Parte_1,0.5,74,stop
138.0,Note,Parte_3,1.0,60,
138.0,Note,Parte_4,2.0,55,
138.5,Note,Parte_1,1.0,79,
139.0,Note,Parte_3,1.0,59,
139.5,Note,Parte_1,0.25,77,
139.75,Tempo,62.0
139.75,Note,Parte_1,0.25,74,
140.0,Note,Parte_1,0.5,72,
140.0,Rest,Parte_2,4.0,0,
140.0,Chord,Parte_3,1.0,"[52, 60]",
140.0,Rest,Parte_4,4.0,0,
140.5,Note,Parte_1,1.0,79,
140.75,Tempo,76.0
141.0,Chord,Parte_3,1.0,"[53, 59]",
141.5,Note,Parte_1,1.0,79,
142.0,Chord,Parte_3,1.0,"[52, 60]",
142.5,Note,Parte_1,1.0,79,
143.0,Chord,Parte_3,1.0,"[59, 62]",
143.5,Note,Parte_1,0.5,79,start
144.0,Note,Parte_1,0.5,79,stop
144.0,Rest,Parte_2,4.0,0,
144.0,Chord,Parte_3,1.0,"[60, 64]",
144.0,Rest,Parte_4,4.0,0,
144.5,Note,Parte_1,1.0,79,
145.0,Chord,Parte_3,1.0,"[62, 65]",
145.5,Note,Parte_1,1.0,79,
146.0,Chord,Parte_3,1.0,"[59, 62]",
146.5,Note,Parte_1,1.0,79,
147.0,Chord,Parte_3,1.0,"[65, 67]",
147.5,Note,Parte_1,0.5,71,start
148.0,Note,Parte_1,0.5,71,stop
148.0,Rest,Parte_2,4.0,0,
148.0,Chord,Parte_3,1.0,"[64, 67]",
148.0,Rest,Parte_4,4.0,0,
148.5,Note,Parte_1,1.0,72,
149.0,Chord,Parte_3,1.0,"[58, 67]",
149.5,Note,Parte_1,1.0,73,
150.0,Chord,Parte_3,1.0,"[57, 67]",
150.5,Note,Parte_1,1.0,74,
151.0,Chord,Parte_3,1.0,"[57, 65]",
151.5,Note,Parte_1,0.5,81,start
152.0,Note,Parte_1,0.5,81,stop
152.0,Rest,Parte_2,4.0,0,
152.0,Chord,Parte_3,1.0,"[55, 64]",
152.0,Rest,Parte_4,4.0,0,
152.5,Note,Parte_1,1.0,72,
153.0,Chord,Parte_3,1.0,"[55, 62]",
153.5,Note,Parte_1,0.5,71,
154.0,Note,Parte_1,0.5,72,
154.0,Chord,Parte_3,1.0,"[48, 60]",
154.5,Note,Parte_1,0.5,67,
155.0,Note,Parte_1,0.5,64,
155.0,Rest,Parte_3,1.0,0,
155.5,Note,Parte_1,0.5,60,
156.0,Rest,Parte_1,0.5,0,
156.0,Rest,Parte_2,4.0,0,
156.0,Rest,Parte_3,0.5,0,
156.0,Note,Parte_4,1.0,43,
156.5,Note,Parte_1,1.0,59,
156.5,Chord,Parte_3,1.0,"[50, 53]",
157.0,Note,Parte_4,0.5,36,
157.5,Note,Parte_1,0.5,60,
157.5,Chord,Parte_3,0.5,"[52, 55]",
157.5,Rest,Parte_4,0.5,0,
157.75,Tempo,60.0
158.0,Rest,Parte_1,0.5,0,
158.0,Rest,Parte_3,0.5,0,
158.0,Note,Parte_4,1.0,45,
158.25,Tempo,76.0
158.5,Note,Parte_1,1.0,61,
158.5,Chord,Parte_3,1.0,"[52, 55]",
159.0,Note,Parte_4,0.5,38,
159.5,Note,Parte_1,0.5,62,
159.5,Chord,Parte_3,0.5,"[53, 57]",
159.5,Rest,Parte_4,0.5,0,
160.0,Rest,Parte_1,0.5,0,
160.0,Rest,Parte_2,4.0,0,
160.0,Rest,Parte_3,0.5,0,
160.0,Note,Parte_4,1.0,47,
160.5,Note,Parte_1,1.0,63,
160.5,Chord,Parte_3,1.0,"[54, 57]",
161.0,Note,Parte_4,0.5,40,
161.5,Note,Parte_1,0.5,64,
161.5,Chord,Parte_3,0.5,"[55, 59]",
161.5,Rest,Parte_4,0.5,0,
162.0,Rest,Parte_1,0.5,0,
162.0,Rest,Parte_3,0.5,0,
162.0,Chord,Parte_4,2.0,"[38, 50]",
162.5,Note,Parte_1,1.0,65,
162.5,Chord,Parte_3,1.0,"[55, 59]",
163.5,Note,Parte_1,0.5,65,start
163.5,Chord,Parte_3,0.5,"[55, 59]",start
164.0,Note,Parte_1,0.5,65,stop
164.0,Rest,Parte_2,4.0,0,
164.0,Chord,Parte_3,0.5,"[55, 59]",stop
164.0,Note,Parte_4,1.0,36,
164.5,Note,Parte_1,1.0,65,
164.5,Chord,Parte_3,1.0,"[55, 59]",
165.0,Note,Parte_4,1.0,48,
165.5,Chord,Parte_1,1.0,"[60, 64]",
165.5,Note,Parte_3,1.0,55,
166.0,Note,Parte_4,1.0,45,
166.5,Chord,Parte_1,1.0,"[60, 62]",
166.5,Note,Parte_3,1.0,53,
167.0,Note,Parte_4,1.0,41,
167.5,Chord,Parte_1,0.5,"[60, 65]",start
167.5,Note,Parte_3,0.5,57,start
168.0,Chord,Parte_1,0.5,"[60, 65]",stop
168.0,Rest,Parte_2,4.0,0,
168.0,Note,Parte_3,0.5,57,stop
168.0,Note,Parte_4,1.0,43,
168.25,Tempo,85.0
168.5,Chord,Parte_1,1.0,"[60, 64]",
168.5,Note,Parte_3,1.0,55,
169.0,Note,Parte_4,1.0,31,
169.5,Chord,Parte_1,0.5,"[59, 62]",
169.5,Note,Parte_3,0.5,53,
170.0,Note,Parte_1,1.0,60,
170.0,Chord,Parte_3,1.0,"[52, 55]",
170.0,Note,Parte_4,1.0,36,
171.0,Rest,Parte_1,0.5,0,
171.0,Rest,Parte_3,1.0,0,
171.0,Rest,Parte_4,1.0,0,
171.5,Note,Parte_1,0.5,67,
172.0,Note,Parte_1,0.5,79,
172.0,Rest,Parte_2,4.0,0,
172.0,Chord,Parte_3,1.0,"[64, 67]",
172.0,Rest,Parte_4,4.0,0,
172.5,Note,Parte_1,1.0,79,
173.0,Chord,Parte_3,1.0,"[62, 65]",
173.5,Note,Parte_1,1.0,79,
174.0,Chord,Parte_3,1.0,"[60, 64]",
174.5,Note,Parte_1,1.0,79,
175.0,Chord,Parte_3,1.0,"[58, 64]",
175.5,Note,Parte_1,0.5,79,
176.0,Chord,Parte_1,0.5,"[60, 65]",
176.0,Rest,Parte_2,3.0,0,
176.0,Note,Parte_3,0.5,57,
176.0,Note,Parte_4,1.0,43,
176.5,Chord,Parte_1,1.0,"[60, 64]",
176.5,Note,Parte_3,1.0,55,
177.0,Note,Parte_4,1.0,31,
177.5,Chord,Parte_1,0.5,"[59, 62]",
177.5,Note,Parte_3,0.5,53,
178.0,Note,Parte_1,1.0,60,
178.0,Chord,Parte_3,1.0,"[52, 55]",
178.0,Note,Parte_4,1.0,36,
179.0,Rest,Parte_1,0.5,0,
179.0,Rest,Parte_2,1.0,0,
179.0,Rest,Parte_3,1.0,0,
179.0,Rest,Parte_4,1.0,0,
179.5,Note,Parte_1,0.5,67,
180.0,Note,Parte_1,0.5,72,
180.0,Rest,Parte_2,4.0,0,
180.0,Note,Parte_3,0.5,48,
180.0,Rest,Parte_4,4.0,0,
180.5,Chord,Parte_1,0.5,"[67, 72]",
180.5,Note,Parte_3,0.5,64,
181.0,Rest,Parte_1,0.5,0,
181.0,Note,Parte_3,0.5,48,
181.5,Chord,Parte_1,0.5,"[65, 67, 71]",
181.5,Note,Parte_3,0.5,62,
182.0,Rest,Parte_1,0.5,0,
182.0,Note,Parte_3,0.5,48,
182.5,Chord,Parte_1,0.5,"[64, 67, 72]",
182.5,Note,Parte_3,0.5,60,
183.0,Rest,Parte_1,0.5,0,
183.0,Note,Parte_3,0.5,48,
183.5,Chord,Parte_1,0.5,"[65, 67, 74]",
183.5,Note,Parte_3,0.5,59,
184.0,Rest,Parte_1,0.5,0,
184.0,Rest,Parte_2,4.0,0,
184.0,Note,Parte_3,0.5,48,
184.0,Rest,Parte_4,4.0,0,
184.25,Tempo,85.0
184.5,Chord,Parte_1,0.5,"[67, 72, 76]",
184.5,Note,Parte_3,0.5,58,
185.0,Rest,Parte_1,0.5,0,
185.0,Note,Parte_3,0.5,48,
185.5,Chord,Parte_1,0.5,"[65, 72, 77]",
185.5,Note,Parte_3,0.5,57,
186.0,Rest,Parte_1,0.5,0,
186.0,Note,Parte_3,0.5,48,
186.5,Chord,Parte_1,0.5,"[65, 72, 74]",
186.5,Note,Parte_3,0.5,56,
187.0,Rest,Parte_1,0.5,0,
187.0,Note,Parte_3,0.5,48,
187.5,Chord,Parte_1,0.5,"[65, 71, 74]",
187.5,Note,Parte_3,0.5,55,
188.0,Rest,Parte_1,0.5,0,
188.0,Rest,Parte_2,4.0,0,
188.0,Note,Parte_3,0.5,36,
188.0,Rest,Parte_4,4.0,0,
188.5,Chord,Parte_1,0.5,"[67, 71, 74, 79]",
188.5,Note,Parte_3,0.5,53,
189.0,Rest,Parte_1,0.5,0,
189.0,Note,Parte_3,0.5,36,
189.5,Chord,Parte_1,0.5,"[67, 72, 79]",
189.5,Note,Parte_3,0.5,52,
190.0,Rest,Parte_1,0.5,0,
190.0,Note,Parte_3,0.5,36,
190.5,Chord,Parte_1,0.5,"[71, 77, 79]",
190.5,Note,Parte_3,0.5,50,
191.0,Rest,Parte_1,0.5,0,
191.0,Note,Parte_3,0.5,36,
191.5,Chord,Parte_1,0.5,"[70, 76, 80]",
191.5,Note,Parte_3,0.5,48,
192.0,Rest,Parte_1,0.5,0,
192.0,Rest,Parte_2,2.5,0,
192.0,Rest,Parte_3,2.5,0,
192.0,Note,Parte_4,0.5,41,
192.5,Chord,Parte_1,0.5,"[69, 77, 81]",
192.5,Note,Parte_4,0.5,53,
193.0,Rest,Parte_1,0.5,0,
193.0,Note,Parte_4,0.5,38,
193.5,Chord,Parte_1,0.5,"[69, 77, 81]",
193.5,Note,Parte_4,0.5,50,
194.0,Rest,Parte_1,0.5,0,
194.0,Note,Parte_4,0.5,43,
194.5,Chord,Parte_1,1.5,"[71, 74]",
194.5,Note,Parte_2,1.0,68,
194.5,Rest,Parte_3,1.5,0,
194.5,Note,Parte_4,1.5,55,
195.5,Note,Parte_2,0.25,67,
195.75,Note,Parte_2,0.25,65,
196.0,Rest,Parte_1,0.5,0,
196.0,Rest,Parte_2,4.0,0,
196.0,Note,Parte_3,0.5,48,
196.0,Rest,Parte_4,4.0,0,
196.25,Tempo,85.0
196.5,Chord,Parte_1,0.5,"[67, 72]",
196.5,Note,Parte_3,0.5,64,
196.75,Tempo,82.0
197.0,Rest,Parte_1,0.5,0,
197.0,Note,Parte_3,0.5,48,
197.25,Tempo,80.0
197.5,Chord,Parte_1,0.5,"[65, 67, 71]",
197.5,Note,Parte_3,0.5,62,
197.75,Tempo,78.0
198.0,Rest,Parte_1,0.5,0,
198.0,Note,Parte_3,0.5,48,
198.25,Tempo,76.0
198.5,Chord,Parte_1,0.5,"[64, 67, 72]",
198.5,Note,Parte_3,0.5,60,
198.75,Tempo,85.0
199.0,Rest,Parte_1,0.5,0,
199.0,Note,Parte_3,0.5,47,
199.5,Chord,Parte_1,0.5,"[62, 67, 74]",
199.5,Note,Parte_3,0.5,59,
200.0,Rest,Parte_1,0.5,0,
200.0,Rest,Parte_2,4.0,0,
200.0,Note,Parte_3,0.5,48,
200.0,Rest,Parte_4,4.0,0,
200.5,Chord,Parte_1,0.5,"[64, 67, 72, 76]",
200.5,Note,Parte_3,0.5,60,
201.0,Rest,Parte_1,0.5,0,
201.0,Note,Parte_3,0.5,45,
201.5,Chord,Parte_1,0.5,"[66, 72, 75, 78]",
201.5,Note,Parte_3,0.5,57,
202.0,Rest,Parte_1,0.5,0,
202.0,Note,Parte_3,0.5,47,
202.5,Chord,Parte_1,1.0,"[67, 74, 79]",
202.5,Chord,Parte_3,1.0,"[59, 62]",
203.5,Chord,Parte_1,0.5,"[67, 74, 79]",
203.5,Chord,Parte_3,0.5,"[59, 62]",
204.0,Rest,Parte_1,0.5,0,
204.0,Rest,Parte_2,4.0,0,
204.0,Note,Parte_3,0.5,48,
204.0,Rest,Parte_4,4.0,0,
204.5,Chord,Parte_1,0.5,"[69, 76, 79, 81]",
204.5,Note,Parte_3,0.5,60,
205.0,Rest,Parte_1,0.5,0,
205.0,Note,Parte_3,0.5,49,
205.5,Chord,Parte_1,0.5,"[70, 76, 79, 82]",
205.5,Note,Parte_3,0.5,61,
206.0,Rest,Parte_1,0.5,0,
206.0,Note,Parte_3,0.5,50,
206.5,Chord,Parte_1,1.0,"[71, 74, 79, 83]",
206.5,Chord,Parte_3,1.0,"[62, 67]",
207.5,Chord,Parte_1,0.5,"[71, 74, 79, 83]",
207.5,Chord,Parte_3,0.5,"[62, 67]",
208.0,Rest,Parte_1,0.5,0,
208.0,Rest,Parte_2,4.0,0,
208.0,Note,Parte_3,0.5,50,
208.0,Rest,Parte_4,4.0,0,
208.5,Chord,Parte_1,0.5,"[72, 78, 84]",
208.5,Note,Parte_3,0.5,62,
209.0,Rest,Parte_1,0.5,0,
209.0,Note,Parte_3,0.5,50,
209.5,Chord,Parte_1,0.5,"[72, 78, 81]",
209.5,Note,Parte_3,0.5,62,
210.0,Rest,Parte_1,0.5,0,
210.0,Chord,Parte_3,1.0,"[43, 55]",
210.5,Note,Parte_1,1.0,79,
211.0,Rest,Parte_3,1.0,0,
211.5,Tuplet 3:2,Parte_1,"[['Note', 0.25, 74, None], ['Note', 0.25, 71, None], ['Note', 0.25, 67, None]]"
212.0,Rest,Parte_1,0.5,0,
212.0,Rest,Parte_2,4.0,0,
212.0,Note,Parte_3,0.5,55,
212.0,Rest,Parte_4,4.0,0,
212.5,Chord,Parte_1,0.5,"[67, 70, 73, 79]",
212.5,Chord,Parte_3,0.5,"[58, 61, 64]",
213.0,Rest,Parte_1,0.5,0,
213.0,Note,Parte_3,0.5,55,
213.5,Chord,Parte_1,0.5,"[67, 70, 73, 77]",
213.5,Chord,Parte_3,0.5,"[58, 61, 64]",
214.0,Rest,Parte_1,0.5,0,
214.0,Note,Parte_3,0.5,55,
214.5,Chord,Parte_1,0.5,"[67, 70, 73, 76]",
214.5,Chord,Parte_3,0.5,"[58, 61, 64]",
215.0,Rest,Parte_1,0.5,0,
215.0,Note,Parte_3,0.5,55,
215.5,Chord,Parte_1,0.5,"[67, 70, 72, 76]",
215.5,Chord,Parte_3,0.5,"[58, 60, 64]",
215.75,Tempo,75.0
216.0,Rest,Parte_1,0.5,0,
216.0,Rest,Parte_2,4.0,0,
216.0,Note,Parte_3,0.5,57,
216.0,Rest,Parte_4,4.0,0,
216.5,Chord,Parte_1,0.5,"[72, 77, 84]",
216.5,Chord,Parte_3,0.5,"[60, 65]",
216.75,Tempo,85.0
217.0,Rest,Parte_1,0.5,0,
217.0,Note,Parte_3,0.5,55,
217.5,Chord,Parte_1,0.5,"[70, 76, 82]",
217.5,Chord,Parte_3,0.5,"[60, 64]",
218.0,Rest,Parte_1,0.5,0,
218.0,Note,Parte_3,0.5,53,
218.5,Chord,Parte_1,0.5,"[69, 72, 77, 81]",
218.5,Chord,Parte_3,0.5,"[60, 65]",
219.0,Rest,Parte_1,0.5,0,
219.0,Note,Parte_3,0.5,53,
219.5,Chord,Parte_1,0.5,"[69, 73, 77, 81]",
219.5,Chord,Parte_3,0.5,"[61, 65]",
220.0,Rest,Parte_1,0.5,0,
220.0,Rest,Parte_2,4.0,0,
220.0,Note,Parte_3,0.5,53,
220.0,Rest,Parte_4,4.0,0,
220.5,Chord,Parte_1,0.5,"[69, 74, 77, 81]",
220.5,Chord,Parte_3,0.5,"[62, 65]",
221.0,Rest,Parte_1,0.5,0,
221.0,Note,Parte_3,0.5,53,
221.5,Chord,Parte_1,0.5,"[67, 70, 73, 76, 79]",
221.5,Chord,Parte_3,0.5,"[58, 61, 64]",
222.0,Rest,Parte_1,0.5,0,
222.0,Note,Parte_3,0.5,53,
222.5,Chord,Parte_1,0.5,"[65, 69, 74, 77]",
222.5,Chord,Parte_3,0.5,"[57, 62]",
223.0,Rest,Parte_1,0.5,0,
223.0,Note,Parte_3,0.5,41,
223.5,Chord,Parte_1,0.5,"[64, 67, 70, 73, 76]",
223.5,Chord,Parte_3,0.5,"[55, 58]",
224.0,Rest,Parte_1,0.5,0,
224.0,Rest,Parte_2,4.0,0,
224.0,Note,Parte_3,0.5,41,
224.0,Rest,Parte_4,4.0,0,
224.5,Chord,Parte_1,0.5,"[62, 65, 69, 74]",
224.5,Chord,Parte_3,0.5,"[53, 57]",
225.0,Rest,Parte_1,0.5,0,
225.0,Note,Parte_3,0.5,42,
225.5,Chord,Parte_1,0.5,"[60, 63, 66, 69, 72]",
225.5,Chord,Parte_3,0.5,"[54, 57]",
226.0,Rest,Parte_1,0.5,0,
226.0,Note,Parte_3,0.5,43,
226.5,Chord,Parte_1,1.5,"[59, 62, 67, 71]",
226.5,Note,Parte_3,1.0,55,
227.5,Tuplet 3:2,Parte_3,"[['Note', 0.25, 53, None], ['Note', 0.25, 52, None], ['Note', 0.25, 50, None]]"
228.0,Rest,Parte_1,0.5,0,
228.0,Rest,Parte_2,4.0,0,
228.0,Note,Parte_3,0.5,48,
228.0,Rest,Parte_4,4.0,0,
228.5,Chord,Parte_1,0.5,"[64, 67, 72]",
228.5,Note,Parte_3,0.5,60,
229.0,Rest,Parte_1,0.5,0,
229.0,Note,Parte_3,0.5,48,
229.5,Chord,Parte_1,0.5,"[65, 67, 71]",
229.5,Note,Parte_3,0.5,62,
230.0,Rest,Parte_1,0.5,0,
230.0,Note,Parte_3,0.5,48,
230.5,Chord,Parte_1,0.5,"[64, 67, 72]",
230.5,Note,Parte_3,0.5,60,
231.0,Rest,Parte_1,0.5,0,
231.0,Note,Parte_3,0.5,48,
231.5,Chord,Parte_1,0.5,"[65, 67, 74]",
231.5,Note,Parte_3,0.5,59,
232.0,Rest,Parte_1,0.5,0,
232.0,Rest,Parte_2,4.0,0,
232.0,Note,Parte_3,0.5,48,
232.0,Rest,Parte_4,4.0,0,
232.5,Chord,Parte_1,0.5,"[67, 72, 76]",
232.5,Note,Parte_3,0.5,58,
233.0,Rest,Parte_1,0.5,0,
233.0,Note,Parte_3,0.5,48,
233.5,Chord,Parte_1,0.5,"[65, 72, 77]",
233.5,Note,Parte_3,0.5,57,
234.0,Rest,Parte_1,0.5,0,
234.0,Note,Parte_3,0.5,48,
234.5,Chord,Parte_1,0.5,"[65, 72, 74]",
234.5,Note,Parte_3,0.5,56,
235.0,Rest,Parte_1,0.5,0,
235.0,Note,Parte_3,0.5,48,
235.5,Chord,Parte_1,0.5,"[65, 71, 74]",
235.5,Note,Parte_3,0.5,55,
236.0,Rest,Parte_1,0.5,0,
236.0,Rest,Parte_2,4.0,0,
236.0,Note,Parte_3,0.5,53,
236.0,Rest,Parte_4,4.0,0,
236.5,Chord,Parte_1,0.5,"[67, 71, 74, 79]",
236.5,Chord,Parte_3,0.5,"[59, 62]",
237.0,Rest,Parte_1,0.5,0,
237.0,Note,Parte_3,0.5,52,
237.5,Chord,Parte_1,0.5,"[67, 70, 73, 79]",
237.5,Chord,Parte_3,0.5,"[58, 61, 64]",
238.0,Rest,Parte_1,0.5,0,
238.0,Note,Parte_3,0.5,52,
238.5,Chord,Parte_1,0.5,"[67, 70, 73, 79]",
238.5,Chord,Parte_3,0.5,"[58, 61, 64]",
239.0,Rest,Parte_1,0.5,0,
239.0,Note,Parte_3,0.5,53,
239.5,Chord,Parte_1,0.5,"[65, 69, 74, 77]",
239.5,Chord,Parte_3,0.5,"[57, 62]",
240.0,Rest,Parte_1,0.5,0,
240.0,Rest,Parte_2,4.0,0,
240.0,Note,Parte_3,0.5,43,
240.0,Rest,Parte_4,4.0,0,
240.5,Chord,Parte_1,0.5,"[64, 67, 72, 76]",
240.5,Chord,Parte_3,0.5,"[55, 60]",
241.0,Rest,Parte_1,0.5,0,
241.0,Note,Parte_3,0.5,43,
241.5,Chord,Parte_1,0.5,"[65, 67, 74]",
241.5,Chord,Parte_3,0.5,"[55, 59]",
242.0,Rest,Parte_1,0.5,0,
242.0,Note,Parte_3,0.5,48,
242.5,Note,Parte_1,1.0,72,
242.5,Rest,Parte_3,0.5,0,
243.0,Rest,Parte_3,1.0,0,
243.5,Tuplet 3:2,Parte_1,"[['Note', 0.25, 67, None], ['Note', 0.25, 64, None], ['Note', 0.25, 60, None]]"
244.0,Rest,Parte_1,0.5,0,
244.0,Rest,Parte_2,4.0,0,
244.0,Rest,Parte_3,0.5,0,
244.0,Note,Parte_4,0.5,43,
244.5,Note,Parte_1,0.5,59,
244.5,Chord,Parte_3,0.5,"[50, 53]",
244.5,Rest,Parte_4,0.5,0,
245.0,Rest,Parte_1,0.5,0,
245.0,Rest,Parte_3,0.5,0,
245.0,Note,Parte_4,0.5,36,
245.5,Note,Parte_1,0.5,60,
245.5,Chord,Parte_3,0.5,"[52, 55]",
245.5,Rest,Parte_4,0.5,0,
246.0,Rest,Parte_1,0.5,0,
246.0,Rest,Parte_3,0.5,0,
246.0,Note,Parte_4,0.5,45,
246.5,Note,Parte_1,0.5,61,
246.5,Chord,Parte_3,0.5,"[52, 55]",
246.5,Rest,Parte_4,0.5,0,
247.0,Rest,Parte_1,0.5,0,
247.0,Rest,Parte_3,0.5,0,
247.0,Note,Parte_4,0.5,38,
247.5,Note,Parte_1,0.5,62,
247.5,Chord,Parte_3,0.5,"[53, 57]",
247.5,Rest,Parte_4,0.5,0,
248.0,Rest,Parte_1,0.5,0,
248.0,Rest,Parte_2,4.0,0,
248.0,Rest,Parte_3,0.5,0,
248.0,Note,Parte_4,0.5,47,
248.5,Note,Parte_1,0.5,63,
248.5,Chord,Parte_3,0.5,"[54, 57]",
248.5,Rest,Parte_4,0.5,0,
249.0,Rest,Parte_1,0.5,0,
249.0,Rest,Parte_3,0.5,0,
249.0,Note,Parte_4,0.5,40,
249.5,Note,Parte_1,0.5,64,
249.5,Chord,Parte_3,0.5,"[55, 59]",
249.5,Rest,Parte_4,0.5,0,
250.0,Rest,Parte_1,0.5,0,
250.0,Rest,Parte_3,0.5,0,
250.0,Chord,Parte_4,2.0,"[38, 50]",
250.5,Note,Parte_1,0.5,65,
250.5,Chord,Parte_3,0.5,"[55, 59]",
251.0,Note,Parte_1,0.5,65,
251.0,Chord,Parte_3,0.5,"[55, 59]",
251.5,Note,Parte_1,0.5,65,
251.5,Chord,Parte_3,0.5,"[55, 59]",
252.0,Rest,Parte_1,0.5,0,
252.0,Rest,Parte_2,4.0,0,
252.0,Rest,Parte_3,0.5,0,
252.0,Note,Parte_4,0.5,36,
252.5,Note,Parte_1,0.5,65,
252.5,Chord,Parte_3,0.5,"[55, 59]",
252.5,Rest,Parte_4,0.5,0,
253.0,Rest,Parte_1,0.5,0,
253.0,Rest,Parte_3,0.5,0,
253.0,Note,Parte_4,0.5,48,
253.5,Chord,Parte_1,0.5,"[60, 64]",
253.5,Note,Parte_3,0.5,55,
253.5,Rest,Parte_4,0.5,0,
254.0,Rest,Parte_1,0.5,0,
254.0,Rest,Parte_3,0.5,0,
254.0,Note,Parte_4,0.5,45,
254.5,Chord,Parte_1,0.5,"[60, 62]",
254.5,Note,Parte_3,0.5,53,
254.5,Rest,Parte_4,0.5,0,
255.0,Rest,Parte_1,0.5,0,
255.0,Rest,Parte_3,0.5,0,
255.0,Note,Parte_4,0.5,41,
255.5,Chord,Parte_1,0.5,"[60, 65]",
255.5,Note,Parte_3,0.5,57,
255.5,Rest,Parte_4,0.5,0,
256.0,Rest,Parte_1,0.5,0,
256.0,Rest,Parte_2,4.0,0,
256.0,Rest,Parte_3,0.5,0,
256.0,Note,Parte_4,0.5,43,
256.5,Chord,Parte_1,0.5,"[60, 64]",
256.5,Note,Parte_3,0.5,55,
256.5,Rest,Parte_4,0.5,0,
257.0,Rest,Parte_1,0.5,0,
257.0,Rest,Parte_3,0.5,0,
257.0,Note,Parte_4,0.5,31,
257.5,Chord,Parte_1,0.5,"[59, 62]",
257.5,Note,Parte_3,0.5,53,
257.5,Rest,Parte_4,0.5,0,
258.0,Rest,Parte_1,0.5,0,
258.0,Rest,Parte_3,1.0,0,
258.0,Note,Parte_4,0.5,36,
258.5,Note,Parte_1,0.5,60,
258.5,Rest,Parte_4,0.5,0,
259.0,Note,Parte_1,0.5,67,
259.0,Rest,Parte_3,0.5,0,
259.0,Rest,Parte_4,1.0,0,
259.5,Note,Parte_1,0.5,67,
259.5,Rest,Parte_3,0.5,0,
260.0,Rest,Parte_1,0.5,0,
260.0,Rest,Parte_2,4.0,0,
260.0,Rest,Parte_3,0.5,0,
260.0,Note,Parte_4,0.5,43,
260.5,Chord,Parte_1,0.5,"[60, 64]",
260.5,Note,Parte_3,0.5,55,
260.5,Rest,Parte_4,0.5,0,
261.0,Rest,Parte_1,0.5,0,
261.0,Rest,Parte_3,0.5,0,
261.0,Note,Parte_4,0.5,31,
261.5,Chord,Parte_1,0.5,"[59, 62]",
261.5,Note,Parte_3,0.5,53,
261.5,Rest,Parte_4,0.5,0,
262.0,Rest,Parte_1,0.5,0,
262.0,Rest,Parte_3,1.0,0,
262.0,Note,Parte_4,0.5,36,
262.5,Note,Parte_1,0.5,60,
262.5,Rest,Parte_4,0.5,0,
263.0,Note,Parte_1,0.5,72,
263.0,Rest,Parte_3,0.5,0,
263.0,Rest,Parte_4,1.0,0,
263.5,Note,Parte_1,0.5,72,
263.5,Rest,Parte_3,0.5,0,
264.0,Rest,Parte_1,0.5,0,
264.0,Rest,Parte_2,4.0,0,
264.0,Note,Parte_3,0.5,43,
264.0,Rest,Parte_4,4.0,0,
264.25,Tempo,85.0
264.5,Chord,Parte_1,0.5,"[62, 65, 72]",
264.5,Rest,Parte_3,0.5,0,
264.75,Tempo,83.0
265.0,Rest,Parte_1,0.5,0,
265.0,Note,Parte_3,0.5,55,
265.25,Tempo,81.0
265.5,Chord,Parte_1,0.5,"[62, 65, 71]",
265.5,Rest,Parte_3,0.5,0,
265.75,Tempo,79.0
266.0,Rest,Parte_1,0.5,0,
266.0,Note,Parte_3,0.5,55,
266.25,Tempo,77.0
266.5,Chord,Parte_1,0.5,"[62, 65, 68]",
266.5,Rest,Parte_3,0.5,0,
266.75,Tempo,75.0
267.0,Rest,Parte_1,0.5,0,
267.0,Note,Parte_3,0.5,55,
267.25,Tempo,73.0
267.5,Chord,Parte_1,0.5,"[62, 65, 67]",
267.5,Rest,Parte_3,0.5,0,
267.75,Tempo,71.0
268.0,Rest,Parte_1,0.5,0,
268.0,Rest,Parte_2,4.0,0,
268.0,Note,Parte_3,0.5,43,
268.0,Rest,Parte_4,4.0,0,
268.25,Tempo,76.0
268.5,Chord,Parte_1,0.5,"[72, 74, 77]",
268.5,Rest,Parte_3,0.5,0,
269.0,Rest,Parte_1,0.5,0,
269.0,Note,Parte_3,0.5,55,
269.5,Chord,Parte_1,0.5,"[71, 74, 77]",
269.5,Rest,Parte_3,0.5,0,
270.0,Rest,Parte_1,0.5,0,
270.0,Note,Parte_3,0.5,55,
270.5,Tempo,80.0
270.5,Chord,Parte_1,0.5,"[68, 74, 77]",
270.5,Rest,Parte_3,0.5,0,
271.0,Rest,Parte_1,0.5,0,
271.0,Note,Parte_3,0.5,55,
271.5,Chord,Parte_1,0.5,"[67, 74, 77]",
271.5,Rest,Parte_3,0.5,0,
272.0,Rest,Parte_1,0.5,0,
272.0,Rest,Parte_2,4.0,0,
272.0,Note,Parte_3,0.5,43,
272.0,Rest,Parte_4,4.0,0,
272.5,Chord,Parte_1,0.5,"[71, 74, 80]",
272.5,Rest,Parte_3,0.5,0,
273.0,Rest,Parte_1,0.5,0,
273.0,Note,Parte_3,0.5,55,
273.5,Chord,Parte_1,0.5,"[71, 74, 79]",
273.5,Rest,Parte_3,0.5,0,
274.0,Rest,Parte_1,0.5,0,
274.0,Note,Parte_3,0.5,55,
274.5,Chord,Parte_1,0.5,"[71, 74, 78]",
274.5,Rest,Parte_3,0.5,0,
275.0,Rest,Parte_1,0.5,0,
275.0,Note,Parte_3,0.5,55,
275.5,Chord,Parte_1,0.5,"[71, 74, 77]",
275.5,Rest,Parte_3,0.5,0,
276.0,Rest,Parte_1,0.5,0,
276.0,Rest,Parte_2,4.0,0,
276.0,Note,Parte_3,0.5,55,
276.0,Rest,Parte_4,4.0,0,
276.25,Tempo,83.0
276.5,Chord,Parte_1,0.5,"[70, 74, 77]",
276.5,Rest,Parte_3,0.5,0,
277.0,Rest,Parte_1,0.5,0,
277.0,Note,Parte_3,0.5,55,
277.5,Chord,Parte_1,0.5,"[69, 74, 77]",
277.5,Rest,Parte_3,0.5,0,
278.0,Rest,Parte_1,0.5,0,
278.0,Note,Parte_3,0.5,55,
278.5,Chord,Parte_1,0.5,"[68, 74, 77]",
278.5,Rest,Parte_3,0.5,0,
279.0,Rest,Parte_1,0.5,0,
279.0,Note,Parte_3,0.5,55,
279.5,Chord,Parte_1,0.5,"[67, 74, 77]",
279.5,Rest,Parte_3,0.5,0,
280.0,Rest,Parte_1,0.25,0,
280.0,Rest,Parte_2,4.0,0,
280.0,Note,Parte_3,1.0,60,
280.0,Rest,Parte_4,4.0,0,
280.25,Note,Parte_1,0.25,64,
280.5,Note,Parte_1,0.25,72,
280.75,Note,Parte_1,0.25,67,
281.0,Rest,Parte_1,0.25,0,
281.0,Note,Parte_3,1.0,62,
281.25,Note,Parte_1,0.25,65,
281.5,Note,Parte_1,0.25,71,
281.75,Note,Parte_1,0.25,67,
282.0,Rest,Parte_1,0.25,0,
282.0,Note,Parte_3,1.0,64,
282.25,Tempo,83.0
282.25,Note,Parte_1,0.25,66,
282.5,Tempo,82.0
282.5,Note,Parte_1,0.25,72,
282.75,Tempo,81.0
282.75,Note,Parte_1,0.25,67,
283.0,Tempo,80.0
283.0,Rest,Parte_1,0.25,0,
283.0,Note,Parte_3,1.0,59,
283.25,Tempo,80.0
283.25,Note,Parte_1,0.25,67,
283.5,Tempo,79.0
283.5,Note,Parte_1,0.25,74,
283.75,Tempo,78.0
283.75,Note,Parte_1,0.25,67,
284.0,Tempo,78.0
284.0,Rest,Parte_1,0.25,0,
284.0,Rest,Parte_2,4.0,0,
284.0,Note,Parte_3,1.0,60,
284.0,Rest,Parte_4,4.0,0,
284.25,Tempo,76.0
284.25,Note,Parte_1,0.25,67,
284.5,Note,Parte_1,0.25,76,
284.75,Note,Parte_1,0.25,72,
285.0,Rest,Parte_1,0.25,0,
285.0,Note,Parte_3,1.0,53,
285.25,Note,Parte_1,0.25,69,
285.5,Note,Parte_1,0.25,77,
285.75,Note,Parte_1,0.25,74,
286.0,Rest,Parte_1,0.25,0,
286.0,Note,Parte_3,1.5,55,
286.25,Note,Parte_1,0.25,67,
286.5,Tempo,80.0
286.5,Note,Parte_1,0.25,74,
286.75,Note,Parte_1,0.25,71,
287.0,Note,Parte_1,0.25,74,
287.25,Note,Parte_1,0.25,71,
287.5,Note,Parte_1,0.25,74,
287.5,Note,Parte_3,0.5,53,
287.75,Note,Parte_1,0.25,71,
288.0,Rest,Parte_1,0.25,0,
288.0,Rest,Parte_2,4.0,0,
288.0,Note,Parte_3,1.0,52,
288.0,Rest,Parte_4,4.0,0,
288.25,Note,Parte_1,0.25,67,
288.5,Tempo,85.0
288.5,Note,Parte_1,0.25,79,
288.75,Note,Parte_1,0.25,72,
289.0,Rest,Parte_1,0.25,0,
289.0,Note,Parte_3,1.0,50,
289.25,Note,Parte_1,0.25,67,
289.5,Note,Parte_1,0.25,79,
289.75,Note,Parte_1,0.25,77,
290.0,Rest,Parte_1,0.25,0,
290.0,Note,Parte_3,1.0,48,
290.25,Tempo,60.0
290.25,Note,Parte_1,0.25,67,
290.5,Tempo,85.0
290.5,Note,Parte_1,0.25,79,
290.75,Note,Parte_1,0.25,76,
291.0,Rest,Parte_1,0.25,0,
291.0,Note,Parte_3,1.0,47,
291.25,Tempo,88.0
291.25,Note,Parte_1,0.25,68,
291.5,Note,Parte_1,0.25,80,
291.75,Note,Parte_1,0.25,74,
292.0,Rest,Parte_1,0.25,0,
292.0,Rest,Parte_2,4.0,0,
292.0,Note,Parte_3,1.0,45,
292.0,Rest,Parte_4,4.0,0,
292.25,Tempo,77.0
292.25,Note,Parte_1,0.25,69,
292.5,Note,Parte_1,0.25,81,
292.75,Note,Parte_1,0.25,72,
293.0,Rest,Parte_1,0.25,0,
293.0,Note,Parte_3,1.0,41,
293.25,Note,Parte_1,0.25,69,
293.5,Tempo,81.0
293.5,Note,Parte_1,0.25,81,
293.75,Note,Parte_1,0.25,77,
294.0,Note,Parte_1,0.25,74,
294.0,Note,Parte_3,2.0,43,
294.25,Tempo,58.0
294.25,Note,Parte_1,0.25,71,
294.5,Tempo,85.0
294.5,Note,Parte_1,0.25,77,
294.75,Note,Parte_1,0.25,74,
295.0,Tempo,88.0
295.0,Note,Parte_1,0.25,71,
295.25,Note,Parte_1,0.25,67,
295.5,Note,Parte_1,0.25,65,
295.75,Note,Parte_1,0.25,62,
296.0,Rest,Parte_1,0.25,0,
296.0,Rest,Parte_2,4.0,0,
296.0,Note,Parte_3,1.0,48,
296.0,Rest,Parte_4,4.0,0,
296.25,Tempo,83.0
296.25,Note,Parte_1,0.25,64,
296.5,Note,Parte_1,0.25,72,
296.75,Note,Parte_1,0.25,67,
297.0,Rest,Parte_1,0.25,0,
297.0,Note,Parte_3,1.0,50,
297.25,Note,Parte_1,0.25,65,
297.5,Note,Parte_1,0.25,71,
297.75,Note,Parte_1,0.25,67,
298.0,Rest,Parte_1,0.25,0,
298.0,Note,Parte_3,1.0,52,
298.25,Tempo,83.0
298.25,Note,Parte_1,0.25,66,
298.5,Tempo,82.0
298.5,Note,Parte_1,0.25,72,
298.75,Tempo,81.0
298.75,Note,Parte_1,0.25,67,
299.0,Tempo,80.0
299.0,Rest,Parte_1,0.25,0,
299.0,Note,Parte_3,1.0,47,
299.25,Tempo,79.0
299.25,Note,Parte_1,0.25,62,
299.5,Tempo,78.0
299.5,Note,Parte_1,0.25,74,
299.75,Tempo,77.0
299.75,Note,Parte_1,0.25,67,
300.0,Tempo,76.0
300.0,Rest,Parte_1,0.25,0,
300.0,Rest,Parte_2,4.0,0,
300.0,Note,Parte_3,1.0,48,
300.0,Rest,Parte_4,4.0,0,
300.25,Tempo,76.0
300.25,Note,Parte_1,0.25,64,
300.5,Note,Parte_1,0.25,76,
300.75,Note,Parte_1,0.25,67,
301.0,Rest,Parte_1,0.25,0,
301.0,Note,Parte_3,1.0,45,
301.25,Tempo,78.0
301.25,Note,Parte_1,0.25,66,
301.5,Note,Parte_1,0.25,78,
301.75,Note,Parte_1,0.25,72,
302.0,Rest,Parte_1,0.25,0,
302.0,Note,Parte_3,2.0,47,
302.25,Tempo,80.0
302.25,Note,Parte_1,0.25,74,
302.5,Note,Parte_1,0.25,79,
302.75,Note,Parte_1,0.25,78,
303.0,Note,Parte_1,0.25,79,
303.25,Tempo,82.0
303.25,Note,Parte_1,0.25,74,
303.5,Note,Parte_1,0.25,71,
303.75,Note,Parte_1,0.25,67,
304.0,Rest,Parte_1,0.25,0,
304.0,Rest,Parte_2,4.0,0,
304.0,Note,Parte_3,1.0,48,
304.0,Rest,Parte_4,4.0,0,
304.25,Tempo,84.0
304.25,Note,Parte_1,0.25,76,
304.5,Note,Parte_1,0.25,81,
304.75,Note,Parte_1,0.25,79,
305.0,Rest,Parte_1,0.25,0,
305.0,Note,Parte_3,1.0,49,
305.25,Note,Parte_1,0.25,76,
305.5,Note,Parte_1,0.25,82,
305.75,Note,Parte_1,0.25,79,
306.0,Rest,Parte_1,0.25,0,
306.0,Note,Parte_3,2.0,50,
306.25,Note,Parte_1,0.25,79,
306.5,Note,Parte_1,0.25,83,
306.75,Note,Parte_1,0.25,82,
307.0,Note,Parte_1,0.25,83,
307.25,Tempo,80.0
307.25,Note,Parte_1,0.25,79,
307.5,Note,Parte_1,0.25,74,
307.75,Note,Parte_1,0.25,71,
308.0,Note,Parte_1,0.25,74,
308.0,Rest,Parte_2,4.0,0,
308.0,Note,Parte_3,1.0,38,
308.0,Rest,Parte_4,4.0,0,
308.25,Tempo,76.0
308.25,Note,Parte_1,0.25,72,
308.5,Note,Parte_1,0.25,76,
308.75,Note,Parte_1,0.25,72,
309.0,Note,Parte_1,0.25,71,
309.0,Note,Parte_3,1.0,50,
309.25,Tempo,80.0
309.25,Note,Parte_1,0.25,69,
309.5,Note,Parte_1,0.25,67,
309.75,Note,Parte_1,0.25,66,
310.0,Note,Parte_1,0.25,67,
310.0,Note,Parte_3,2.0,43,
310.25,Note,Parte_1,0.25,69,
310.5,Tempo,84.0
310.5,Note,Parte_1,0.25,71,
310.75,Note,Parte_1,0.25,72,
311.0,Note,Parte_1,0.25,74,
311.25,Note,Parte_1,0.25,76,
311.5,Note,Parte_1,0.25,77,
311.75,Note,Parte_1,0.25,78,
312.0,Rest,Parte_1,0.25,0,
312.0,Rest,Parte_2,4.0,0,
312.0,Note,Parte_3,1.0,64,
312.0,Rest,Parte_4,4.0,0,
312.25,Note,Parte_1,0.25,67,
312.5,Note,Parte_1,0.25,79,
312.75,Note,Parte_1,0.25,72,
313.0,Rest,Parte_1,0.25,0,
313.0,Note,Parte_3,1.0,62,
313.25,Note,Parte_1,0.25,67,
313.5,Note,Parte_1,0.25,77,
313.75,Note,Parte_1,0.25,71,
314.0,Rest,Parte_1,0.25,0,
314.0,Note,Parte_3,1.0,60,
314.25,Tempo,80.0
314.25,Note,Parte_1,0.25,67,
314.5,Note,Parte_1,0.25,76,
314.75,Note,Parte_1,0.25,72,
315.0,Rest,Parte_1,0.25,0,
315.0,Note,Parte_3,1.0,58,
315.25,Tempo,76.0
315.25,Note,Parte_1,0.25,67,
315.5,Note,Parte_1,0.25,76,
315.75,Note,Parte_1,0.25,72,
316.0,Rest,Parte_1,0.25,0,
316.0,Rest,Parte_2,4.0,0,
316.0,Note,Parte_3,1.0,57,
316.0,Rest,Parte_4,4.0,0,
316.25,Note,Parte_1,0.25,72,
316.5,Note,Parte_1,0.25,84,
316.75,Note,Parte_1,0.25,77,
317.0,Rest,Parte_1,0.25,0,
317.0,Note,Parte_3,1.0,55,
317.25,Note,Parte_1,0.25,72,
317.5,Note,Parte_1,0.25,82,
317.75,Note,Parte_1,0.25,76,
318.0,Rest,Parte_1,0.25,0,
318.0,Note,Parte_3,2.0,53,
318.25,Note,Parte_1,0.25,72,
318.5,Tempo,78.0
318.5,Note,Parte_1,0.25,81,
318.75,Note,Parte_1,0.25,77,
319.0,Note,Parte_1,0.25,81,
319.25,Note,Parte_1,0.25,77,
319.5,Note,Parte_1,0.25,81,
319.75,Note,Parte_1,0.25,77,
320.0,Rest,Parte_1,0.25,0,
320.0,Rest,Parte_2,4.0,0,
320.0,Note,Parte_3,1.0,53,
320.0,Rest,Parte_4,4.0,0,
320.25,Tempo,80.0
320.25,Note,Parte_1,0.25,69,
320.5,Note,Parte_1,0.25,81,
320.75,Note,Parte_1,0.25,72,
321.0,Rest,Parte_1,0.25,0,
321.0,Note,Parte_3,1.0,52,
321.25,Tempo,82.0
321.25,Note,Parte_1,0.25,69,
321.5,Note,Parte_1,0.25,79,
321.75,Note,Parte_1,0.25,73,
322.0,Rest,Parte_1,0.25,0,
322.0,Note,Parte_3,1.0,50,
322.25,Note,Parte_1,0.25,69,
322.5,Note,Parte_1,0.25,77,
322.75,Note,Parte_1,0.25,74,
323.0,Rest,Parte_1,0.25,0,
323.0,Note,Parte_3,1.0,52,
323.25,Note,Parte_1,0.25,67,
323.5,Note,Parte_1,0.25,76,
323.75,Note,Parte_1,0.25,73,
324.0,Rest,Parte_1,0.25,0,
324.0,Rest,Parte_2,4.0,0,
324.0,Note,Parte_3,1.0,53,
324.0,Rest,Parte_4,4.0,0,
324.25,Note,Parte_1,0.25,65,
324.5,Note,Parte_1,0.25,74,
324.75,Note,Parte_1,0.25,69,
325.0,Rest,Parte_1,0.25,0,
325.0,Note,Parte_3,1.0,54,
325.25,Note,Parte_1,0.25,63,
325.5,Note,Parte_1,0.25,72,
325.75,Note,Parte_1,0.25,69,
326.0,Rest,Parte_1,0.25,0,
326.0,Note,Parte_3,1.5,55,
326.25,Note,Parte_1,0.25,62,
326.5,Note,Parte_1,0.25,72,
326.75,Note,Parte_1,0.25,67,
327.0,Note,Parte_1,0.25,71,
327.25,Note,Parte_1,0.25,67,
327.5,Note,Parte_1,0.25,62,
327.5,Note,Parte_3,0.5,53,
327.75,Note,Parte_1,0.25,67,
328.0,Rest,Parte_1,0.25,0,
328.0,Rest,Parte_2,4.0,0,
328.0,Note,Parte_3,1.0,52,
328.0,Rest,Parte_4,4.0,0,
328.25,Note,Parte_1,0.25,60,
328.5,Note,Parte_1,0.25,72,
328.75,Note,Parte_1,0.25,67,
329.0,Rest,Parte_1,0.25,0,
329.0,Note,Parte_3,1.0,50,
329.25,Note,Parte_1,0.25,65,
329.5,Note,Parte_1,0.25,71,
329.75,Note,Parte_1,0.25,67,
330.0,Rest,Parte_1,0.25,0,
330.0,Note,Parte_3,1.0,48,
330.25,Note,Parte_1,0.25,64,
330.5,Note,Parte_1,0.25,72,
330.75,Note,Parte_1,0.25,67,
331.0,Rest,Parte_1,0.25,0,
331.0,Note,Parte_3,1.0,47,
331.25,Note,Parte_1,0.25,62,
331.5,Note,Parte_1,0.25,74,
331.75,Note,Parte_1,0.25,67,
332.0,Rest,Parte_1,0.25,0,
332.0,Rest,Parte_2,4.0,0,
332.0,Note,Parte_3,1.0,48,
332.0,Rest,Parte_4,4.0,0,
332.25,Tempo,84.0
332.25,Note,Parte_1,0.25,67,
332.5,Note,Parte_1,0.25,76,
332.75,Note,Parte_1,0.25,72,
333.0,Rest,Parte_1,0.25,0,
333.0,Note,Parte_3,1.0,41,
333.25,Note,Parte_1,0.25,69,
333.5,Note,Parte_1,0.25,77,
333.75,Note,Parte_1,0.25,74,
334.0,Rest,Parte_1,0.25,0,
334.0,Note,Parte_3,1.5,43,
334.25,Tempo,87.0
334.25,Note,Parte_1,0.25,67,
334.5,Note,Parte_1,0.25,74,
334.75,Note,Parte_1,0.25,71,
335.0,Note,Parte_1,0.25,74,
335.25,Note,Parte_1,0.25,71,
335.5,Note,Parte_1,0.25,74,
335.5,Note,Parte_3,0.5,41,
335.75,Note,Parte_1,0.25,71,
336.0,Rest,Parte_1,0.25,0,
336.0,Rest,Parte_2,4.0,0,
336.0,Note,Parte_3,1.0,40,
336.0,Note,Parte_4,2.0,40,
336.25,Tempo,90.0
336.25,Note,Parte_1,0.25,67,
336.5,Note,Parte_1,0.25,79,
336.75,Note,Parte_1,0.25,72,
337.0,Rest,Parte_1,0.25,0,
337.0,Note,Parte_3,1.0,52,
337.25,Tempo,93.0
337.25,Note,Parte_1,0.25,70,
337.5,Note,Parte_1,0.25,79,
337.75,Note,Parte_1,0.25,73,
338.0,Tempo,58.0
338.0,Rest,Parte_1,0.25,0,
338.0,Note,Parte_3,1.0,41,
338.0,Note,Parte_4,2.0,41,
338.25,Tempo,84.0
338.25,Note,Parte_1,0.25,69,
338.5,Note,Parte_1,0.25,79,
338.75,Note,Parte_1,0.25,73,
339.0,Rest,Parte_1,0.25,0,
339.0,Note,Parte_3,1.0,53,
339.25,Note,Parte_1,0.25,69,
339.5,Note,Parte_1,0.25,77,
339.75,Note,Parte_1,0.25,74,
340.0,Rest,Parte_1,0.25,0,
340.0,Rest,Parte_2,3.0,0,
340.0,Note,Parte_3,1.0,43,
340.0,Note,Parte_4,2.0,43,
340.25,Note,Parte_1,0.25,67,
340.5,Note,Parte_1,0.25,76,
340.75,Note,Parte_1,0.25,72,
341.0,Rest,Parte_1,0.25,0,
341.0,Note,Parte_3,1.0,55,
341.25,Note,Parte_1,0.25,65,
341.5,Note,Parte_1,0.25,74,
341.75,Note,Parte_1,0.25,71,
342.0,Rest,Parte_1,0.25,0,
342.0,Note,Parte_3,1.0,48,
342.0,Note,Parte_4,1.0,48,
342.25,Note,Parte_1,0.25,64,
342.5,Note,Parte_1,0.25,72,
342.75,Note,Parte_1,0.25,67,
343.0,Note,Parte_1,0.25,65,
343.0,Rest,Parte_2,1.0,0,
343.0,Rest,Parte_3,1.0,0,
343.0,Rest,Parte_4,1.0,0,
343.25,Note,Parte_1,0.25,64,
343.5,Note,Parte_1,0.25,62,
343.75,Note,Parte_1,0.25,60,
344.0,Rest,Parte_1,0.25,0,
344.0,Rest,Parte_2,4.0,0,
344.0,Rest,Parte_3,0.25,0,
344.0,Note,Parte_4,1.0,43,
344.25,Rest,Parte_1,0.75,0,
344.25,Note,Parte_3,0.25,50,
344.5,Note,Parte_3,0.25,59,
344.75,Note,Parte_3,0.25,53,
345.0,Rest,Parte_1,0.25,0,
345.0,Rest,Parte_3,0.25,0,
345.0,Note,Parte_4,0.5,36,
345.25,Rest,Parte_1,0.75,0,
345.25,Note,Parte_3,0.25,52,
345.5,Note,Parte_3,0.25,60,
345.5,Rest,Parte_4,0.5,0,
345.75,Note,Parte_3,0.25,55,
346.0,Rest,Parte_1,0.25,0,
346.0,Rest,Parte_3,0.25,0,
346.0,Note,Parte_4,1.0,45,
346.25,Rest,Parte_1,0.75,0,
346.25,Note,Parte_3,0.25,52,
346.5,Tempo,84.0
346.5,Note,Parte_3,0.25,61,
346.75,Tempo,82.0
346.75,Note,Parte_3,0.25,55,
347.0,Tempo,81.0
347.0,Rest,Parte_1,0.25,0,
347.0,Rest,Parte_3,0.25,0,
347.0,Note,Parte_4,0.5,38,
347.25,Tempo,79.0
347.25,Rest,Parte_1,0.75,0,
347.25,Note,Parte_3,0.25,53,
347.5,Tempo,78.0
347.5,Note,Parte_3,0.25,62,
347.5,Rest,Parte_4,0.5,0,
347.75,Tempo,76.0
347.75,Note,Parte_3,0.25,57,
348.0,Tempo,75.0
348.0,Rest,Parte_1,0.25,0,
348.0,Rest,Parte_2,4.0,0,
348.0,Rest,Parte_3,0.25,0,
348.0,Note,Parte_4,1.0,47,
348.25,Tempo,74.0
348.25,Rest,Parte_1,0.25,0,
348.25,Note,Parte_3,0.25,54,
348.5,Note,Parte_1,0.25,63,
348.5,Rest,Parte_3,0.25,0,
348.75,Rest,Parte_1,0.25,0,
348.75,Note,Parte_3,0.25,57,
349.0,Rest,Parte_1,0.25,0,
349.0,Rest,Parte_3,0.25,0,
349.0,Note,Parte_4,0.5,40,
349.25,Rest,Parte_1,0.25,0,
349.25,Note,Parte_3,0.25,55,
349.5,Note,Parte_1,0.25,64,
349.5,Rest,Parte_3,0.25,0,
349.5,Rest,Parte_4,0.5,0,
349.75,Rest,Parte_1,0.25,0,
349.75,Note,Parte_3,0.25,59,
350.0,Rest,Parte_1,0.25,0,
350.0,Rest,Parte_3,0.25,0,
350.0,Chord,Parte_4,2.0,"[38, 50]",
350.25,Tempo,76.0
350.25,Rest,Parte_1,0.25,0,
350.25,Note,Parte_3,0.25,55,
350.5,Note,Parte_1,0.25,65,
350.5,Rest,Parte_3,1.5,0,
350.75,Note,Parte_1,0.25,59,
351.0,Note,Parte_1,0.25,65,
351.25,Note,Parte_1,0.25,59,
351.5,Note,Parte_1,0.25,65,
351.75,Note,Parte_1,0.25,59,
352.0,Rest,Parte_1,0.25,0,
352.0,Rest,Parte_2,4.0,0,
352.0,Rest,Parte_3,0.25,0,
352.0,Note,Parte_4,1.0,36,
352.25,Rest,Parte_1,0.25,0,
352.25,Note,Parte_3,0.25,55,
352.5,Note,Parte_1,0.25,65,
352.5,Rest,Parte_3,0.75,0,
352.75,Note,Parte_1,0.25,59,
353.0,Rest,Parte_1,0.25,0,
353.0,Note,Parte_4,1.0,48,
353.25,Rest,Parte_1,0.25,0,
353.25,Note,Parte_3,0.25,55,
353.5,Note,Parte_1,0.25,64,
353.5,Rest,Parte_3,0.75,0,
353.75,Note,Parte_1,0.25,60,
354.0,Rest,Parte_1,0.25,0,
354.0,Note,Parte_4,1.0,45,
354.25,Rest,Parte_1,0.25,0,
354.25,Note,Parte_3,0.25,53,
354.5,Note,Parte_1,0.25,62,
354.5,Rest,Parte_3,0.75,0,
354.75,Note,Parte_1,0.25,60,
355.0,Rest,Parte_1,0.25,0,
355.0,Note,Parte_4,1.0,41,
355.25,Rest,Parte_1,0.25,0,
355.25,Note,Parte_3,0.25,57,
355.5,Note,Parte_1,0.25,65,
355.5,Rest,Parte_3,0.5,0,
355.75,Note,Parte_1,0.25,60,
356.0,Rest,Parte_1,0.25,0,
356.0,Rest,Parte_2,4.0,0,
356.0,Rest,Parte_3,0.25,0,
356.0,Note,Parte_4,1.0,43,
356.25,Tempo,76.0
356.25,Rest,Parte_1,0.25,0,
356.25,Note,Parte_3,0.25,55,
356.5,Note,Parte_1,0.25,64,
356.5,Rest,Parte_3,0.75,0,
356.75,Note,Parte_1,0.25,60,
357.0,Rest,Parte_1,0.25,0,
357.0,Note,Parte_4,1.0,31,
357.25,Tempo,73.0
357.25,Rest,Parte_1,0.25,0,
357.25,Note,Parte_3,0.25,53,
357.5,Note,Parte_1,0.25,62,
357.5,Rest,Parte_3,2.5,0,
357.75,Note,Parte_1,0.25,59,
358.0,Rest,Parte_1,0.25,0,
358.0,Note,Parte_4,0.5,36,
358.25,Tempo,70.0
358.25,Note,Parte_1,0.25,60,
358.5,Note,Parte_1,0.25,62,
358.5,Rest,Parte_4,0.5,0,
358.75,Note,Parte_1,0.25,64,
359.0,Note,Parte_1,0.25,65,
359.0,Rest,Parte_4,1.0,0,
359.25,Tempo,67.0
359.25,Note,Parte_1,0.25,67,
359.5,Note,Parte_1,0.25,69,
359.75,Note,Parte_1,0.25,71,
360.0,Chord,Parte_1,0.5,"[67, 72]",
360.0,Rest,Parte_2,4.0,0,
360.0,Chord,Parte_3,0.5,"[60, 64]",
360.0,Rest,Parte_4,4.0,0,
360.5,Rest,Parte_1,0.5,0,
360.5,Rest,Parte_3,0.5,0,
361.0,Chord,Parte_1,0.5,"[67, 71]",
361.0,Chord,Parte_3,0.5,"[62, 65]",
361.5,Rest,Parte_1,0.5,0,
361.5,Rest,Parte_3,0.5,0,
362.0,Chord,Parte_1,0.5,"[67, 72]",
362.0,Note,Parte_3,0.5,64,
362.5,Rest,Parte_1,0.5,0,
362.5,Rest,Parte_3,0.5,0,
363.0,Chord,Parte_1,0.5,"[67, 74]",
363.0,Chord,Parte_3,0.5,"[59, 65]",
363.5,Rest,Parte_1,0.5,0,
363.5,Rest,Parte_3,0.5,0,
364.0,Chord,Parte_1,0.5,"[67, 76]",
364.0,Rest,Parte_2,4.0,0,
364.0,Chord,Parte_3,0.5,"[60, 64]",
364.0,Rest,Parte_4,4.0,0,
364.5,Rest,Parte_1,0.5,0,
364.5,Rest,Parte_3,0.5,0,
365.0,Chord,Parte_1,0.5,"[69, 77]",
365.0,Chord,Parte_3,0.5,"[53, 62]",
365.5,Rest,Parte_1,0.5,0,
365.5,Rest,Parte_3,0.5,0,
366.0,Chord,Parte_1,0.5,"[67, 74]",
366.0,Chord,Parte_3,0.5,"[55, 59]",
366.5,Rest,Parte_1,0.5,0,
366.5,Rest,Parte_3,0.5,0,
367.0,Rest,Parte_1,1.0,0,
367.0,Rest,Parte_3,1.0,0,
368.0,Note,Parte_1,0.5,79,
368.0,Rest,Parte_2,4.0,0,
368.0,Chord,Parte_3,0.5,"[64, 67]",
368.0,Rest,Parte_4,4.0,0,
368.25,Tempo,76.0
368.5,Rest,Parte_1,0.5,0,
368.5,Rest,Parte_3,0.5,0,
369.0,Chord,Parte_1,0.5,"[77, 79]",
369.0,Chord,Parte_3,0.5,"[62, 67]",
369.5,Rest,Parte_1,0.5,0,
369.5,Rest,Parte_3,0.5,0,
370.0,Chord,Parte_1,0.5,"[76, 79]",
370.0,Chord,Parte_3,0.5,"[60, 67]",
370.5,Rest,Parte_1,0.5,0,
370.5,Rest,Parte_3,0.5,0,
371.0,Chord,Parte_1,0.5,"[74, 80]",
371.0,Chord,Parte_3,0.5,"[59, 64]",
371.5,Rest,Parte_1,0.5,0,
371.5,Rest,Parte_3,0.5,0,
372.0,Chord,Parte_1,0.5,"[72, 81]",
372.0,Rest,Parte_2,2.0,0,
372.0,Chord,Parte_3,0.5,"[57, 64]",
372.0,Rest,Parte_4,2.0,0,
372.5,Rest,Parte_1,0.5,0,
372.5,Rest,Parte_3,0.5,0,
373.0,Rest,Parte_1,1.0,0,
373.0,Rest,Parte_3,1.0,0,
374.0,Chord,Parte_1,0.5,"[62, 65]",
374.0,Rest,Parte_2,0.5,0,
374.0,Note,Parte_3,0.5,57,
374.0,Chord,Parte_4,0.5,"[41, 45, 50, 53]",
374.5,Rest,Parte_1,0.5,0,
374.5,Rest,Parte_2,1.5,0,
374.5,Rest,Parte_3,0.5,0,
374.5,Rest,Parte_4,1.5,0,
375.0,Rest,Parte_1,1.0,0,
375.0,Rest,Parte_3,1.0,0,
376.0,Chord,Parte_1,0.5,"[67, 72, 76]",
376.0,Rest,Parte_2,0.5,0,
376.0,Chord,Parte_3,0.5,"[60, 64]",
376.0,Note,Parte_4,0.5,55,
376.5,Rest,Parte_1,0.5,0,
376.5,Rest,Parte_2,3.5,0,
376.5,Rest,Parte_3,0.5,0,
376.5,Rest,Parte_4,3.5,0,
377.0,Rest,Parte_1,1.0,0,
377.0,Rest,Parte_3,1.0,0,
378.0,Chord,Parte_1,0.5,"[53, 59, 62]",
378.0,Chord,Parte_3,0.5,"[43, 47, 50]",
378.5,Rest,Parte_1,0.5,0,
378.5,Rest,Parte_3,0.5,0,
379.0,Rest,Parte_1,1.0,0,
379.0,Rest,Parte_3,1.0,0,
380.0,Chord,Parte_1,1.0,"[72, 76, 79, 84]",
380.0,Rest,Parte_2,4.0,0,
380.0,Chord,Parte_3,1.0,"[36, 40, 43, 48]",
380.0,Rest,Parte_4,4.0,0,
381.0,Rest,Parte_1,1.0,0,
381.0,Rest,Parte_3,1.0,0,
382.0,Rest,Parte_1,1.0,0,
382.0,Rest,Parte_3,1.0,0,
383.0,Rest,Parte_1,0.75,0,
383.0,Rest,Parte_3,0.75,0,
383.75,Rest,Parte_1,0.25,0,
383.75,Rest,Parte_3,0.25,0,
