0.0,Tempo,120.0
0.0,Formula de Compasso,6/8
0.0,Rest,Parte_1,3.0,0,
0.0,Rest,Parte_2,3.0,0,
0.0,Rest,Parte_3,2.0,0,
0.0,Rest,Parte_4,3.0,0,
2.0,Rest,Parte_3,0.5,0,
2.5,Note,Parte_3,0.5,45,
3.0,Rest,Parte_1,3.0,0,
3.0,Rest,Parte_2,3.0,0,
3.0,Note,Parte_3,1.0,38,
3.0,Rest,Parte_4,3.0,0,
4.0,Note,Parte_3,0.5,45,
4.5,Note,Parte_3,1.0,38,
5.5,Note,Parte_3,0.5,47,
6.0,Rest,Parte_1,1.0,0,
6.0,Rest,Parte_2,3.0,0,
6.0,Note,Parte_3,1.0,38,
6.0,Rest,Parte_4,3.0,0,
7.0,Rest,Parte_1,0.5,0,
7.0,Note,Parte_3,0.5,49,
7.5,Rest,Parte_1,0.5,0,
7.5,Note,Parte_3,1.0,38,
8.0,Rest,Parte_1,0.5,0,
8.5,Note,Parte_1,0.5,81,start
8.5,Note,Parte_3,0.5,50,
9.0,Note,Parte_1,0.5,81,stop
9.0,Note,Parte_2,1.5,69,
9.0,Note,Parte_3,1.0,38,
9.0,Rest,Parte_4,3.0,0,
9.5,Note,Parte_1,0.5,79,
10.0,Note,Parte_1,0.5,78,
10.0,Note,Parte_3,0.5,42,
10.5,Note,Parte_1,0.5,76,
10.5,Note,Parte_2,1.5,71,
10.5,Note,Parte_3,1.0,38,
11.0,Note,Parte_1,0.5,78,
11.5,Note,Parte_1,0.5,74,
11.5,Note,Parte_3,0.5,43,
12.0,Note,Parte_1,0.5,71,
12.0,Note,Parte_2,1.0,67,
12.0,Note,Parte_3,1.0,38,
12.0,Rest,Parte_4,3.0,0,
12.5,Note,Parte_1,0.5,76,
13.0,Note,Parte_1,0.5,73,
13.0,Note,Parte_2,0.5,67,
13.0,Note,Parte_3,0.5,45,
13.5,Note,Parte_1,0.5,74,
13.5,Note,Parte_2,0.5,66,
13.5,Note,Parte_3,1.0,38,
14.0,Rest,Parte_1,0.5,0,
14.0,Rest,Parte_2,0.5,0,
14.5,Rest,Parte_1,0.5,0,
14.5,Rest,Parte_2,0.5,0,
14.5,Note,Parte_3,0.5,45,
15.0,Rest,Parte_1,3.0,0,
15.0,Rest,Parte_2,3.0,0,
15.0,Note,Parte_3,1.0,38,
15.0,Rest,Parte_4,3.0,0,
16.0,Note,Parte_3,0.5,45,
16.5,Note,Parte_3,1.0,38,
17.5,Note,Parte_3,0.5,47,
18.0,Rest,Parte_1,1.0,0,
18.0,Rest,Parte_2,3.0,0,
18.0,Note,Parte_3,1.0,38,
18.0,Rest,Parte_4,3.0,0,
19.0,Rest,Parte_1,0.5,0,
19.0,Note,Parte_3,0.5,49,
19.5,Rest,Parte_1,0.5,0,
19.5,Note,Parte_3,1.0,38,
20.0,Rest,Parte_1,0.5,0,
20.5,Note,Parte_1,0.5,81,start
20.5,Note,Parte_3,0.5,50,
21.0,Note,Parte_1,0.5,81,stop
21.0,Note,Parte_2,1.5,69,
21.0,Note,Parte_3,1.0,38,
21.0,Rest,Parte_4,3.0,0,
21.5,Note,Parte_1,0.5,79,
22.0,Note,Parte_1,0.5,78,
22.0,Note,Parte_3,0.5,42,
22.5,Note,Parte_1,0.5,76,
22.5,Note,Parte_2,1.5,71,
22.5,Note,Parte_3,1.0,38,
23.0,Note,Parte_1,0.5,78,
23.5,Note,Parte_1,0.5,74,
23.5,Note,Parte_3,0.5,43,
24.0,Note,Parte_1,0.5,71,
24.0,Note,Parte_2,1.0,67,
24.0,Note,Parte_3,1.0,38,
24.0,Rest,Parte_4,3.0,0,
24.5,Note,Parte_1,0.5,76,
25.0,Note,Parte_1,0.5,73,
25.0,Note,Parte_2,0.5,67,
25.0,Note,Parte_3,0.5,45,
25.5,Note,Parte_1,0.5,74,
25.5,Note,Parte_2,0.5,66,
25.5,Note,Parte_3,1.0,38,
26.0,Rest,Parte_1,0.5,0,
26.0,Rest,Parte_2,0.5,0,
26.5,Note,Parte_1,0.5,74,start
26.5,Note,Parte_2,0.5,66,
26.5,Note,Parte_3,0.5,50,
27.0,Note,Parte_1,1.0,74,stop
27.0,Note,Parte_2,1.5,67,start
27.0,Note,Parte_3,1.0,38,
27.0,Rest,Parte_4,3.0,0,
28.0,Note,Parte_1,0.5,73,
28.0,Note,Parte_3,0.5,52,
28.5,Note,Parte_1,0.5,81,
28.5,Note,Parte_2,0.5,67,stop
28.5,Note,Parte_3,1.0,38,
29.0,Rest,Parte_1,0.5,0,
29.0,Rest,Parte_2,0.5,0,
29.5,Note,Parte_1,0.5,73,
29.5,Note,Parte_2,0.5,67,
29.5,Note,Parte_3,0.5,45,
30.0,Note,Parte_1,1.0,76,
30.0,Note,Parte_2,1.5,66,start
30.0,Note,Parte_3,1.0,38,
30.0,Rest,Parte_4,3.0,0,
31.0,Note,Parte_1,0.5,74,
31.0,Note,Parte_3,0.5,50,
31.5,Note,Parte_1,0.5,81,
31.5,Note,Parte_2,0.5,66,stop
31.5,Note,Parte_3,1.0,38,
32.0,Rest,Parte_1,0.5,0,
32.0,Rest,Parte_2,0.5,0,
32.5,Note,Parte_1,0.5,74,start
32.5,Note,Parte_2,0.5,66,
32.5,Note,Parte_3,0.5,45,
33.0,Note,Parte_1,1.0,74,stop
33.0,Note,Parte_2,1.5,67,start
33.0,Note,Parte_3,1.0,38,
33.0,Rest,Parte_4,3.0,0,
34.0,Note,Parte_1,0.5,73,
34.0,Note,Parte_3,0.5,52,
34.5,Note,Parte_1,0.5,81,
34.5,Note,Parte_2,0.5,67,stop
34.5,Note,Parte_3,1.0,38,
35.0,Rest,Parte_1,0.5,0,
35.0,Rest,Parte_2,0.5,0,
35.5,Note,Parte_1,0.5,73,
35.5,Note,Parte_2,0.5,67,
35.5,Note,Parte_3,0.5,45,
36.0,Note,Parte_1,1.0,74,
36.0,Note,Parte_2,1.0,66,
36.0,Note,Parte_3,1.0,38,
36.0,Rest,Parte_4,3.0,0,
37.0,Rest,Parte_1,0.5,0,
37.0,Rest,Parte_2,0.5,0,
37.0,Note,Parte_3,0.5,50,
37.5,Rest,Parte_1,0.5,0,
37.5,Rest,Parte_2,0.5,0,
37.5,Note,Parte_3,1.0,38,
38.0,Rest,Parte_1,0.5,0,
38.0,Rest,Parte_2,0.5,0,
38.5,Note,Parte_1,0.5,74,start
38.5,Note,Parte_2,0.5,66,
38.5,Note,Parte_3,0.5,45,
39.0,Note,Parte_1,0.75,74,stop
39.0,Note,Parte_2,1.5,67,start
39.0,Note,Parte_3,1.0,38,
39.0,Rest,Parte_4,3.0,0,
39.75,Note,Parte_1,0.25,73,
40.0,Note,Parte_1,0.25,72,
40.0,Note,Parte_3,0.5,52,
40.25,Note,Parte_1,0.25,73,
40.5,Note,Parte_1,0.5,81,
40.5,Note,Parte_2,0.5,67,stop
40.5,Note,Parte_3,1.0,38,
41.0,Rest,Parte_1,0.5,0,
41.0,Rest,Parte_2,0.5,0,
41.5,Note,Parte_1,0.5,73,
41.5,Note,Parte_2,0.5,67,
41.5,Note,Parte_3,0.5,45,
42.0,Note,Parte_1,0.75,76,
42.0,Note,Parte_2,1.5,66,start
42.0,Note,Parte_3,1.0,38,
42.0,Rest,Parte_4,3.0,0,
42.75,Note,Parte_1,0.25,74,
43.0,Note,Parte_1,0.25,73,
43.0,Note,Parte_3,0.5,50,
43.25,Note,Parte_1,0.25,74,
43.5,Note,Parte_1,0.5,81,
43.5,Note,Parte_2,0.5,66,stop
43.5,Note,Parte_3,1.0,38,
44.0,Rest,Parte_1,0.5,0,
44.0,Rest,Parte_2,0.5,0,
44.5,Note,Parte_1,0.5,74,start
44.5,Note,Parte_2,0.5,66,
44.5,Note,Parte_3,0.5,45,
45.0,Note,Parte_1,0.75,74,stop
45.0,Note,Parte_2,1.5,67,start
45.0,Note,Parte_3,1.0,38,
45.0,Rest,Parte_4,3.0,0,
45.75,Note,Parte_1,0.25,73,
46.0,Note,Parte_1,0.25,72,
46.0,Note,Parte_3,0.5,52,
46.25,Note,Parte_1,0.25,73,
46.5,Note,Parte_1,0.5,81,
46.5,Note,Parte_2,0.5,67,stop
46.5,Note,Parte_3,1.0,38,
47.0,Rest,Parte_1,0.5,0,
47.0,Rest,Parte_2,0.5,0,
47.5,Note,Parte_1,0.5,73,
47.5,Note,Parte_2,0.5,67,
47.5,Note,Parte_3,0.5,45,
48.0,Note,Parte_1,1.0,74,
48.0,Note,Parte_2,1.0,66,
48.0,Note,Parte_3,1.0,38,
48.0,Rest,Parte_4,3.0,0,
49.0,Rest,Parte_1,0.5,0,
49.0,Rest,Parte_2,2.0,0,
49.0,Note,Parte_3,0.5,50,
49.5,Rest,Parte_1,0.5,0,
49.5,Note,Parte_3,1.0,45,
50.0,Rest,Parte_1,0.5,0,
50.5,Note,Parte_1,0.25,62,
50.5,Note,Parte_3,0.5,42,
50.75,Note,Parte_1,0.25,57,
51.0,Rest,Parte_1,0.5,0,
51.0,Rest,Parte_2,3.0,0,
51.0,Note,Parte_3,0.25,38,
51.0,Rest,Parte_4,3.0,0,
51.25,Note,Parte_3,0.25,42,
51.5,Note,Parte_1,0.25,54,
51.5,Note,Parte_3,0.25,45,
51.75,Note,Parte_1,0.25,57,
51.75,Note,Parte_3,0.25,50,
52.0,Note,Parte_1,0.25,62,
52.0,Rest,Parte_3,0.5,0,
52.25,Note,Parte_1,0.25,66,
52.5,Rest,Parte_1,0.5,0,
52.5,Note,Parte_3,0.25,49,
52.75,Note,Parte_3,0.25,52,
53.0,Note,Parte_1,0.25,64,
53.0,Note,Parte_3,0.25,57,
53.25,Note,Parte_1,0.25,69,
53.25,Note,Parte_3,0.25,61,
53.5,Note,Parte_1,0.25,73,
53.5,Rest,Parte_3,0.5,0,
53.75,Note,Parte_1,0.25,76,
54.0,Rest,Parte_1,0.5,0,
54.0,Rest,Parte_2,3.0,0,
54.0,Note,Parte_3,0.25,47,
54.0,Rest,Parte_4,3.0,0,
54.25,Note,Parte_3,0.25,50,
54.5,Note,Parte_1,0.25,62,
54.5,Note,Parte_3,0.25,54,
54.75,Note,Parte_1,0.25,66,
54.75,Note,Parte_3,0.25,59,
55.0,Note,Parte_1,0.25,71,
55.0,Rest,Parte_3,0.5,0,
55.25,Note,Parte_1,0.25,74,
55.5,Rest,Parte_1,0.5,0,
55.5,Note,Parte_3,0.25,57,
55.75,Note,Parte_3,0.25,61,
56.0,Note,Parte_1,0.25,73,
56.0,Note,Parte_3,0.25,66,
56.25,Note,Parte_1,0.25,78,
56.25,Note,Parte_3,0.25,69,
56.5,Note,Parte_1,0.25,81,
56.5,Rest,Parte_3,0.5,0,
56.75,Note,Parte_1,0.25,85,
57.0,Rest,Parte_1,0.5,0,
57.0,Rest,Parte_2,3.0,0,
57.0,Note,Parte_3,0.25,43,
57.0,Rest,Parte_4,3.0,0,
57.25,Note,Parte_3,0.25,47,
57.5,Note,Parte_1,0.25,59,
57.5,Note,Parte_3,0.25,50,
57.75,Note,Parte_1,0.25,62,
57.75,Note,Parte_3,0.25,55,
58.0,Note,Parte_1,0.25,67,
58.0,Rest,Parte_3,0.5,0,
58.25,Note,Parte_1,0.25,71,
58.5,Rest,Parte_1,0.5,0,
58.5,Note,Parte_3,0.25,54,
58.75,Note,Parte_3,0.25,57,
59.0,Note,Parte_1,0.25,69,
59.0,Note,Parte_3,0.25,62,
59.25,Note,Parte_1,0.25,74,
59.25,Note,Parte_3,0.25,66,
59.5,Note,Parte_1,0.25,78,
59.5,Rest,Parte_3,0.5,0,
59.75,Note,Parte_1,0.25,81,
60.0,Chord,Parte_1,0.25,"[73, 79]",
60.0,Rest,Parte_2,3.0,0,
60.0,Chord,Parte_3,0.5,"[52, 64]",
60.0,Rest,Parte_4,3.0,0,
60.25,Note,Parte_1,0.25,69,
60.5,Chord,Parte_1,0.25,"[73, 79]",
60.5,Chord,Parte_3,0.5,"[52, 64]",
60.75,Note,Parte_1,0.25,69,
61.0,Chord,Parte_1,0.25,"[74, 78]",
61.0,Chord,Parte_3,0.5,"[52, 64]",
61.25,Note,Parte_1,0.25,69,
61.5,Chord,Parte_1,0.25,"[73, 76]",
61.5,Chord,Parte_3,1.0,"[45, 57]",
61.75,Note,Parte_1,0.25,74,
62.0,Note,Parte_1,0.25,73,
62.25,Note,Parte_1,0.25,71,
62.5,Note,Parte_1,0.25,69,
62.5,Rest,Parte_3,0.5,0,
62.75,Note,Parte_1,0.25,67,
63.0,Rest,Parte_1,0.5,0,
63.0,Rest,Parte_2,3.0,0,
63.0,Note,Parte_3,0.25,38,
63.0,Rest,Parte_4,3.0,0,
63.25,Note,Parte_3,0.25,42,
63.5,Note,Parte_1,0.25,54,
63.5,Note,Parte_3,0.25,45,
63.75,Note,Parte_1,0.25,57,
63.75,Note,Parte_3,0.25,50,
64.0,Note,Parte_1,0.25,62,
64.0,Rest,Parte_3,0.5,0,
64.25,Note,Parte_1,0.25,66,
64.5,Rest,Parte_1,0.5,0,
64.5,Note,Parte_3,0.25,49,
64.75,Note,Parte_3,0.25,52,
65.0,Note,Parte_1,0.25,64,
65.0,Note,Parte_3,0.25,57,
65.25,Note,Parte_1,0.25,69,
65.25,Note,Parte_3,0.25,61,
65.5,Note,Parte_1,0.25,73,
65.5,Rest,Parte_3,0.5,0,
65.75,Note,Parte_1,0.25,76,
66.0,Rest,Parte_1,0.5,0,
66.0,Rest,Parte_2,3.0,0,
66.0,Note,Parte_3,0.25,47,
66.0,Rest,Parte_4,3.0,0,
66.25,Note,Parte_3,0.25,50,
66.5,Note,Parte_1,0.25,62,
66.5,Note,Parte_3,0.25,54,
66.75,Note,Parte_1,0.25,66,
66.75,Note,Parte_3,0.25,59,
67.0,Note,Parte_1,0.25,71,
67.0,Rest,Parte_3,0.5,0,
67.25,Note,Parte_1,0.25,74,
67.5,Rest,Parte_1,0.5,0,
67.5,Note,Parte_3,0.25,57,
67.75,Note,Parte_3,0.25,61,
68.0,Note,Parte_1,0.25,73,
68.0,Note,Parte_3,0.25,66,
68.25,Note,Parte_1,0.25,78,
68.25,Note,Parte_3,0.25,69,
68.5,Note,Parte_1,0.25,81,
68.5,Rest,Parte_3,0.5,0,
68.75,Note,Parte_1,0.25,85,
69.0,Rest,Parte_1,0.5,0,
69.0,Rest,Parte_2,3.0,0,
69.0,Note,Parte_3,0.25,44,
69.0,Rest,Parte_4,3.0,0,
69.25,Note,Parte_3,0.25,47,
69.5,Note,Parte_1,0.25,59,
69.5,Note,Parte_3,0.25,52,
69.75,Note,Parte_1,0.25,64,
69.75,Note,Parte_3,0.25,56,
70.0,Note,Parte_1,0.25,68,
70.0,Rest,Parte_3,0.5,0,
70.25,Note,Parte_1,0.25,71,
70.5,Rest,Parte_1,0.5,0,
70.5,Note,Parte_3,0.25,54,
70.75,Note,Parte_3,0.25,57,
71.0,Note,Parte_1,0.25,69,
71.0,Note,Parte_3,0.25,63,
71.25,Note,Parte_1,0.25,75,
71.25,Note,Parte_3,0.25,66,
71.5,Note,Parte_1,0.25,78,
71.5,Rest,Parte_3,0.5,0,
71.75,Note,Parte_1,0.25,81,
72.0,Rest,Parte_1,0.5,0,
72.0,Rest,Parte_2,3.0,0,
72.0,Note,Parte_3,0.25,40,
72.0,Rest,Parte_4,3.0,0,
72.25,Note,Parte_3,0.25,44,
72.5,Note,Parte_1,0.25,56,
72.5,Note,Parte_3,0.25,47,
72.75,Note,Parte_1,0.25,59,
72.75,Note,Parte_3,0.25,52,
73.0,Note,Parte_1,0.25,64,
73.0,Rest,Parte_3,0.5,0,
73.25,Note,Parte_1,0.25,68,
73.5,Rest,Parte_1,0.5,0,
73.5,Note,Parte_3,0.25,57,
73.75,Note,Parte_3,0.25,61,
74.0,Note,Parte_1,0.25,73,
74.0,Note,Parte_3,0.25,64,
74.25,Note,Parte_1,0.25,76,
74.25,Note,Parte_3,0.25,69,
74.5,Note,Parte_1,0.25,81,
74.5,Rest,Parte_3,0.5,0,
74.75,Note,Parte_1,0.25,85,
75.0,Rest,Parte_1,0.5,0,
75.0,Rest,Parte_2,3.0,0,
75.0,Note,Parte_3,0.25,44,
75.0,Rest,Parte_4,3.0,0,
75.25,Note,Parte_3,0.25,47,
75.5,Note,Parte_1,0.25,59,
75.5,Note,Parte_3,0.25,52,
75.75,Note,Parte_1,0.25,64,
75.75,Note,Parte_3,0.25,56,
76.0,Note,Parte_1,0.25,68,
76.0,Rest,Parte_3,0.5,0,
76.25,Note,Parte_1,0.25,71,
76.5,Rest,Parte_1,0.5,0,
76.5,Note,Parte_3,0.25,54,
76.75,Note,Parte_3,0.25,57,
77.0,Note,Parte_1,0.25,69,
77.0,Note,Parte_3,0.25,63,
77.25,Note,Parte_1,0.25,75,
77.25,Note,Parte_3,0.25,66,
77.5,Note,Parte_1,0.25,78,
77.5,Rest,Parte_3,0.5,0,
77.75,Note,Parte_1,0.25,81,
78.0,Rest,Parte_1,0.5,0,
78.0,Rest,Parte_2,3.0,0,
78.0,Note,Parte_3,0.25,40,
78.0,Rest,Parte_4,3.0,0,
78.25,Note,Parte_3,0.25,44,
78.5,Note,Parte_1,0.25,68,
78.5,Note,Parte_3,0.25,47,
78.75,Note,Parte_1,0.25,71,
78.75,Note,Parte_3,0.25,52,
79.0,Note,Parte_1,0.25,76,
79.0,Rest,Parte_3,0.5,0,
79.25,Note,Parte_1,0.25,80,
79.5,Rest,Parte_1,0.5,0,
79.5,Note,Parte_3,0.25,40,
79.75,Note,Parte_3,0.25,44,
80.0,Note,Parte_1,0.25,64,
80.0,Note,Parte_3,0.25,47,
80.25,Note,Parte_1,0.25,68,
80.25,Note,Parte_3,0.25,52,
80.5,Note,Parte_1,0.25,71,
80.5,Rest,Parte_3,0.5,0,
80.75,Note,Parte_1,0.25,76,
81.0,Rest,Parte_1,0.5,0,
81.0,Rest,Parte_2,3.0,0,
81.0,Note,Parte_3,0.25,40,
81.0,Rest,Parte_4,3.0,0,
81.25,Note,Parte_3,0.25,44,
81.5,Note,Parte_1,0.25,59,
81.5,Note,Parte_3,0.25,47,
81.75,Note,Parte_1,0.25,64,
81.75,Note,Parte_3,0.25,52,
82.0,Note,Parte_1,0.25,68,
82.0,Rest,Parte_3,0.5,0,
82.25,Note,Parte_1,0.25,71,
82.5,Rest,Parte_1,0.5,0,
82.5,Note,Parte_3,0.25,40,
82.75,Note,Parte_3,0.25,44,
83.0,Note,Parte_1,0.25,56,
83.0,Note,Parte_3,0.25,47,
83.25,Note,Parte_1,0.25,59,
83.25,Note,Parte_3,0.25,52,
83.5,Note,Parte_1,0.25,64,
83.5,Rest,Parte_3,0.5,0,
83.75,Note,Parte_1,0.25,68,
84.0,Rest,Parte_1,1.0,0,
84.0,Rest,Parte_2,3.0,0,
84.0,Note,Parte_3,1.5,40,start
84.0,Rest,Parte_4,3.0,0,
85.0,Rest,Parte_1,0.5,0,
85.5,Rest,Parte_1,0.5,0,
85.5,Note,Parte_3,1.0,40,stop
86.0,Rest,Parte_1,0.5,0,
86.5,Note,Parte_1,0.5,85,
86.5,Rest,Parte_3,0.5,0,
87.0,Note,Parte_1,1.0,81,
87.0,Rest,Parte_2,1.0,0,
87.0,Rest,Parte_3,3.0,0,
87.0,Rest,Parte_4,3.0,0,
88.0,Note,Parte_1,0.5,88,
88.0,Rest,Parte_2,0.5,0,
88.5,Note,Parte_1,1.0,85,
88.5,Rest,Parte_2,0.5,0,
89.0,Rest,Parte_2,0.5,0,
89.5,Note,Parte_1,0.5,81,
89.5,Note,Parte_2,0.5,73,
90.0,Note,Parte_1,1.0,76,
90.0,Note,Parte_2,1.0,69,
90.0,Rest,Parte_3,1.0,0,
90.0,Rest,Parte_4,3.0,0,
91.0,Note,Parte_1,0.5,85,
91.0,Note,Parte_2,0.5,76,
91.0,Rest,Parte_3,0.5,0,
91.5,Note,Parte_1,1.0,81,
91.5,Note,Parte_2,1.0,73,
91.5,Rest,Parte_3,0.5,0,
92.0,Rest,Parte_3,0.5,0,
92.5,Note,Parte_1,0.5,76,
92.5,Note,Parte_2,0.5,69,
92.5,Note,Parte_3,0.5,61,
93.0,Note,Parte_1,1.5,76,start
93.0,Note,Parte_2,1.0,73,
93.0,Note,Parte_3,1.0,57,
93.0,Rest,Parte_4,3.0,0,
94.0,Note,Parte_2,0.5,69,
94.0,Note,Parte_3,0.5,64,
94.5,Note,Parte_1,1.0,76,stop
94.5,Note,Parte_2,1.0,64,
94.5,Note,Parte_3,1.0,61,
95.5,Note,Parte_1,0.5,76,start
95.5,Chord,Parte_2,0.5,"[69, 73]",
95.5,Note,Parte_3,0.5,57,
96.0,Note,Parte_1,1.5,76,continue
96.0,Chord,Parte_2,1.0,"[68, 71]",
96.0,Note,Parte_3,1.0,64,
96.0,Rest,Parte_4,3.0,0,
97.0,Chord,Parte_2,0.5,"[71, 74]",
97.0,Note,Parte_3,0.5,52,
97.5,Note,Parte_1,0.5,76,stop
97.5,Chord,Parte_2,0.5,"[69, 73]",
97.5,Note,Parte_3,1.0,57,
98.0,Rest,Parte_1,0.25,0,
98.0,Rest,Parte_2,0.5,0,
98.25,Note,Parte_1,0.25,85,
98.5,Note,Parte_1,0.25,84,
98.5,Rest,Parte_2,0.5,0,
98.5,Rest,Parte_3,0.5,0,
98.75,Note,Parte_1,0.25,85,
99.0,Note,Parte_1,0.5,81,
99.0,Rest,Parte_2,1.0,0,
99.0,Rest,Parte_3,3.0,0,
99.0,Rest,Parte_4,3.0,0,
99.5,Rest,Parte_1,0.25,0,
99.75,Note,Parte_1,0.25,88,
100.0,Note,Parte_1,0.25,87,
100.0,Rest,Parte_2,0.5,0,
100.25,Note,Parte_1,0.25,88,
100.5,Note,Parte_1,0.5,85,
100.5,Rest,Parte_2,0.5,0,
101.0,Rest,Parte_1,0.5,0,
101.0,Rest,Parte_2,0.25,0,
101.25,Note,Parte_2,0.25,73,
101.5,Note,Parte_1,0.5,81,
101.5,Note,Parte_2,0.25,72,
101.75,Note,Parte_2,0.25,73,
102.0,Note,Parte_1,0.5,76,
102.0,Note,Parte_2,0.5,69,
102.0,Rest,Parte_3,1.0,0,
102.0,Rest,Parte_4,3.0,0,
102.5,Rest,Parte_1,0.5,0,
102.5,Rest,Parte_2,0.25,0,
102.75,Note,Parte_2,0.25,76,
103.0,Note,Parte_1,0.5,85,
103.0,Note,Parte_2,0.25,75,
103.0,Rest,Parte_3,0.5,0,
103.25,Note,Parte_2,0.25,76,
103.5,Note,Parte_1,0.5,81,
103.5,Note,Parte_2,0.5,73,
103.5,Rest,Parte_3,0.5,0,
104.0,Rest,Parte_1,0.5,0,
104.0,Rest,Parte_2,0.5,0,
104.0,Rest,Parte_3,0.25,0,
104.25,Note,Parte_3,0.25,61,
104.5,Note,Parte_1,0.5,76,
104.5,Note,Parte_2,0.5,69,
104.5,Note,Parte_3,0.25,60,
104.75,Note,Parte_3,0.25,61,
105.0,Note,Parte_1,1.5,76,start
105.0,Note,Parte_2,1.0,73,
105.0,Note,Parte_3,0.5,57,
105.0,Rest,Parte_4,3.0,0,
105.5,Rest,Parte_3,0.25,0,
105.75,Note,Parte_3,0.25,64,
106.0,Note,Parte_2,0.5,69,
106.0,Note,Parte_3,0.25,63,
106.25,Note,Parte_3,0.25,64,
106.5,Note,Parte_1,1.0,76,stop
106.5,Note,Parte_2,1.0,64,
106.5,Note,Parte_3,0.5,61,
107.0,Rest,Parte_3,0.5,0,
107.5,Note,Parte_1,0.5,76,start
107.5,Chord,Parte_2,0.5,"[69, 73]",
107.5,Note,Parte_3,0.5,57,
108.0,Note,Parte_1,1.5,76,continue
108.0,Chord,Parte_2,1.0,"[68, 71]",
108.0,Note,Parte_3,1.0,64,
108.0,Rest,Parte_4,3.0,0,
109.0,Chord,Parte_2,0.5,"[71, 74]",
109.0,Note,Parte_3,0.5,52,
109.5,Note,Parte_1,1.0,76,stop
109.5,Chord,Parte_2,1.0,"[69, 73]",
109.5,Note,Parte_3,1.0,57,
110.5,Note,Parte_1,0.5,81,
110.5,Chord,Parte_2,0.5,"[73, 76]",
110.5,Note,Parte_3,0.5,49,
111.0,Note,Parte_1,1.0,80,
111.0,Chord,Parte_2,1.0,"[71, 76]",
111.0,Note,Parte_3,1.0,52,
111.0,Rest,Parte_4,3.0,0,
112.0,Note,Parte_1,0.5,83,
112.0,Chord,Parte_2,0.5,"[74, 76]",
112.0,Note,Parte_3,0.5,40,
112.5,Note,Parte_1,1.0,81,
112.5,Chord,Parte_2,1.0,"[73, 76]",
112.5,Note,Parte_3,1.0,45,
113.5,Note,Parte_1,0.5,76,
113.5,Chord,Parte_2,0.5,"[69, 73]",
113.5,Note,Parte_3,0.5,61,
114.0,Note,Parte_1,1.5,76,
114.0,Chord,Parte_2,1.0,"[68, 71]",
114.0,Note,Parte_3,1.0,64,
114.0,Rest,Parte_4,3.0,0,
115.0,Chord,Parte_2,0.5,"[71, 74]",
115.0,Note,Parte_3,0.5,52,
115.5,Note,Parte_1,1.0,76,
115.5,Chord,Parte_2,1.0,"[69, 73]",
115.5,Note,Parte_3,1.0,57,
116.5,Note,Parte_1,0.5,81,
116.5,Chord,Parte_2,0.5,"[73, 76]",
116.5,Note,Parte_3,0.5,49,
117.0,Note,Parte_1,1.0,80,
117.0,Chord,Parte_2,1.0,"[71, 76]",
117.0,Note,Parte_3,1.0,52,
117.0,Rest,Parte_4,3.0,0,
118.0,Note,Parte_1,0.5,83,
118.0,Chord,Parte_2,0.5,"[74, 76]",
118.0,Note,Parte_3,0.5,40,
118.5,Note,Parte_1,1.0,81,
118.5,Chord,Parte_2,1.0,"[73, 76]",
118.5,Note,Parte_3,1.0,45,
119.5,Note,Parte_1,0.5,81,
119.5,Chord,Parte_2,0.5,"[73, 76]",
119.5,Note,Parte_3,0.5,49,
120.0,Note,Parte_1,1.0,80,
120.0,Chord,Parte_2,1.0,"[71, 76]",
120.0,Note,Parte_3,1.0,52,
120.0,Rest,Parte_4,3.0,0,
121.0,Note,Parte_1,0.5,83,
121.0,Chord,Parte_2,0.5,"[74, 76]",
121.0,Note,Parte_3,0.5,40,
121.5,Note,Parte_1,1.0,81,
121.5,Chord,Parte_2,1.0,"[73, 76]",
121.5,Note,Parte_3,1.0,45,
122.5,Note,Parte_1,0.5,82,
122.5,Chord,Parte_2,0.5,"[73, 76]",
122.5,Chord,Parte_3,0.5,"[42, 54]",
123.0,Note,Parte_1,3.0,83,
123.0,Chord,Parte_2,3.0,"[74, 78]",
123.0,Chord,Parte_3,3.0,"[38, 50]",
123.0,Rest,Parte_4,3.0,0,
126.0,Note,Parte_1,3.0,80,
126.0,Note,Parte_2,3.0,74,
126.0,Chord,Parte_3,3.0,"[40, 52]",
126.0,Rest,Parte_4,3.0,0,
129.0,Note,Parte_1,0.25,69,
129.0,Rest,Parte_2,3.0,0,
129.0,Note,Parte_3,3.0,45,start
129.0,Chord,Parte_4,1.5,"[33, 45]",
129.25,Note,Parte_1,0.25,73,
129.5,Note,Parte_1,0.25,76,
129.75,Note,Parte_1,0.25,81,
130.0,Note,Parte_1,0.25,69,
130.25,Note,Parte_1,0.25,81,
130.5,Note,Parte_1,0.25,68,
130.5,Note,Parte_4,0.5,44,
130.75,Note,Parte_1,0.25,80,
131.0,Note,Parte_1,0.25,66,
131.0,Note,Parte_4,0.5,42,
131.25,Note,Parte_1,0.25,78,
131.5,Note,Parte_1,0.25,64,
131.5,Note,Parte_4,0.5,40,
131.75,Note,Parte_1,0.25,76,
132.0,Note,Parte_1,0.25,66,
132.0,Rest,Parte_2,3.0,0,
132.0,Note,Parte_3,3.0,45,stop
132.0,Note,Parte_4,0.5,42,
132.25,Note,Parte_1,0.25,78,
132.5,Note,Parte_1,0.25,64,
132.5,Note,Parte_4,0.5,40,
132.75,Note,Parte_1,0.25,76,
133.0,Note,Parte_1,0.25,62,
133.0,Note,Parte_4,0.5,38,
133.25,Note,Parte_1,0.25,74,
133.5,Note,Parte_1,0.25,61,
133.5,Note,Parte_4,0.5,37,
133.75,Note,Parte_1,0.25,73,
134.0,Note,Parte_1,0.25,62,
134.0,Note,Parte_4,0.5,38,
134.25,Note,Parte_1,0.25,74,
134.5,Note,Parte_1,0.25,64,
134.5,Note,Parte_4,0.5,40,
134.75,Note,Parte_1,0.25,76,
135.0,Note,Parte_1,0.25,69,
135.0,Rest,Parte_2,3.0,0,
135.0,Note,Parte_3,3.0,45,start
135.0,Chord,Parte_4,1.5,"[33, 45]",
135.25,Note,Parte_1,0.25,73,
135.5,Note,Parte_1,0.25,76,
135.75,Note,Parte_1,0.25,81,
136.0,Note,Parte_1,0.25,69,
136.25,Note,Parte_1,0.25,81,
136.5,Note,Parte_1,0.25,68,
136.5,Note,Parte_4,0.5,44,
136.75,Note,Parte_1,0.25,80,
137.0,Note,Parte_1,0.25,66,
137.0,Note,Parte_4,0.5,42,
137.25,Note,Parte_1,0.25,78,
137.5,Note,Parte_1,0.25,64,
137.5,Note,Parte_4,0.5,40,
137.75,Note,Parte_1,0.25,76,
138.0,Note,Parte_1,0.25,66,
138.0,Rest,Parte_2,3.0,0,
138.0,Note,Parte_3,3.0,45,stop
138.0,Note,Parte_4,0.5,42,
138.25,Note,Parte_1,0.25,78,
138.5,Note,Parte_1,0.25,64,
138.5,Note,Parte_4,0.5,40,
138.75,Note,Parte_1,0.25,76,
139.0,Note,Parte_1,0.25,62,
139.0,Note,Parte_4,0.5,38,
139.25,Note,Parte_1,0.25,74,
139.5,Note,Parte_1,0.25,61,
139.5,Note,Parte_4,0.5,37,
139.75,Note,Parte_1,0.25,73,
140.0,Note,Parte_1,0.25,62,
140.0,Note,Parte_4,0.5,38,
140.25,Note,Parte_1,0.25,74,
140.5,Note,Parte_1,0.25,64,
140.5,Note,Parte_4,0.5,40,
140.75,Note,Parte_1,0.25,76,
141.0,Note,Parte_1,0.25,69,
141.0,Rest,Parte_2,3.0,0,
141.0,Note,Parte_3,3.0,45,start
141.0,Chord,Parte_4,1.5,"[33, 45]",
141.25,Note,Parte_1,0.25,73,
141.5,Note,Parte_1,0.25,76,
141.75,Note,Parte_1,0.25,81,
142.0,Note,Parte_1,0.25,69,
142.25,Note,Parte_1,0.25,81,
142.5,Note,Parte_1,0.25,67,
142.5,Note,Parte_4,0.5,43,
142.75,Note,Parte_1,0.25,79,
143.0,Note,Parte_1,0.25,66,
143.0,Note,Parte_4,0.5,42,
143.25,Note,Parte_1,0.25,78,
143.5,Note,Parte_1,0.25,64,
143.5,Note,Parte_4,0.5,40,
143.75,Note,Parte_1,0.25,76,
144.0,Note,Parte_1,0.25,62,
144.0,Rest,Parte_2,3.0,0,
144.0,Note,Parte_3,1.5,45,stop
144.0,Note,Parte_4,0.5,38,
144.25,Note,Parte_1,0.25,74,
144.5,Note,Parte_1,0.25,61,
144.5,Note,Parte_4,0.5,37,
144.75,Note,Parte_1,0.25,73,
145.0,Note,Parte_1,0.25,59,
145.0,Note,Parte_4,0.5,35,
145.25,Note,Parte_1,0.25,71,
145.5,Note,Parte_1,0.25,57,
145.5,Chord,Parte_3,0.5,"[33, 45]",
145.5,Rest,Parte_4,0.5,0,
145.75,Note,Parte_1,0.25,69,
146.0,Note,Parte_1,0.25,55,
146.0,Chord,Parte_3,0.5,"[31, 43]",
146.0,Rest,Parte_4,1.0,0,
146.25,Note,Parte_1,0.25,67,
146.5,Note,Parte_1,0.25,54,
146.5,Chord,Parte_3,0.5,"[30, 42]",
146.75,Note,Parte_1,0.25,66,
147.0,Chord,Parte_1,1.0,"[55, 67]",
147.0,Rest,Parte_2,3.0,0,
147.0,Chord,Parte_3,1.0,"[31, 43]",
147.0,Rest,Parte_4,3.0,0,
148.0,Rest,Parte_1,0.5,0,
148.0,Rest,Parte_3,0.5,0,
148.5,Rest,Parte_1,1.0,0,
148.5,Rest,Parte_3,1.0,0,
149.5,Rest,Parte_1,0.5,0,
149.5,Rest,Parte_3,0.5,0,
150.0,Chord,Parte_1,1.0,"[56, 68]",
150.0,Rest,Parte_2,3.0,0,
150.0,Chord,Parte_3,1.0,"[32, 44]",
150.0,Rest,Parte_4,3.0,0,
151.0,Rest,Parte_1,0.5,0,
151.0,Rest,Parte_3,0.5,0,
151.5,Rest,Parte_1,1.0,0,
151.5,Rest,Parte_3,1.0,0,
152.5,Rest,Parte_1,0.5,0,
152.5,Rest,Parte_3,0.5,0,
153.0,Rest,Parte_1,3.0,0,
153.0,Rest,Parte_2,3.0,0,
153.0,Rest,Parte_3,1.0,0,
153.0,Rest,Parte_4,3.0,0,
154.0,Rest,Parte_3,0.5,0,
154.5,Rest,Parte_3,0.5,0,
155.0,Rest,Parte_3,0.5,0,
155.5,Note,Parte_3,0.5,45,
156.0,Rest,Parte_1,3.0,0,
156.0,Rest,Parte_2,3.0,0,
156.0,Note,Parte_3,1.0,38,
156.0,Rest,Parte_4,3.0,0,
157.0,Note,Parte_3,0.5,45,
157.5,Note,Parte_3,1.0,38,
158.5,Note,Parte_3,0.5,47,
159.0,Rest,Parte_1,1.0,0,
159.0,Rest,Parte_2,3.0,0,
159.0,Note,Parte_3,1.0,38,
159.0,Rest,Parte_4,3.0,0,
160.0,Rest,Parte_1,0.5,0,
160.0,Note,Parte_3,0.5,49,
160.5,Rest,Parte_1,0.5,0,
160.5,Note,Parte_3,1.0,38,
161.0,Rest,Parte_1,0.5,0,
161.5,Note,Parte_1,0.5,81,
161.5,Note,Parte_3,0.5,50,
162.0,Note,Parte_1,0.5,81,
162.0,Note,Parte_2,1.5,69,
162.0,Note,Parte_3,1.0,38,
162.0,Rest,Parte_4,3.0,0,
162.5,Note,Parte_1,0.5,79,
163.0,Note,Parte_1,0.5,78,
163.0,Note,Parte_3,0.5,42,
163.5,Note,Parte_1,0.5,76,
163.5,Note,Parte_2,1.5,71,
163.5,Note,Parte_3,1.0,38,
164.0,Note,Parte_1,0.5,78,
164.5,Note,Parte_1,0.5,74,
164.5,Note,Parte_3,0.5,43,
165.0,Note,Parte_1,0.5,71,
165.0,Note,Parte_2,1.0,67,
165.0,Note,Parte_3,1.0,38,
165.0,Rest,Parte_4,3.0,0,
165.5,Note,Parte_1,0.5,76,
166.0,Note,Parte_1,0.5,73,
166.0,Note,Parte_2,0.5,67,
166.0,Note,Parte_3,0.5,45,
166.5,Note,Parte_1,1.0,74,
166.5,Note,Parte_2,1.0,66,
166.5,Note,Parte_3,1.0,38,
167.5,Rest,Parte_1,0.5,0,
167.5,Rest,Parte_2,0.5,0,
167.5,Note,Parte_3,0.5,45,
168.0,Rest,Parte_1,0.5,0,
168.0,Rest,Parte_2,3.0,0,
168.0,Note,Parte_3,1.0,38,
168.0,Rest,Parte_4,3.0,0,
168.5,Rest,Parte_1,0.25,0,
168.75,Note,Parte_1,0.25,74,
169.0,Note,Parte_1,0.25,78,
169.0,Note,Parte_3,0.5,45,
169.25,Note,Parte_1,0.25,66,
169.5,Note,Parte_1,1.0,69,
169.5,Note,Parte_3,1.0,38,
170.5,Note,Parte_1,0.5,67,
170.5,Note,Parte_3,0.5,47,
171.0,Rest,Parte_1,0.5,0,
171.0,Rest,Parte_2,3.0,0,
171.0,Note,Parte_3,1.0,38,
171.0,Rest,Parte_4,3.0,0,
171.5,Rest,Parte_1,0.25,0,
171.75,Note,Parte_1,0.25,87,
172.0,Note,Parte_1,0.25,88,
172.0,Note,Parte_3,0.5,49,
172.25,Note,Parte_1,0.25,76,
172.5,Note,Parte_1,1.0,79,
172.5,Note,Parte_3,1.0,38,
173.5,Note,Parte_1,0.5,78,
173.5,Note,Parte_3,0.5,50,
174.0,Note,Parte_1,0.5,81,
174.0,Note,Parte_2,1.5,69,
174.0,Note,Parte_3,1.0,38,
174.0,Rest,Parte_4,3.0,0,
174.5,Note,Parte_1,0.5,79,
175.0,Note,Parte_1,0.5,78,
175.0,Note,Parte_3,0.5,42,
175.5,Note,Parte_1,0.5,76,
175.5,Note,Parte_2,1.5,71,
175.5,Note,Parte_3,1.0,38,
176.0,Note,Parte_1,0.5,78,
176.5,Note,Parte_1,0.5,74,
176.5,Note,Parte_3,0.5,43,
177.0,Note,Parte_1,0.5,71,
177.0,Note,Parte_2,1.0,67,
177.0,Note,Parte_3,1.0,38,
177.0,Rest,Parte_4,3.0,0,
177.5,Note,Parte_1,0.5,76,
178.0,Note,Parte_1,0.5,73,
178.0,Note,Parte_2,0.5,67,
178.0,Note,Parte_3,0.5,45,
178.5,Note,Parte_1,0.5,74,
178.5,Note,Parte_2,0.5,66,
178.5,Note,Parte_3,1.0,38,
179.0,Rest,Parte_1,0.5,0,
179.0,Rest,Parte_2,0.5,0,
179.5,Note,Parte_1,0.5,74,start
179.5,Note,Parte_2,0.5,66,
179.5,Note,Parte_3,0.5,50,
180.0,Note,Parte_1,1.0,74,stop
180.0,Note,Parte_2,1.5,67,start
180.0,Note,Parte_3,1.0,38,
180.0,Rest,Parte_4,3.0,0,
181.0,Note,Parte_1,0.5,73,
181.0,Note,Parte_3,0.5,52,
181.5,Note,Parte_1,0.5,81,
181.5,Note,Parte_2,0.5,67,stop
181.5,Note,Parte_3,1.0,38,
182.0,Rest,Parte_1,0.5,0,
182.0,Rest,Parte_2,0.5,0,
182.5,Note,Parte_1,0.5,73,
182.5,Note,Parte_2,0.5,67,
182.5,Note,Parte_3,0.5,45,
183.0,Note,Parte_1,1.0,76,
183.0,Note,Parte_2,1.5,66,start
183.0,Note,Parte_3,1.0,38,
183.0,Rest,Parte_4,3.0,0,
184.0,Note,Parte_1,0.5,74,
184.0,Note,Parte_3,0.5,50,
184.5,Note,Parte_1,0.5,81,
184.5,Note,Parte_2,0.5,66,stop
184.5,Note,Parte_3,1.0,38,
185.0,Rest,Parte_1,0.5,0,
185.0,Rest,Parte_2,0.5,0,
185.5,Note,Parte_1,0.5,74,start
185.5,Note,Parte_2,0.5,66,
185.5,Note,Parte_3,0.5,45,
186.0,Note,Parte_1,1.0,74,stop
186.0,Note,Parte_2,1.5,67,start
186.0,Note,Parte_3,1.0,38,
186.0,Rest,Parte_4,3.0,0,
187.0,Note,Parte_1,0.5,73,
187.0,Note,Parte_3,0.5,52,
187.5,Note,Parte_1,0.5,81,
187.5,Note,Parte_2,0.5,67,stop
187.5,Note,Parte_3,1.0,38,
188.0,Rest,Parte_1,0.5,0,
188.0,Rest,Parte_2,0.5,0,
188.5,Note,Parte_1,0.5,73,
188.5,Note,Parte_2,0.5,67,
188.5,Note,Parte_3,0.5,45,
189.0,Note,Parte_1,1.0,74,
189.0,Note,Parte_2,1.0,66,
189.0,Note,Parte_3,1.0,38,
189.0,Rest,Parte_4,3.0,0,
190.0,Rest,Parte_1,0.5,0,
190.0,Rest,Parte_2,0.5,0,
190.0,Note,Parte_3,0.5,50,
190.5,Rest,Parte_1,1.0,0,
190.5,Rest,Parte_2,1.0,0,
190.5,Note,Parte_3,1.0,38,
191.5,Note,Parte_1,0.5,74,start
191.5,Note,Parte_2,0.5,66,
191.5,Note,Parte_3,0.5,45,
192.0,Note,Parte_1,0.75,74,stop
192.0,Note,Parte_2,1.5,67,start
192.0,Note,Parte_3,1.0,38,
192.0,Rest,Parte_4,3.0,0,
192.75,Note,Parte_1,0.25,73,
193.0,Note,Parte_1,0.25,72,
193.0,Note,Parte_3,0.5,52,
193.25,Note,Parte_1,0.25,73,
193.5,Note,Parte_1,0.5,81,
193.5,Note,Parte_2,0.5,67,stop
193.5,Note,Parte_3,1.0,38,
194.0,Rest,Parte_1,0.5,0,
194.0,Rest,Parte_2,0.5,0,
194.5,Note,Parte_1,0.5,73,
194.5,Note,Parte_2,0.5,67,
194.5,Note,Parte_3,0.5,45,
195.0,Note,Parte_1,0.75,76,
195.0,Note,Parte_2,1.5,66,start
195.0,Note,Parte_3,1.0,38,
195.0,Rest,Parte_4,3.0,0,
195.75,Note,Parte_1,0.25,74,
196.0,Note,Parte_1,0.25,73,
196.0,Note,Parte_3,0.5,50,
196.25,Note,Parte_1,0.25,74,
196.5,Note,Parte_1,0.5,81,
196.5,Note,Parte_2,0.5,66,stop
196.5,Note,Parte_3,1.0,38,
197.0,Rest,Parte_1,0.5,0,
197.0,Rest,Parte_2,0.5,0,
197.5,Note,Parte_1,0.5,74,start
197.5,Note,Parte_2,0.5,66,
197.5,Note,Parte_3,0.5,45,
198.0,Note,Parte_1,0.75,74,stop
198.0,Note,Parte_2,1.5,67,start
198.0,Note,Parte_3,1.0,38,
198.0,Rest,Parte_4,3.0,0,
198.75,Note,Parte_1,0.25,73,
199.0,Note,Parte_1,0.25,72,
199.0,Note,Parte_3,0.5,52,
199.25,Note,Parte_1,0.25,73,
199.5,Note,Parte_1,0.5,81,
199.5,Note,Parte_2,0.5,67,stop
199.5,Note,Parte_3,1.0,38,
200.0,Rest,Parte_1,0.5,0,
200.0,Rest,Parte_2,0.5,0,
200.5,Note,Parte_1,0.5,73,
200.5,Note,Parte_2,0.5,67,
200.5,Note,Parte_3,0.5,45,
201.0,Note,Parte_1,0.5,74,
201.0,Note,Parte_2,0.5,66,
201.0,Note,Parte_3,1.0,38,
201.0,Rest,Parte_4,3.0,0,
201.5,Rest,Parte_1,0.5,0,
201.5,Rest,Parte_2,0.5,0,
202.0,Note,Parte_1,0.5,74,
202.0,Rest,Parte_2,2.0,0,
202.0,Rest,Parte_3,0.5,0,
202.5,Note,Parte_1,1.0,69,
202.5,Rest,Parte_3,1.0,0,
203.5,Note,Parte_1,0.5,66,
203.5,Rest,Parte_3,0.5,0,
204.0,Note,Parte_1,1.0,62,
204.0,Rest,Parte_2,3.0,0,
204.0,Note,Parte_3,0.5,38,
204.0,Rest,Parte_4,3.0,0,
204.5,Note,Parte_3,0.5,54,
205.0,Note,Parte_1,0.5,74,
205.0,Rest,Parte_3,0.5,0,
205.5,Note,Parte_1,1.0,62,
205.5,Note,Parte_3,0.5,40,
206.0,Note,Parte_3,0.5,55,
206.5,Note,Parte_1,0.5,73,
206.5,Rest,Parte_3,0.5,0,
207.0,Note,Parte_1,1.0,62,
207.0,Rest,Parte_2,3.0,0,
207.0,Note,Parte_3,0.5,42,
207.0,Rest,Parte_4,3.0,0,
207.5,Note,Parte_3,0.5,57,
208.0,Note,Parte_1,0.5,72,
208.0,Rest,Parte_3,0.5,0,
208.5,Note,Parte_1,1.0,62,
208.5,Note,Parte_3,0.5,43,
209.0,Note,Parte_3,0.5,59,
209.5,Note,Parte_1,0.5,71,
209.5,Rest,Parte_3,0.5,0,
210.0,Note,Parte_1,1.0,64,
210.0,Rest,Parte_2,3.0,0,
210.0,Note,Parte_3,0.5,48,
210.0,Rest,Parte_4,3.0,0,
210.5,Note,Parte_3,0.5,60,
211.0,Note,Parte_1,0.5,69,
211.0,Rest,Parte_3,0.5,0,
211.5,Note,Parte_1,1.0,64,
211.5,Note,Parte_3,0.5,49,
212.0,Note,Parte_3,0.5,58,
212.5,Note,Parte_1,0.5,67,
212.5,Rest,Parte_3,0.5,0,
213.0,Note,Parte_1,1.0,62,
213.0,Rest,Parte_2,3.0,0,
213.0,Note,Parte_3,0.5,50,
213.0,Rest,Parte_4,3.0,0,
213.5,Note,Parte_3,0.5,57,
214.0,Note,Parte_1,0.5,66,
214.0,Rest,Parte_3,0.5,0,
214.5,Note,Parte_1,0.5,62,
214.5,Rest,Parte_3,1.0,0,
215.0,Note,Parte_1,0.5,74,
215.5,Note,Parte_1,0.5,74,
215.5,Rest,Parte_3,0.5,0,
216.0,Note,Parte_1,1.0,74,
216.0,Rest,Parte_2,3.0,0,
216.0,Note,Parte_3,0.5,50,
216.0,Rest,Parte_4,3.0,0,
216.5,Note,Parte_3,0.5,66,
217.0,Note,Parte_1,0.5,86,
217.0,Rest,Parte_3,0.5,0,
217.5,Note,Parte_1,1.0,74,
217.5,Note,Parte_3,0.5,52,
218.0,Note,Parte_3,0.5,67,
218.5,Note,Parte_1,0.5,81,
218.5,Rest,Parte_3,0.5,0,
219.0,Note,Parte_1,1.0,74,
219.0,Rest,Parte_2,3.0,0,
219.0,Note,Parte_3,0.5,54,
219.0,Rest,Parte_4,3.0,0,
219.5,Note,Parte_3,0.5,69,
220.0,Note,Parte_1,0.5,84,
220.0,Rest,Parte_3,0.5,0,
220.5,Note,Parte_1,1.0,74,
220.5,Note,Parte_3,0.5,55,
221.0,Note,Parte_3,0.5,71,
221.5,Note,Parte_1,0.5,83,
221.5,Rest,Parte_3,0.5,0,
222.0,Note,Parte_1,1.0,76,
222.0,Rest,Parte_2,3.0,0,
222.0,Note,Parte_3,0.5,48,
222.0,Rest,Parte_4,3.0,0,
222.5,Note,Parte_3,0.5,72,
223.0,Note,Parte_1,0.5,81,
223.0,Rest,Parte_3,0.5,0,
223.5,Note,Parte_1,1.0,72,
223.5,Note,Parte_3,0.5,50,
224.0,Note,Parte_3,0.5,69,
224.5,Note,Parte_1,0.5,78,
224.5,Rest,Parte_3,0.5,0,
225.0,Note,Parte_1,1.0,71,
225.0,Rest,Parte_2,3.0,0,
225.0,Note,Parte_3,0.5,55,
225.0,Rest,Parte_4,3.0,0,
225.5,Note,Parte_3,0.5,67,
226.0,Note,Parte_1,0.5,79,
226.0,Rest,Parte_3,0.5,0,
226.5,Note,Parte_1,1.0,77,
226.5,Note,Parte_3,0.5,55,
227.0,Note,Parte_3,0.5,71,
227.5,Note,Parte_1,0.5,86,
227.5,Rest,Parte_3,0.5,0,
228.0,Note,Parte_1,1.0,76,
228.0,Rest,Parte_2,3.0,0,
228.0,Note,Parte_3,0.5,48,
228.0,Rest,Parte_4,3.0,0,
228.5,Note,Parte_3,0.5,72,
229.0,Note,Parte_1,0.5,84,
229.0,Rest,Parte_3,0.5,0,
229.5,Note,Parte_1,1.0,72,
229.5,Note,Parte_3,0.5,50,
230.0,Note,Parte_3,0.5,66,
230.5,Note,Parte_1,0.5,81,
230.5,Rest,Parte_3,0.5,0,
231.0,Note,Parte_1,1.0,71,
231.0,Rest,Parte_2,3.0,0,
231.0,Note,Parte_3,0.5,55,
231.0,Rest,Parte_4,3.0,0,
231.5,Note,Parte_3,0.5,67,
232.0,Note,Parte_1,0.5,79,
232.0,Rest,Parte_3,0.5,0,
232.5,Note,Parte_1,1.0,77,
232.5,Note,Parte_3,0.5,55,
233.0,Note,Parte_3,0.5,71,
233.5,Note,Parte_1,0.5,86,
233.5,Rest,Parte_3,0.5,0,
234.0,Note,Parte_1,1.0,76,
234.0,Rest,Parte_2,3.0,0,
234.0,Note,Parte_3,0.5,48,
234.0,Rest,Parte_4,3.0,0,
234.5,Note,Parte_3,0.5,72,
235.0,Note,Parte_1,0.5,84,
235.0,Rest,Parte_3,0.5,0,
235.5,Note,Parte_1,1.0,72,
235.5,Note,Parte_3,0.5,50,
236.0,Note,Parte_3,0.5,66,
236.5,Note,Parte_1,0.5,81,
236.5,Rest,Parte_3,0.5,0,
237.0,Note,Parte_1,1.5,79,start
237.0,Note,Parte_2,0.5,71,
237.0,Note,Parte_3,0.5,67,
237.0,Rest,Parte_4,3.0,0,
237.5,Note,Parte_2,0.5,72,
237.5,Note,Parte_3,0.5,69,
238.0,Note,Parte_2,0.5,74,
238.0,Note,Parte_3,0.5,71,
238.5,Note,Parte_1,0.5,79,stop
238.5,Note,Parte_2,1.5,76,start
238.5,Note,Parte_3,1.5,72,start
239.0,Note,Parte_1,0.5,78,
239.5,Note,Parte_1,0.5,80,
240.0,Note,Parte_1,1.5,81,start
240.0,Note,Parte_2,0.5,76,stop
240.0,Note,Parte_3,0.5,72,stop
240.0,Rest,Parte_4,3.0,0,
240.5,Note,Parte_2,0.5,74,
240.5,Note,Parte_3,0.5,71,
241.0,Note,Parte_2,0.5,76,
241.0,Note,Parte_3,0.5,73,
241.5,Note,Parte_1,0.5,81,stop
241.5,Note,Parte_2,1.5,78,start
241.5,Note,Parte_3,1.5,74,start
242.0,Note,Parte_1,0.5,80,
242.5,Note,Parte_1,0.5,82,
243.0,Note,Parte_1,1.5,83,start
243.0,Note,Parte_2,0.5,78,stop
243.0,Note,Parte_3,0.5,74,stop
243.0,Rest,Parte_4,3.0,0,
243.5,Note,Parte_2,0.5,76,
243.5,Note,Parte_3,0.5,73,
244.0,Note,Parte_2,0.5,78,
244.0,Note,Parte_3,0.5,75,
244.5,Note,Parte_1,0.5,83,stop
244.5,Note,Parte_2,1.0,79,
244.5,Note,Parte_3,1.0,76,
245.0,Note,Parte_1,0.5,84,
245.5,Note,Parte_1,0.5,83,start
245.5,Note,Parte_2,0.5,78,
245.5,Note,Parte_3,0.5,74,
246.0,Note,Parte_1,0.5,83,stop
246.0,Note,Parte_2,1.0,76,
246.0,Note,Parte_3,1.0,72,
246.0,Rest,Parte_4,3.0,0,
246.5,Note,Parte_1,0.5,81,
247.0,Note,Parte_1,0.5,80,start
247.0,Note,Parte_2,0.5,74,
247.0,Note,Parte_3,0.5,71,
247.5,Note,Parte_1,0.5,80,stop
247.5,Note,Parte_2,1.0,76,
247.5,Note,Parte_3,1.0,72,
248.0,Note,Parte_1,0.5,81,
248.5,Note,Parte_1,0.5,79,
248.5,Note,Parte_2,0.5,76,
248.5,Note,Parte_3,0.5,73,
249.0,Note,Parte_1,0.5,78,
249.0,Note,Parte_2,1.5,74,start
249.0,Note,Parte_3,0.5,62,
249.0,Rest,Parte_4,3.0,0,
249.5,Note,Parte_1,0.5,79,
249.5,Note,Parte_3,0.5,64,
250.0,Note,Parte_1,0.5,81,
250.0,Note,Parte_3,0.5,66,
250.5,Note,Parte_1,1.5,83,start
250.5,Note,Parte_2,0.5,74,stop
250.5,Note,Parte_3,1.5,67,
251.0,Note,Parte_2,0.5,73,
251.5,Note,Parte_2,0.5,75,
252.0,Note,Parte_1,0.5,83,stop
252.0,Note,Parte_2,1.5,76,start
252.0,Note,Parte_3,0.5,67,
252.0,Rest,Parte_4,3.0,0,
252.5,Note,Parte_1,0.5,81,
252.5,Note,Parte_3,0.5,66,
253.0,Note,Parte_1,0.5,83,
253.0,Note,Parte_3,0.5,68,
253.5,Note,Parte_1,1.5,85,start
253.5,Note,Parte_2,0.5,76,stop
253.5,Note,Parte_3,1.5,69,start
254.0,Note,Parte_2,0.5,75,
254.5,Note,Parte_2,0.5,77,
255.0,Note,Parte_1,0.5,85,stop
255.0,Note,Parte_2,1.5,78,start
255.0,Note,Parte_3,0.5,69,stop
255.0,Rest,Parte_4,3.0,0,
255.5,Note,Parte_1,0.5,83,
255.5,Note,Parte_3,0.5,68,
256.0,Note,Parte_1,0.5,85,
256.0,Note,Parte_3,0.5,70,
256.5,Note,Parte_1,1.0,86,
256.5,Note,Parte_2,0.5,78,stop
256.5,Note,Parte_3,1.0,71,
257.0,Note,Parte_2,1.0,77,
257.5,Note,Parte_1,0.5,86,start
257.5,Note,Parte_3,0.5,69,
258.0,Note,Parte_1,0.5,86,stop
258.0,Note,Parte_2,1.0,76,
258.0,Note,Parte_3,0.5,68,
258.0,Rest,Parte_4,3.0,0,
258.5,Note,Parte_1,1.0,84,
258.5,Note,Parte_3,0.5,69,
259.0,Note,Parte_2,0.5,75,
259.0,Note,Parte_3,0.5,67,
259.5,Note,Parte_1,0.5,84,
259.5,Note,Parte_2,0.5,74,
259.5,Note,Parte_3,0.5,66,
260.0,Note,Parte_1,0.5,86,
260.0,Note,Parte_2,0.5,78,
260.0,Note,Parte_3,0.5,62,
260.5,Note,Parte_1,0.5,81,
260.5,Note,Parte_2,0.5,78,
260.5,Note,Parte_3,0.5,72,
261.0,Note,Parte_1,0.5,83,
261.0,Chord,Parte_2,0.5,"[71, 79]",
261.0,Note,Parte_3,1.5,55,start
261.0,Rest,Parte_4,3.0,0,
261.5,Rest,Parte_1,0.5,0,
261.5,Note,Parte_2,0.5,65,
262.0,Rest,Parte_1,0.5,0,
262.0,Note,Parte_2,0.5,63,
262.5,Rest,Parte_1,0.5,0,
262.5,Note,Parte_2,1.5,64,start
262.5,Note,Parte_3,0.5,55,stop
263.0,Note,Parte_1,0.5,74,
263.0,Note,Parte_3,0.5,54,
263.5,Note,Parte_1,0.5,71,
263.5,Note,Parte_3,0.5,56,
264.0,Note,Parte_1,1.5,72,start
264.0,Note,Parte_2,0.5,64,stop
264.0,Note,Parte_3,1.5,57,start
264.0,Rest,Parte_4,3.0,0,
264.5,Note,Parte_2,0.5,67,
265.0,Note,Parte_2,0.5,65,
265.5,Note,Parte_1,0.5,72,stop
265.5,Note,Parte_2,1.5,66,start
265.5,Note,Parte_3,0.5,57,stop
266.0,Note,Parte_1,0.5,76,
266.0,Note,Parte_3,0.5,56,
266.5,Note,Parte_1,0.5,73,
266.5,Note,Parte_3,0.5,58,
267.0,Note,Parte_1,1.5,74,start
267.0,Note,Parte_2,0.5,66,stop
267.0,Note,Parte_3,1.5,59,start
267.0,Rest,Parte_4,3.0,0,
267.5,Note,Parte_2,0.5,69,
268.0,Note,Parte_2,0.5,66,
268.5,Note,Parte_1,0.5,74,stop
268.5,Note,Parte_2,1.5,67,start
268.5,Note,Parte_3,0.5,59,stop
269.0,Note,Parte_1,0.5,77,
269.0,Note,Parte_3,0.5,57,
269.5,Note,Parte_1,0.5,75,
269.5,Note,Parte_3,0.5,59,
270.0,Note,Parte_1,0.5,76,
270.0,Note,Parte_2,0.5,67,stop
270.0,Note,Parte_3,0.5,60,
270.0,Rest,Parte_4,3.0,0,
270.5,Note,Parte_1,0.5,72,
270.5,Note,Parte_2,0.5,69,
270.5,Note,Parte_3,0.5,59,
271.0,Note,Parte_1,0.5,71,
271.0,Note,Parte_2,0.5,67,
271.0,Note,Parte_3,0.5,60,
271.5,Note,Parte_1,0.5,69,
271.5,Note,Parte_2,0.5,66,
271.5,Note,Parte_3,0.5,62,
272.0,Note,Parte_1,0.5,74,
272.0,Note,Parte_2,0.5,67,
272.0,Note,Parte_3,0.5,64,
272.5,Note,Parte_1,0.5,72,
272.5,Note,Parte_2,0.5,69,
272.5,Note,Parte_3,0.5,66,
273.0,Chord,Parte_1,1.5,"[67, 70, 79]",start
273.0,Rest,Parte_2,3.0,0,
273.0,Chord,Parte_3,0.5,"[55, 58]",
273.0,Note,Parte_4,3.0,55,start
273.5,Chord,Parte_3,0.5,"[57, 60]",
274.0,Chord,Parte_3,0.5,"[58, 62]",
274.5,Chord,Parte_1,0.5,"[67, 70, 79]",stop
274.5,Chord,Parte_3,1.5,"[60, 63]",start
275.0,Chord,Parte_1,0.5,"[66, 69, 78]",
275.5,Chord,Parte_1,0.5,"[67, 70, 79]",
276.0,Chord,Parte_1,1.5,"[69, 72, 81]",start
276.0,Rest,Parte_2,3.0,0,
276.0,Chord,Parte_3,0.5,"[60, 63]",stop
276.0,Note,Parte_4,3.0,55,stop
276.5,Chord,Parte_3,0.5,"[59, 62]",
277.0,Chord,Parte_3,0.5,"[60, 63]",
277.5,Chord,Parte_1,0.5,"[69, 72, 81]",stop
277.5,Chord,Parte_3,1.5,"[62, 65]",start
278.0,Chord,Parte_1,0.5,"[67, 71, 79]",
278.5,Chord,Parte_1,0.5,"[69, 72, 81]",
279.0,Chord,Parte_1,1.5,"[71, 74, 83]",start
279.0,Rest,Parte_2,3.0,0,
279.0,Chord,Parte_3,0.5,"[62, 65]",stop
279.0,Note,Parte_4,3.0,55,
279.5,Chord,Parte_3,0.5,"[60, 63]",
280.0,Chord,Parte_3,0.5,"[62, 65]",
280.5,Chord,Parte_1,0.5,"[71, 74, 83]",stop
280.5,Chord,Parte_3,1.0,"[63, 67]",
281.0,Chord,Parte_1,0.5,"[72, 75, 84]",
281.5,Chord,Parte_1,0.5,"[70, 74, 82]",
281.5,Chord,Parte_3,0.5,"[62, 65]",
282.0,Note,Parte_1,0.5,82,
282.0,Chord,Parte_2,1.0,"[69, 73]",
282.0,Chord,Parte_3,1.0,"[61, 64]",
282.0,Note,Parte_4,1.5,57,start
282.5,Note,Parte_1,0.5,81,
283.0,Note,Parte_1,0.5,80,
283.0,Chord,Parte_2,0.5,"[71, 74]",
283.0,Chord,Parte_3,0.5,"[62, 65]",
283.5,Note,Parte_1,0.5,80,
283.5,Chord,Parte_2,1.0,"[69, 73]",
283.5,Chord,Parte_3,1.0,"[61, 64]",
283.5,Note,Parte_4,1.0,57,stop
284.0,Note,Parte_1,0.5,81,
284.5,Note,Parte_1,0.5,79,
284.5,Chord,Parte_2,0.5,"[73, 76]",
284.5,Chord,Parte_3,0.5,"[33, 45]",
284.5,Rest,Parte_4,0.5,0,
285.0,Note,Parte_1,0.5,77,
285.0,Chord,Parte_2,0.5,"[69, 74]",
285.0,Chord,Parte_3,1.5,"[38, 50]",start
285.0,Rest,Parte_4,3.0,0,
285.5,Note,Parte_1,0.5,53,
285.5,Rest,Parte_2,0.5,0,
286.0,Note,Parte_1,0.5,57,
286.0,Rest,Parte_2,2.0,0,
286.5,Note,Parte_1,0.5,62,
286.5,Chord,Parte_3,0.5,"[38, 50]",stop
287.0,Note,Parte_1,0.5,78,
287.0,Chord,Parte_3,0.5,"[37, 49]",
287.5,Note,Parte_1,0.5,74,
287.5,Chord,Parte_3,0.5,"[38, 50]",
288.0,Note,Parte_1,0.5,73,
288.0,Rest,Parte_2,3.0,0,
288.0,Chord,Parte_3,1.5,"[40, 52]",start
288.0,Rest,Parte_4,3.0,0,
288.5,Note,Parte_1,0.5,61,
289.0,Note,Parte_1,0.5,64,
289.5,Note,Parte_1,0.5,67,
289.5,Chord,Parte_3,0.5,"[40, 52]",stop
290.0,Note,Parte_1,0.5,79,
290.0,Chord,Parte_3,0.5,"[39, 51]",
290.5,Note,Parte_1,0.5,76,
290.5,Chord,Parte_3,0.5,"[40, 52]",
291.0,Note,Parte_1,0.5,74,
291.0,Rest,Parte_2,3.0,0,
291.0,Chord,Parte_3,1.5,"[41, 53]",start
291.0,Rest,Parte_4,3.0,0,
291.5,Note,Parte_1,0.5,62,
292.0,Note,Parte_1,0.5,65,
292.5,Note,Parte_1,0.5,69,
292.5,Chord,Parte_3,0.5,"[41, 53]",stop
293.0,Note,Parte_1,0.5,81,
293.0,Chord,Parte_3,0.5,"[40, 52]",
293.5,Note,Parte_1,0.5,77,
293.5,Chord,Parte_3,0.5,"[41, 53]",
294.0,Note,Parte_1,0.5,75,
294.0,Rest,Parte_2,3.0,0,
294.0,Chord,Parte_3,1.5,"[43, 55]",start
294.0,Rest,Parte_4,3.0,0,
294.5,Note,Parte_1,0.5,63,
295.0,Note,Parte_1,0.5,67,
295.5,Note,Parte_1,0.5,70,
295.5,Chord,Parte_3,0.5,"[43, 55]",stop
296.0,Note,Parte_1,0.5,82,
296.0,Chord,Parte_3,0.5,"[42, 54]",
296.5,Note,Parte_1,0.5,79,
296.5,Chord,Parte_3,0.5,"[43, 55]",
297.0,Note,Parte_1,0.5,78,
297.0,Rest,Parte_2,3.0,0,
297.0,Chord,Parte_3,1.5,"[45, 57]",start
297.0,Rest,Parte_4,3.0,0,
297.5,Note,Parte_1,0.5,66,
298.0,Note,Parte_1,0.5,69,
298.5,Note,Parte_1,0.5,72,
298.5,Chord,Parte_3,0.5,"[45, 57]",stop
299.0,Note,Parte_1,0.5,84,
299.0,Chord,Parte_3,0.5,"[44, 56]",
299.5,Note,Parte_1,0.5,81,
299.5,Chord,Parte_3,0.5,"[45, 57]",
300.0,Note,Parte_1,0.5,79,
300.0,Rest,Parte_2,3.0,0,
300.0,Chord,Parte_3,0.5,"[46, 58]",
300.0,Rest,Parte_4,3.0,0,
300.5,Note,Parte_1,0.5,86,
300.5,Chord,Parte_3,0.5,"[45, 57]",
301.0,Note,Parte_1,0.5,79,
301.0,Chord,Parte_3,0.5,"[46, 58]",
301.5,Note,Parte_1,0.5,80,
301.5,Chord,Parte_3,0.5,"[47, 59]",
302.0,Note,Parte_1,0.5,86,
302.0,Chord,Parte_3,0.5,"[46, 58]",
302.5,Note,Parte_1,0.5,80,
302.5,Chord,Parte_3,0.5,"[47, 59]",
303.0,Note,Parte_1,0.25,73,
303.0,Rest,Parte_2,3.0,0,
303.0,Chord,Parte_3,3.0,"[45, 57]",start
303.0,Note,Parte_4,1.5,45,
303.25,Note,Parte_1,0.25,76,
303.5,Note,Parte_1,0.25,81,
303.75,Note,Parte_1,0.25,85,
304.0,Note,Parte_1,0.25,69,
304.25,Note,Parte_1,0.25,81,
304.5,Note,Parte_1,0.25,71,
304.5,Note,Parte_4,0.5,47,
304.75,Note,Parte_1,0.25,83,
305.0,Note,Parte_1,0.25,73,
305.0,Note,Parte_4,0.5,49,
305.25,Note,Parte_1,0.25,85,
305.5,Note,Parte_1,0.25,74,
305.5,Note,Parte_4,0.5,50,
305.75,Note,Parte_1,0.25,86,
306.0,Note,Parte_1,0.25,76,
306.0,Rest,Parte_2,3.0,0,
306.0,Chord,Parte_3,3.0,"[45, 57]",stop
306.0,Note,Parte_4,0.5,52,
306.25,Note,Parte_1,0.25,88,
306.5,Note,Parte_1,0.25,74,
306.5,Note,Parte_4,0.5,50,
306.75,Note,Parte_1,0.25,86,
307.0,Note,Parte_1,0.25,73,
307.0,Note,Parte_4,0.5,49,
307.25,Note,Parte_1,0.25,85,
307.5,Note,Parte_1,0.25,77,
307.5,Note,Parte_4,0.5,53,
307.75,Note,Parte_1,0.25,89,
308.0,Note,Parte_1,0.25,76,
308.0,Note,Parte_4,0.5,52,
308.25,Note,Parte_1,0.25,88,
308.5,Note,Parte_1,0.25,74,
308.5,Note,Parte_4,0.5,50,
308.75,Note,Parte_1,0.25,86,
309.0,Note,Parte_1,0.25,76,
309.0,Rest,Parte_2,3.0,0,
309.0,Chord,Parte_3,3.0,"[45, 57]",start
309.0,Note,Parte_4,1.5,45,
309.25,Note,Parte_1,0.25,81,
309.5,Note,Parte_1,0.25,85,
309.75,Note,Parte_1,0.25,88,
310.0,Note,Parte_1,0.25,69,
310.25,Note,Parte_1,0.25,81,
310.5,Note,Parte_1,0.25,71,
310.5,Note,Parte_4,0.5,47,
310.75,Note,Parte_1,0.25,83,
311.0,Note,Parte_1,0.25,73,
311.0,Note,Parte_4,0.5,49,
311.25,Note,Parte_1,0.25,85,
311.5,Note,Parte_1,0.25,74,
311.5,Note,Parte_4,0.5,50,
311.75,Note,Parte_1,0.25,86,
312.0,Note,Parte_1,0.25,76,
312.0,Rest,Parte_2,3.0,0,
312.0,Chord,Parte_3,3.0,"[45, 57]",stop
312.0,Note,Parte_4,0.5,52,
312.25,Note,Parte_1,0.25,88,
312.5,Note,Parte_1,0.25,74,
312.5,Note,Parte_4,0.5,50,
312.75,Note,Parte_1,0.25,86,
313.0,Note,Parte_1,0.25,73,
313.0,Note,Parte_4,0.5,49,
313.25,Note,Parte_1,0.25,85,
313.5,Note,Parte_1,0.25,77,
313.5,Note,Parte_4,0.5,53,
313.75,Note,Parte_1,0.25,89,
314.0,Note,Parte_1,0.25,76,
314.0,Note,Parte_4,0.5,52,
314.25,Note,Parte_1,0.25,88,
314.5,Note,Parte_1,0.25,74,
314.5,Note,Parte_4,0.5,50,
314.75,Note,Parte_1,0.25,86,
315.0,Note,Parte_1,0.25,76,
315.0,Rest,Parte_2,3.0,0,
315.0,Chord,Parte_3,3.0,"[33, 45]",start
315.0,Note,Parte_4,1.5,33,
315.25,Note,Parte_1,0.25,81,
315.5,Note,Parte_1,0.25,85,
315.75,Note,Parte_1,0.25,88,
316.0,Note,Parte_1,0.25,69,
316.25,Note,Parte_1,0.25,81,
316.5,Note,Parte_1,0.25,71,
316.5,Note,Parte_4,0.5,35,
316.75,Note,Parte_1,0.25,83,
317.0,Note,Parte_1,0.25,73,
317.0,Note,Parte_4,0.5,37,
317.25,Note,Parte_1,0.25,85,
317.5,Note,Parte_1,0.25,74,
317.5,Note,Parte_4,0.5,38,
317.75,Note,Parte_1,0.25,86,
318.0,Note,Parte_1,0.25,76,
318.0,Rest,Parte_2,3.0,0,
318.0,Chord,Parte_3,3.0,"[33, 45]",stop
318.0,Note,Parte_4,0.5,40,
318.25,Note,Parte_1,0.25,88,
318.5,Note,Parte_1,0.25,74,
318.5,Note,Parte_4,0.5,38,
318.75,Note,Parte_1,0.25,86,
319.0,Note,Parte_1,0.25,73,
319.0,Note,Parte_4,0.5,37,
319.25,Note,Parte_1,0.25,85,
319.5,Note,Parte_1,0.25,77,
319.5,Note,Parte_4,0.5,41,
319.75,Note,Parte_1,0.25,89,
320.0,Note,Parte_1,0.25,76,
320.0,Note,Parte_4,0.5,40,
320.25,Note,Parte_1,0.25,88,
320.5,Note,Parte_1,0.25,74,
320.5,Note,Parte_4,0.5,38,
320.75,Note,Parte_1,0.25,86,
321.0,Note,Parte_1,0.25,76,
321.0,Rest,Parte_2,3.0,0,
321.0,Chord,Parte_3,3.0,"[33, 45]",
321.0,Note,Parte_4,0.5,40,
321.25,Note,Parte_1,0.25,88,
321.5,Note,Parte_1,0.25,74,
321.5,Note,Parte_4,0.5,38,
321.75,Note,Parte_1,0.25,86,
322.0,Note,Parte_1,0.25,73,
322.0,Note,Parte_4,0.5,37,
322.25,Note,Parte_1,0.25,85,
322.5,Note,Parte_1,0.25,77,
322.5,Note,Parte_4,0.5,41,
322.75,Note,Parte_1,0.25,89,
323.0,Note,Parte_1,0.25,76,
323.0,Note,Parte_4,0.5,40,
323.25,Note,Parte_1,0.25,88,
323.5,Note,Parte_1,0.25,74,
323.5,Note,Parte_4,0.5,38,
323.75,Note,Parte_1,0.25,86,
324.0,Note,Parte_1,0.25,76,
324.0,Rest,Parte_2,3.0,0,
324.0,Chord,Parte_3,3.0,"[33, 45]",
324.0,Note,Parte_4,0.5,40,
324.25,Note,Parte_1,0.25,88,
324.5,Note,Parte_1,0.25,74,
324.5,Note,Parte_4,0.5,38,
324.75,Note,Parte_1,0.25,86,
325.0,Note,Parte_1,0.25,73,
325.0,Note,Parte_4,0.5,37,
325.25,Note,Parte_1,0.25,85,
325.5,Note,Parte_1,0.25,77,
325.5,Note,Parte_4,0.5,41,
325.75,Note,Parte_1,0.25,89,
326.0,Note,Parte_1,0.25,76,
326.0,Note,Parte_4,0.5,40,
326.25,Note,Parte_1,0.25,88,
326.5,Note,Parte_1,0.25,74,
326.5,Note,Parte_4,0.5,38,
326.75,Note,Parte_1,0.25,86,
327.0,Note,Parte_1,0.25,85,
327.0,Rest,Parte_2,3.0,0,
327.0,Chord,Parte_3,3.0,"[33, 45]",start
327.0,Rest,Parte_4,3.0,0,
327.25,Note,Parte_1,0.25,88,
327.5,Note,Parte_1,0.25,86,
327.75,Note,Parte_1,0.25,85,
328.0,Note,Parte_1,0.25,83,
328.25,Note,Parte_1,0.25,81,
328.5,Note,Parte_1,0.25,80,
328.75,Note,Parte_1,0.25,78,
329.0,Note,Parte_1,0.25,76,
329.25,Note,Parte_1,0.25,74,
329.5,Note,Parte_1,0.25,73,
329.75,Note,Parte_1,0.25,71,
330.0,Note,Parte_1,0.25,69,
330.0,Rest,Parte_2,3.0,0,
330.0,Chord,Parte_3,3.0,"[33, 45]",continue
330.0,Rest,Parte_4,3.0,0,
330.25,Note,Parte_1,0.25,76,
330.5,Note,Parte_1,0.25,74,
330.75,Note,Parte_1,0.25,73,
331.0,Note,Parte_1,0.25,71,
331.25,Note,Parte_1,0.25,69,
331.5,Note,Parte_1,0.25,68,
331.75,Note,Parte_1,0.25,66,
332.0,Note,Parte_1,0.25,64,
332.25,Note,Parte_1,0.25,62,
332.5,Note,Parte_1,0.25,61,
332.75,Note,Parte_1,0.25,59,
333.0,Note,Parte_1,0.25,57,
333.0,Rest,Parte_2,3.0,0,
333.0,Chord,Parte_3,3.0,"[33, 45]",stop
333.0,Rest,Parte_4,3.0,0,
333.25,Note,Parte_1,0.25,64,
333.5,Note,Parte_1,0.25,62,
333.75,Note,Parte_1,0.25,61,
334.0,Note,Parte_1,0.25,59,
334.25,Note,Parte_1,0.25,57,
334.5,Note,Parte_1,0.25,56,
334.75,Note,Parte_1,0.25,54,
335.0,Note,Parte_1,0.25,52,
335.25,Note,Parte_1,0.25,50,
335.5,Note,Parte_1,0.25,49,
335.75,Note,Parte_1,0.25,47,
336.0,Rest,Parte_1,0.5,0,
336.0,Rest,Parte_2,3.0,0,
336.0,Note,Parte_3,0.25,45,
336.0,Rest,Parte_4,3.0,0,
336.25,Note,Parte_3,0.25,52,
336.5,Note,Parte_1,0.5,61,
336.5,Note,Parte_3,0.25,50,
336.75,Note,Parte_3,0.25,49,
337.0,Note,Parte_1,0.5,64,
337.0,Note,Parte_3,0.25,47,
337.25,Note,Parte_3,0.25,45,
337.5,Chord,Parte_1,0.5,"[57, 69]",
337.5,Note,Parte_3,0.25,44,
337.75,Note,Parte_3,0.25,42,
338.0,Chord,Parte_1,0.5,"[61, 73]",
338.0,Note,Parte_3,0.25,40,
338.25,Note,Parte_3,0.25,38,
338.5,Chord,Parte_1,0.5,"[64, 76]",
338.5,Note,Parte_3,0.25,37,
338.75,Note,Parte_3,0.25,35,
339.0,Chord,Parte_1,1.5,"[69, 81]",start
339.0,Rest,Parte_2,3.0,0,
339.0,Note,Parte_3,1.5,33,start
339.0,Rest,Parte_4,3.0,0,
340.5,Chord,Parte_1,1.0,"[69, 81]",stop
340.5,Note,Parte_3,1.0,33,stop
341.5,Rest,Parte_1,0.5,0,
341.5,Note,Parte_3,0.5,45,
342.0,Rest,Parte_1,3.0,0,
342.0,Rest,Parte_2,3.0,0,
342.0,Note,Parte_3,1.0,38,
342.0,Rest,Parte_4,3.0,0,
343.0,Note,Parte_3,0.5,45,
343.5,Note,Parte_3,1.0,38,
344.5,Note,Parte_3,0.5,47,
345.0,Rest,Parte_1,1.0,0,
345.0,Rest,Parte_2,3.0,0,
345.0,Note,Parte_3,1.0,38,
345.0,Rest,Parte_4,3.0,0,
346.0,Rest,Parte_1,0.5,0,
346.0,Note,Parte_3,0.5,49,
346.5,Rest,Parte_1,0.5,0,
346.5,Note,Parte_3,1.0,38,
347.0,Rest,Parte_1,0.5,0,
347.5,Note,Parte_1,0.5,81,start
347.5,Note,Parte_3,0.5,50,
348.0,Note,Parte_1,0.5,81,stop
348.0,Note,Parte_2,1.5,69,
348.0,Note,Parte_3,1.0,38,
348.0,Rest,Parte_4,3.0,0,
348.5,Note,Parte_1,0.5,79,
349.0,Note,Parte_1,0.5,78,
349.0,Note,Parte_3,0.5,42,
349.5,Note,Parte_1,0.5,76,
349.5,Note,Parte_2,1.5,71,
349.5,Note,Parte_3,1.0,38,
350.0,Note,Parte_1,0.5,78,
350.5,Note,Parte_1,0.5,74,
350.5,Note,Parte_3,0.5,43,
351.0,Note,Parte_1,0.5,71,
351.0,Note,Parte_2,1.0,67,
351.0,Note,Parte_3,1.0,38,
351.0,Rest,Parte_4,3.0,0,
351.5,Note,Parte_1,0.5,76,
352.0,Note,Parte_1,0.5,73,
352.0,Note,Parte_2,0.5,67,
352.0,Note,Parte_3,0.5,45,
352.5,Note,Parte_1,1.0,74,
352.5,Note,Parte_2,1.0,66,
352.5,Note,Parte_3,1.0,38,
353.5,Rest,Parte_1,0.5,0,
353.5,Rest,Parte_2,0.5,0,
353.5,Note,Parte_3,0.5,45,
354.0,Rest,Parte_1,0.25,0,
354.0,Rest,Parte_2,3.0,0,
354.0,Note,Parte_3,1.0,38,
354.0,Rest,Parte_4,3.0,0,
354.25,Note,Parte_1,0.25,74,
354.5,Note,Parte_1,0.25,78,
354.75,Note,Parte_1,0.25,74,
355.0,Note,Parte_1,0.25,69,
355.0,Note,Parte_3,0.5,45,
355.25,Note,Parte_1,0.25,66,
355.5,Note,Parte_1,1.0,69,
355.5,Note,Parte_3,1.0,38,
356.5,Note,Parte_1,0.5,67,
356.5,Note,Parte_3,0.5,47,
357.0,Rest,Parte_1,0.25,0,
357.0,Rest,Parte_2,3.0,0,
357.0,Note,Parte_3,1.0,38,
357.0,Rest,Parte_4,3.0,0,
357.25,Note,Parte_1,0.25,87,
357.5,Note,Parte_1,0.25,88,
357.75,Note,Parte_1,0.25,85,
358.0,Note,Parte_1,0.25,79,
358.0,Note,Parte_3,0.5,49,
358.25,Note,Parte_1,0.25,76,
358.5,Note,Parte_1,1.0,79,
358.5,Note,Parte_3,1.0,38,
359.5,Note,Parte_1,0.5,78,
359.5,Note,Parte_3,0.5,50,
360.0,Note,Parte_1,0.5,81,
360.0,Note,Parte_2,1.5,69,
360.0,Note,Parte_3,1.0,38,
360.0,Rest,Parte_4,3.0,0,
360.5,Note,Parte_1,0.5,79,
361.0,Note,Parte_1,0.5,78,
361.0,Note,Parte_3,0.5,42,
361.5,Note,Parte_1,0.5,76,
361.5,Note,Parte_2,1.5,71,
361.5,Note,Parte_3,1.0,38,
362.0,Note,Parte_1,0.5,78,
362.5,Note,Parte_1,0.5,74,
362.5,Note,Parte_3,0.5,43,
363.0,Note,Parte_1,0.5,71,
363.0,Note,Parte_2,1.0,67,
363.0,Note,Parte_3,1.0,38,
363.0,Rest,Parte_4,3.0,0,
363.5,Note,Parte_1,0.5,76,
364.0,Note,Parte_1,0.5,73,
364.0,Note,Parte_2,0.5,67,
364.0,Note,Parte_3,0.5,45,
364.5,Note,Parte_1,0.5,74,
364.5,Note,Parte_2,0.5,66,
364.5,Note,Parte_3,1.0,38,
365.0,Rest,Parte_1,0.5,0,
365.0,Rest,Parte_2,0.5,0,
365.5,Note,Parte_1,0.5,74,start
365.5,Note,Parte_2,0.5,66,
365.5,Note,Parte_3,0.5,50,
366.0,Note,Parte_1,1.0,74,stop
366.0,Note,Parte_2,1.5,67,start
366.0,Note,Parte_3,1.0,38,
366.0,Rest,Parte_4,3.0,0,
367.0,Note,Parte_1,0.5,73,
367.0,Note,Parte_3,0.5,52,
367.5,Note,Parte_1,0.5,81,
367.5,Note,Parte_2,0.5,67,stop
367.5,Note,Parte_3,1.0,38,
368.0,Rest,Parte_1,0.5,0,
368.0,Rest,Parte_2,0.5,0,
368.5,Note,Parte_1,0.5,73,
368.5,Note,Parte_2,0.5,67,
368.5,Note,Parte_3,0.5,45,
369.0,Note,Parte_1,1.0,76,
369.0,Note,Parte_2,1.5,66,start
369.0,Note,Parte_3,1.0,38,
369.0,Rest,Parte_4,3.0,0,
370.0,Note,Parte_1,0.5,74,
370.0,Note,Parte_3,0.5,50,
370.5,Note,Parte_1,0.5,81,
370.5,Note,Parte_2,0.5,66,stop
370.5,Note,Parte_3,1.0,38,
371.0,Rest,Parte_1,0.5,0,
371.0,Rest,Parte_2,0.5,0,
371.5,Note,Parte_1,0.5,74,start
371.5,Note,Parte_2,0.5,66,
371.5,Note,Parte_3,0.5,45,
372.0,Note,Parte_1,1.0,74,stop
372.0,Note,Parte_2,1.5,67,start
372.0,Note,Parte_3,1.0,38,
372.0,Rest,Parte_4,3.0,0,
373.0,Note,Parte_1,0.5,73,
373.0,Note,Parte_3,0.5,52,
373.5,Note,Parte_1,0.5,81,
373.5,Note,Parte_2,0.5,67,stop
373.5,Note,Parte_3,1.0,38,
374.0,Rest,Parte_1,0.5,0,
374.0,Rest,Parte_2,0.5,0,
374.5,Note,Parte_1,0.5,73,
374.5,Note,Parte_2,0.5,67,
374.5,Note,Parte_3,0.5,45,
375.0,Note,Parte_1,1.0,74,
375.0,Note,Parte_2,1.0,66,
375.0,Note,Parte_3,1.0,38,
375.0,Rest,Parte_4,3.0,0,
376.0,Rest,Parte_1,0.5,0,
376.0,Rest,Parte_2,0.5,0,
376.0,Note,Parte_3,0.5,50,
376.5,Rest,Parte_1,0.5,0,
376.5,Rest,Parte_2,0.5,0,
376.5,Note,Parte_3,1.0,38,
377.0,Rest,Parte_1,0.5,0,
377.0,Rest,Parte_2,0.5,0,
377.5,Note,Parte_1,0.5,74,start
377.5,Note,Parte_2,0.5,66,
377.5,Note,Parte_3,0.5,45,
378.0,Note,Parte_1,0.75,74,stop
378.0,Note,Parte_2,1.5,67,start
378.0,Note,Parte_3,1.0,38,
378.0,Rest,Parte_4,3.0,0,
378.75,Note,Parte_1,0.25,73,
379.0,Note,Parte_1,0.25,72,
379.0,Note,Parte_3,0.5,52,
379.25,Note,Parte_1,0.25,73,
379.5,Note,Parte_1,0.5,81,
379.5,Note,Parte_2,0.5,67,stop
379.5,Note,Parte_3,1.0,38,
380.0,Rest,Parte_1,0.5,0,
380.0,Rest,Parte_2,0.5,0,
380.5,Note,Parte_1,0.5,73,
380.5,Note,Parte_2,0.5,67,
380.5,Note,Parte_3,0.5,45,
381.0,Note,Parte_1,0.75,76,
381.0,Note,Parte_2,1.5,66,start
381.0,Note,Parte_3,1.0,38,
381.0,Rest,Parte_4,3.0,0,
381.75,Note,Parte_1,0.25,74,
382.0,Note,Parte_1,0.25,73,
382.0,Note,Parte_3,0.5,50,
382.25,Note,Parte_1,0.25,74,
382.5,Note,Parte_1,0.5,81,
382.5,Note,Parte_2,0.5,66,stop
382.5,Note,Parte_3,1.0,38,
383.0,Rest,Parte_1,0.5,0,
383.0,Rest,Parte_2,0.5,0,
383.5,Note,Parte_1,0.5,74,start
383.5,Note,Parte_2,0.5,66,
383.5,Note,Parte_3,0.5,45,
384.0,Note,Parte_1,0.75,74,stop
384.0,Note,Parte_2,1.5,67,start
384.0,Note,Parte_3,1.0,38,
384.0,Rest,Parte_4,3.0,0,
384.75,Note,Parte_1,0.25,73,
385.0,Note,Parte_1,0.25,72,
385.0,Note,Parte_3,0.5,52,
385.25,Note,Parte_1,0.25,73,
385.5,Note,Parte_1,0.5,81,
385.5,Note,Parte_2,0.5,67,stop
385.5,Note,Parte_3,1.0,38,
386.0,Rest,Parte_1,0.5,0,
386.0,Rest,Parte_2,0.5,0,
386.5,Note,Parte_1,0.5,73,
386.5,Note,Parte_2,0.5,67,
386.5,Note,Parte_3,0.5,45,
387.0,Chord,Parte_1,1.0,"[66, 74]",
387.0,Rest,Parte_2,3.0,0,
387.0,Note,Parte_3,1.0,38,
387.0,Rest,Parte_4,3.0,0,
388.0,Rest,Parte_1,0.5,0,
388.0,Note,Parte_3,0.5,50,
388.5,Rest,Parte_1,0.5,0,
388.5,Note,Parte_3,1.0,45,
389.0,Rest,Parte_1,0.5,0,
389.5,Note,Parte_1,0.25,62,
389.5,Note,Parte_3,0.5,42,
389.75,Note,Parte_1,0.25,57,
390.0,Rest,Parte_1,0.5,0,
390.0,Rest,Parte_2,3.0,0,
390.0,Note,Parte_3,0.25,38,
390.0,Rest,Parte_4,3.0,0,
390.25,Note,Parte_3,0.25,42,
390.5,Note,Parte_1,0.25,54,
390.5,Note,Parte_3,0.25,45,
390.75,Note,Parte_1,0.25,57,
390.75,Note,Parte_3,0.25,50,
391.0,Note,Parte_1,0.25,62,
391.0,Rest,Parte_3,0.5,0,
391.25,Note,Parte_1,0.25,66,
391.5,Rest,Parte_1,0.5,0,
391.5,Note,Parte_3,0.25,49,
391.75,Note,Parte_3,0.25,52,
392.0,Note,Parte_1,0.25,64,
392.0,Note,Parte_3,0.25,57,
392.25,Note,Parte_1,0.25,69,
392.25,Note,Parte_3,0.25,61,
392.5,Note,Parte_1,0.25,73,
392.5,Rest,Parte_3,0.5,0,
392.75,Note,Parte_1,0.25,76,
393.0,Rest,Parte_1,0.5,0,
393.0,Rest,Parte_2,3.0,0,
393.0,Note,Parte_3,0.25,47,
393.0,Rest,Parte_4,3.0,0,
393.25,Note,Parte_3,0.25,50,
393.5,Note,Parte_1,0.25,62,
393.5,Note,Parte_3,0.25,54,
393.75,Note,Parte_1,0.25,66,
393.75,Note,Parte_3,0.25,59,
394.0,Note,Parte_1,0.25,71,
394.0,Rest,Parte_3,0.5,0,
394.25,Note,Parte_1,0.25,74,
394.5,Rest,Parte_1,0.5,0,
394.5,Note,Parte_3,0.25,57,
394.75,Note,Parte_3,0.25,61,
395.0,Note,Parte_1,0.25,73,
395.0,Note,Parte_3,0.25,66,
395.25,Note,Parte_1,0.25,78,
395.25,Note,Parte_3,0.25,69,
395.5,Note,Parte_1,0.25,81,
395.5,Rest,Parte_3,0.5,0,
395.75,Note,Parte_1,0.25,85,
396.0,Rest,Parte_1,0.5,0,
396.0,Rest,Parte_2,3.0,0,
396.0,Note,Parte_3,0.25,43,
396.0,Rest,Parte_4,3.0,0,
396.25,Note,Parte_3,0.25,47,
396.5,Note,Parte_1,0.25,59,
396.5,Note,Parte_3,0.25,50,
396.75,Note,Parte_1,0.25,62,
396.75,Note,Parte_3,0.25,55,
397.0,Note,Parte_1,0.25,67,
397.0,Rest,Parte_3,0.5,0,
397.25,Note,Parte_1,0.25,71,
397.5,Rest,Parte_1,0.5,0,
397.5,Note,Parte_3,0.25,54,
397.75,Note,Parte_3,0.25,57,
398.0,Note,Parte_1,0.25,69,
398.0,Note,Parte_3,0.25,62,
398.25,Note,Parte_1,0.25,74,
398.25,Note,Parte_3,0.25,66,
398.5,Note,Parte_1,0.25,78,
398.5,Rest,Parte_3,0.5,0,
398.75,Note,Parte_1,0.25,81,
399.0,Chord,Parte_1,0.25,"[73, 79]",
399.0,Rest,Parte_2,3.0,0,
399.0,Chord,Parte_3,0.5,"[52, 64]",
399.0,Rest,Parte_4,3.0,0,
399.25,Note,Parte_1,0.25,69,
399.5,Chord,Parte_1,0.25,"[73, 79]",
399.5,Chord,Parte_3,0.5,"[52, 64]",
399.75,Note,Parte_1,0.25,69,
400.0,Chord,Parte_1,0.25,"[74, 78]",
400.0,Chord,Parte_3,0.5,"[52, 64]",
400.25,Note,Parte_1,0.25,69,
400.5,Chord,Parte_1,0.25,"[73, 76]",
400.5,Chord,Parte_3,1.0,"[45, 57]",
400.75,Note,Parte_1,0.25,74,
401.0,Note,Parte_1,0.25,73,
401.25,Note,Parte_1,0.25,71,
401.5,Note,Parte_1,0.25,69,
401.5,Rest,Parte_3,0.5,0,
401.75,Note,Parte_1,0.25,67,
402.0,Rest,Parte_1,0.5,0,
402.0,Rest,Parte_2,3.0,0,
402.0,Note,Parte_3,0.25,38,
402.0,Rest,Parte_4,3.0,0,
402.25,Note,Parte_3,0.25,42,
402.5,Note,Parte_1,0.25,54,
402.5,Note,Parte_3,0.25,45,
402.75,Note,Parte_1,0.25,57,
402.75,Note,Parte_3,0.25,50,
403.0,Note,Parte_1,0.25,62,
403.0,Rest,Parte_3,0.5,0,
403.25,Note,Parte_1,0.25,66,
403.5,Rest,Parte_1,0.5,0,
403.5,Note,Parte_3,0.25,49,
403.75,Note,Parte_3,0.25,52,
404.0,Note,Parte_1,0.25,64,
404.0,Note,Parte_3,0.25,58,
404.25,Note,Parte_1,0.25,70,
404.25,Note,Parte_3,0.25,61,
404.5,Note,Parte_1,0.25,73,
404.5,Rest,Parte_3,0.5,0,
404.75,Note,Parte_1,0.25,76,
405.0,Rest,Parte_1,0.5,0,
405.0,Rest,Parte_2,3.0,0,
405.0,Note,Parte_3,0.25,47,
405.0,Rest,Parte_4,3.0,0,
405.25,Note,Parte_3,0.25,50,
405.5,Note,Parte_1,0.25,62,
405.5,Note,Parte_3,0.25,54,
405.75,Note,Parte_1,0.25,66,
405.75,Note,Parte_3,0.25,59,
406.0,Note,Parte_1,0.25,71,
406.0,Rest,Parte_3,0.5,0,
406.25,Note,Parte_1,0.25,74,
406.5,Rest,Parte_1,0.5,0,
406.5,Note,Parte_3,0.25,57,
406.75,Note,Parte_3,0.25,60,
407.0,Note,Parte_1,0.25,72,
407.0,Note,Parte_3,0.25,66,
407.25,Note,Parte_1,0.25,78,
407.25,Note,Parte_3,0.25,69,
407.5,Note,Parte_1,0.25,81,
407.5,Rest,Parte_3,0.5,0,
407.75,Note,Parte_1,0.25,84,
408.0,Rest,Parte_1,0.5,0,
408.0,Rest,Parte_2,3.0,0,
408.0,Note,Parte_3,0.25,43,
408.0,Rest,Parte_4,3.0,0,
408.25,Note,Parte_3,0.25,47,
408.5,Note,Parte_1,0.25,59,
408.5,Note,Parte_3,0.25,50,
408.75,Note,Parte_1,0.25,62,
408.75,Note,Parte_3,0.25,55,
409.0,Note,Parte_1,0.25,67,
409.0,Rest,Parte_3,0.5,0,
409.25,Note,Parte_1,0.25,71,
409.5,Rest,Parte_1,0.5,0,
409.5,Note,Parte_3,0.25,54,
409.75,Note,Parte_3,0.25,57,
410.0,Note,Parte_1,0.25,75,
410.0,Note,Parte_3,0.25,63,
410.25,Note,Parte_1,0.25,81,
410.25,Note,Parte_3,0.25,66,
410.5,Note,Parte_1,0.25,83,
410.5,Rest,Parte_3,0.5,0,
410.75,Note,Parte_1,0.25,87,
411.0,Rest,Parte_1,0.5,0,
411.0,Rest,Parte_2,3.0,0,
411.0,Note,Parte_3,0.25,43,
411.0,Rest,Parte_4,3.0,0,
411.25,Note,Parte_3,0.25,47,
411.5,Note,Parte_1,0.25,64,
411.5,Note,Parte_3,0.25,52,
411.75,Note,Parte_1,0.25,67,
411.75,Note,Parte_3,0.25,55,
412.0,Note,Parte_1,0.25,71,
412.0,Rest,Parte_3,0.5,0,
412.25,Note,Parte_1,0.25,76,
412.5,Rest,Parte_1,0.5,0,
412.5,Note,Parte_3,0.25,56,
412.75,Note,Parte_3,0.25,59,
413.0,Note,Parte_1,0.25,74,
413.0,Note,Parte_3,0.25,64,
413.25,Note,Parte_1,0.25,76,
413.25,Note,Parte_3,0.25,68,
413.5,Note,Parte_1,0.25,83,
413.5,Rest,Parte_3,0.5,0,
413.75,Note,Parte_1,0.25,86,
414.0,Rest,Parte_1,0.5,0,
414.0,Rest,Parte_2,3.0,0,
414.0,Note,Parte_3,0.25,45,
414.0,Rest,Parte_4,3.0,0,
414.25,Note,Parte_3,0.25,49,
414.5,Note,Parte_1,0.25,61,
414.5,Note,Parte_3,0.25,52,
414.75,Note,Parte_1,0.25,64,
414.75,Note,Parte_3,0.25,57,
415.0,Note,Parte_1,0.25,69,
415.0,Rest,Parte_3,0.5,0,
415.25,Note,Parte_1,0.25,73,
415.5,Rest,Parte_1,0.5,0,
415.5,Note,Parte_3,0.25,57,
415.75,Note,Parte_3,0.25,61,
416.0,Note,Parte_1,0.25,73,
416.0,Note,Parte_3,0.25,64,
416.25,Note,Parte_1,0.25,76,
416.25,Note,Parte_3,0.25,69,
416.5,Note,Parte_1,0.25,79,
416.5,Rest,Parte_3,0.5,0,
416.75,Note,Parte_1,0.25,85,
417.0,Rest,Parte_1,0.5,0,
417.0,Rest,Parte_2,3.0,0,
417.0,Note,Parte_3,0.25,45,
417.0,Rest,Parte_4,3.0,0,
417.25,Note,Parte_3,0.25,50,
417.5,Note,Parte_1,0.25,62,
417.5,Note,Parte_3,0.25,54,
417.75,Note,Parte_1,0.25,66,
417.75,Note,Parte_3,0.25,57,
418.0,Note,Parte_1,0.25,69,
418.0,Rest,Parte_3,0.5,0,
418.25,Note,Parte_1,0.25,74,
418.5,Rest,Parte_1,0.5,0,
418.5,Note,Parte_3,0.25,57,
418.75,Note,Parte_3,0.25,62,
419.0,Note,Parte_1,0.25,74,
419.0,Note,Parte_3,0.25,65,
419.25,Note,Parte_1,0.25,80,
419.25,Note,Parte_3,0.25,69,
419.5,Note,Parte_1,0.25,83,
419.5,Rest,Parte_3,0.5,0,
419.75,Note,Parte_1,0.25,86,
420.0,Rest,Parte_1,0.5,0,
420.0,Rest,Parte_2,3.0,0,
420.0,Note,Parte_3,0.25,33,
420.0,Rest,Parte_4,3.0,0,
420.25,Note,Parte_3,0.25,37,
420.5,Note,Parte_1,0.25,49,
420.5,Note,Parte_3,0.25,40,
420.75,Note,Parte_1,0.25,52,
420.75,Note,Parte_3,0.25,45,
421.0,Note,Parte_1,0.25,57,
421.0,Rest,Parte_3,0.5,0,
421.25,Note,Parte_1,0.25,61,
421.5,Rest,Parte_1,0.5,0,
421.5,Note,Parte_3,0.25,45,
421.75,Note,Parte_3,0.25,49,
422.0,Note,Parte_1,0.25,61,
422.0,Note,Parte_3,0.25,52,
422.25,Note,Parte_1,0.25,64,
422.25,Note,Parte_3,0.25,57,
422.5,Note,Parte_1,0.25,67,
422.5,Rest,Parte_3,0.5,0,
422.75,Note,Parte_1,0.25,73,
423.0,Rest,Parte_1,0.5,0,
423.0,Rest,Parte_2,3.0,0,
423.0,Note,Parte_3,0.25,33,
423.0,Rest,Parte_4,3.0,0,
423.25,Note,Parte_3,0.25,38,
423.5,Note,Parte_1,0.25,50,
423.5,Note,Parte_3,0.25,42,
423.75,Note,Parte_1,0.25,54,
423.75,Note,Parte_3,0.25,45,
424.0,Note,Parte_1,0.25,57,
424.0,Rest,Parte_3,0.5,0,
424.25,Note,Parte_1,0.25,62,
424.5,Rest,Parte_1,0.5,0,
424.5,Note,Parte_3,0.25,45,
424.75,Note,Parte_3,0.25,50,
425.0,Note,Parte_1,0.25,62,
425.0,Note,Parte_3,0.25,53,
425.25,Note,Parte_1,0.25,68,
425.25,Note,Parte_3,0.25,57,
425.5,Note,Parte_1,0.25,71,
425.5,Rest,Parte_3,0.5,0,
425.75,Note,Parte_1,0.25,74,
426.0,Rest,Parte_1,0.5,0,
426.0,Rest,Parte_2,3.0,0,
426.0,Note,Parte_3,0.25,33,
426.0,Rest,Parte_4,3.0,0,
426.25,Note,Parte_3,0.25,37,
426.5,Note,Parte_1,0.25,61,
426.5,Note,Parte_3,0.25,40,
426.75,Note,Parte_1,0.25,64,
426.75,Note,Parte_3,0.25,45,
427.0,Note,Parte_1,0.25,69,
427.0,Rest,Parte_3,0.5,0,
427.25,Note,Parte_1,0.25,73,
427.5,Rest,Parte_1,0.5,0,
427.5,Note,Parte_3,0.25,33,
427.75,Note,Parte_3,0.25,37,
428.0,Note,Parte_1,0.25,57,
428.0,Note,Parte_3,0.25,40,
428.25,Note,Parte_1,0.25,61,
428.25,Note,Parte_3,0.25,45,
428.5,Note,Parte_1,0.25,64,
428.5,Rest,Parte_3,0.5,0,
428.75,Note,Parte_1,0.25,69,
429.0,Rest,Parte_1,0.5,0,
429.0,Rest,Parte_2,3.0,0,
429.0,Note,Parte_3,0.25,33,
429.0,Rest,Parte_4,3.0,0,
429.25,Note,Parte_3,0.25,37,
429.5,Note,Parte_1,0.25,52,
429.5,Note,Parte_3,0.25,40,
429.75,Note,Parte_1,0.25,55,
429.75,Note,Parte_3,0.25,45,
430.0,Note,Parte_1,0.25,61,
430.0,Rest,Parte_3,0.5,0,
430.25,Note,Parte_1,0.25,64,
430.5,Rest,Parte_1,0.5,0,
430.5,Note,Parte_3,0.25,33,
430.75,Note,Parte_3,0.25,37,
431.0,Note,Parte_1,0.25,49,
431.0,Note,Parte_3,0.25,40,
431.25,Note,Parte_1,0.25,52,
431.25,Note,Parte_3,0.25,45,
431.5,Note,Parte_1,0.25,57,
431.5,Rest,Parte_3,0.5,0,
431.75,Note,Parte_1,0.25,61,
432.0,Rest,Parte_1,1.0,0,
432.0,Rest,Parte_2,3.0,0,
432.0,Note,Parte_3,1.5,33,start
432.0,Rest,Parte_4,3.0,0,
433.0,Rest,Parte_1,0.5,0,
433.5,Rest,Parte_1,0.5,0,
433.5,Note,Parte_3,1.0,33,stop
434.0,Rest,Parte_1,0.5,0,
434.5,Note,Parte_1,0.5,78,
434.5,Rest,Parte_3,0.5,0,
435.0,Note,Parte_1,1.0,74,
435.0,Rest,Parte_2,1.0,0,
435.0,Rest,Parte_3,3.0,0,
435.0,Rest,Parte_4,3.0,0,
436.0,Note,Parte_1,0.5,81,
436.0,Rest,Parte_2,0.5,0,
436.5,Note,Parte_1,1.0,78,
436.5,Rest,Parte_2,0.5,0,
437.0,Rest,Parte_2,0.5,0,
437.5,Note,Parte_1,0.5,74,
437.5,Note,Parte_2,0.5,66,
438.0,Note,Parte_1,1.0,69,
438.0,Note,Parte_2,1.0,62,
438.0,Rest,Parte_3,1.0,0,
438.0,Rest,Parte_4,3.0,0,
439.0,Note,Parte_1,0.5,78,
439.0,Note,Parte_2,0.5,69,
439.0,Rest,Parte_3,0.5,0,
439.5,Note,Parte_1,1.0,74,
439.5,Note,Parte_2,1.0,66,
439.5,Rest,Parte_3,0.5,0,
440.0,Rest,Parte_3,0.5,0,
440.5,Note,Parte_1,0.5,69,
440.5,Note,Parte_2,0.5,62,
440.5,Note,Parte_3,0.5,54,
441.0,Note,Parte_1,1.5,69,start
441.0,Note,Parte_2,1.0,66,
441.0,Note,Parte_3,1.0,50,
441.0,Rest,Parte_4,3.0,0,
442.0,Note,Parte_2,0.5,62,
442.0,Note,Parte_3,0.5,57,
442.5,Note,Parte_1,1.0,69,stop
442.5,Note,Parte_2,1.0,57,
442.5,Note,Parte_3,1.0,54,
443.5,Note,Parte_1,0.5,69,start
443.5,Chord,Parte_2,0.5,"[62, 66]",
443.5,Note,Parte_3,0.5,50,
444.0,Note,Parte_1,1.5,69,continue
444.0,Chord,Parte_2,1.0,"[61, 64]",
444.0,Note,Parte_3,1.0,57,
444.0,Rest,Parte_4,3.0,0,
445.0,Chord,Parte_2,0.5,"[64, 67]",
445.0,Note,Parte_3,0.5,45,
445.5,Note,Parte_1,0.5,69,stop
445.5,Chord,Parte_2,0.5,"[62, 66]",
445.5,Note,Parte_3,1.0,50,
446.0,Rest,Parte_1,0.25,0,
446.0,Rest,Parte_2,1.0,0,
446.25,Note,Parte_1,0.25,78,
446.5,Note,Parte_1,0.25,77,
446.5,Rest,Parte_3,0.5,0,
446.75,Note,Parte_1,0.25,78,
447.0,Note,Parte_1,0.5,74,
447.0,Rest,Parte_2,1.0,0,
447.0,Rest,Parte_3,3.0,0,
447.0,Rest,Parte_4,3.0,0,
447.5,Rest,Parte_1,0.25,0,
447.75,Note,Parte_1,0.25,81,
448.0,Note,Parte_1,0.25,80,
448.0,Rest,Parte_2,0.5,0,
448.25,Note,Parte_1,0.25,81,
448.5,Note,Parte_1,0.5,78,
448.5,Rest,Parte_2,0.5,0,
449.0,Rest,Parte_1,0.5,0,
449.0,Rest,Parte_2,0.25,0,
449.25,Note,Parte_2,0.25,66,
449.5,Note,Parte_1,0.5,74,
449.5,Note,Parte_2,0.25,65,
449.75,Note,Parte_2,0.25,66,
450.0,Note,Parte_1,0.5,69,
450.0,Note,Parte_2,0.5,62,
450.0,Rest,Parte_3,1.0,0,
450.0,Rest,Parte_4,3.0,0,
450.5,Rest,Parte_1,0.5,0,
450.5,Rest,Parte_2,0.25,0,
450.75,Note,Parte_2,0.25,69,
451.0,Note,Parte_1,0.5,78,
451.0,Note,Parte_2,0.25,68,
451.0,Rest,Parte_3,0.5,0,
451.25,Note,Parte_2,0.25,69,
451.5,Note,Parte_1,0.5,74,
451.5,Note,Parte_2,0.5,66,
451.5,Rest,Parte_3,0.5,0,
452.0,Rest,Parte_1,0.5,0,
452.0,Rest,Parte_2,0.5,0,
452.0,Rest,Parte_3,0.25,0,
452.25,Note,Parte_3,0.25,54,
452.5,Note,Parte_1,0.5,69,
452.5,Note,Parte_2,0.5,62,
452.5,Note,Parte_3,0.25,53,
452.75,Note,Parte_3,0.25,54,
453.0,Note,Parte_1,1.5,69,start
453.0,Note,Parte_2,1.0,66,
453.0,Note,Parte_3,0.5,50,
453.0,Rest,Parte_4,3.0,0,
453.5,Rest,Parte_3,0.25,0,
453.75,Note,Parte_3,0.25,57,
454.0,Note,Parte_2,0.5,62,
454.0,Note,Parte_3,0.25,56,
454.25,Note,Parte_3,0.25,57,
454.5,Note,Parte_1,1.0,69,stop
454.5,Note,Parte_2,1.0,57,
454.5,Note,Parte_3,0.5,54,
455.0,Rest,Parte_3,0.5,0,
455.5,Note,Parte_1,0.5,69,
455.5,Chord,Parte_2,0.5,"[62, 66]",
455.5,Note,Parte_3,0.5,50,
456.0,Note,Parte_1,1.5,69,
456.0,Chord,Parte_2,1.0,"[61, 64]",
456.0,Note,Parte_3,1.0,57,
456.0,Rest,Parte_4,3.0,0,
457.0,Chord,Parte_2,0.5,"[64, 67]",
457.0,Note,Parte_3,0.5,45,
457.5,Note,Parte_1,1.0,69,
457.5,Chord,Parte_2,1.0,"[62, 66]",
457.5,Note,Parte_3,1.0,50,
458.5,Note,Parte_1,0.5,74,
458.5,Chord,Parte_2,0.5,"[66, 69]",
458.5,Note,Parte_3,0.5,42,
459.0,Note,Parte_1,1.0,73,
459.0,Chord,Parte_2,1.0,"[64, 69]",
459.0,Note,Parte_3,1.0,45,
459.0,Rest,Parte_4,3.0,0,
460.0,Note,Parte_1,0.5,76,
460.0,Chord,Parte_2,0.5,"[67, 69]",
460.0,Note,Parte_3,0.5,33,
460.5,Note,Parte_1,1.0,74,
460.5,Chord,Parte_2,1.0,"[66, 69]",
460.5,Note,Parte_3,1.0,38,
461.5,Note,Parte_1,0.5,69,
461.5,Chord,Parte_2,0.5,"[62, 66]",
461.5,Note,Parte_3,0.5,54,
462.0,Note,Parte_1,1.5,69,
462.0,Chord,Parte_2,1.0,"[61, 64]",
462.0,Note,Parte_3,1.0,57,
462.0,Rest,Parte_4,3.0,0,
463.0,Chord,Parte_2,0.5,"[64, 67]",
463.0,Note,Parte_3,0.5,45,
463.5,Note,Parte_1,1.0,69,
463.5,Chord,Parte_2,1.0,"[62, 66]",
463.5,Note,Parte_3,1.0,50,
464.5,Note,Parte_1,0.5,74,
464.5,Chord,Parte_2,0.5,"[66, 69]",
464.5,Note,Parte_3,0.5,42,
465.0,Note,Parte_1,1.0,73,
465.0,Chord,Parte_2,1.0,"[64, 69]",
465.0,Note,Parte_3,1.0,45,
465.0,Rest,Parte_4,3.0,0,
466.0,Note,Parte_1,0.5,76,
466.0,Chord,Parte_2,0.5,"[67, 69]",
466.0,Note,Parte_3,0.5,33,
466.5,Note,Parte_1,1.0,74,
466.5,Chord,Parte_2,1.0,"[66, 69]",
466.5,Note,Parte_3,1.0,38,
467.5,Note,Parte_1,0.5,78,
467.5,Chord,Parte_2,0.5,"[69, 74]",
467.5,Note,Parte_3,0.5,38,
468.0,Note,Parte_1,1.0,76,
468.0,Chord,Parte_2,1.0,"[69, 73]",
468.0,Note,Parte_3,1.0,45,
468.0,Rest,Parte_4,3.0,0,
469.0,Note,Parte_1,0.5,79,
469.0,Chord,Parte_2,0.5,"[69, 76]",
469.0,Note,Parte_3,0.5,33,
469.5,Note,Parte_1,1.0,78,
469.5,Chord,Parte_2,1.0,"[69, 74]",
469.5,Note,Parte_3,1.0,38,
470.5,Note,Parte_1,0.5,86,
470.5,Chord,Parte_2,0.5,"[78, 81]",
470.5,Note,Parte_3,0.5,38,
471.0,Note,Parte_1,1.0,85,
471.0,Chord,Parte_2,1.0,"[76, 81]",
471.0,Note,Parte_3,1.0,45,
471.0,Rest,Parte_4,3.0,0,
472.0,Note,Parte_1,0.5,88,
472.0,Chord,Parte_2,0.5,"[79, 81]",
472.0,Note,Parte_3,0.5,33,
472.5,Note,Parte_1,1.0,86,
472.5,Chord,Parte_2,1.0,"[78, 81]",
472.5,Note,Parte_3,1.0,38,
473.5,Note,Parte_1,0.5,87,
473.5,Chord,Parte_2,0.5,"[78, 81]",
473.5,Chord,Parte_3,0.5,"[35, 47]",
474.0,Note,Parte_1,3.0,88,
474.0,Chord,Parte_2,3.0,"[79, 83]",
474.0,Chord,Parte_3,3.0,"[31, 43]",
474.0,Rest,Parte_4,3.0,0,
477.0,Note,Parte_1,3.0,85,
477.0,Note,Parte_2,3.0,79,
477.0,Chord,Parte_3,3.0,"[33, 45]",
477.0,Rest,Parte_4,3.0,0,
480.0,Note,Parte_1,0.25,74,
480.0,Rest,Parte_2,3.0,0,
480.0,Note,Parte_3,3.0,50,start
480.0,Chord,Parte_4,1.5,"[38, 50]",
480.25,Note,Parte_1,0.25,78,
480.5,Note,Parte_1,0.25,81,
480.75,Note,Parte_1,0.25,86,
481.0,Note,Parte_1,0.25,74,
481.25,Note,Parte_1,0.25,86,
481.5,Note,Parte_1,0.25,73,
481.5,Note,Parte_4,0.5,49,
481.75,Note,Parte_1,0.25,85,
482.0,Note,Parte_1,0.25,71,
482.0,Note,Parte_4,0.5,47,
482.25,Note,Parte_1,0.25,83,
482.5,Note,Parte_1,0.25,69,
482.5,Note,Parte_4,0.5,45,
482.75,Note,Parte_1,0.25,81,
483.0,Note,Parte_1,0.25,71,
483.0,Rest,Parte_2,3.0,0,
483.0,Note,Parte_3,3.0,50,stop
483.0,Note,Parte_4,0.5,47,
483.25,Note,Parte_1,0.25,83,
483.5,Note,Parte_1,0.25,69,
483.5,Note,Parte_4,0.5,45,
483.75,Note,Parte_1,0.25,81,
484.0,Note,Parte_1,0.25,67,
484.0,Note,Parte_4,0.5,43,
484.25,Note,Parte_1,0.25,79,
484.5,Note,Parte_1,0.25,66,
484.5,Note,Parte_4,0.5,42,
484.75,Note,Parte_1,0.25,78,
485.0,Note,Parte_1,0.25,67,
485.0,Note,Parte_4,0.5,43,
485.25,Note,Parte_1,0.25,79,
485.5,Note,Parte_1,0.25,69,
485.5,Note,Parte_4,0.5,45,
485.75,Note,Parte_1,0.25,81,
486.0,Note,Parte_1,0.25,74,
486.0,Rest,Parte_2,3.0,0,
486.0,Note,Parte_3,3.0,50,start
486.0,Chord,Parte_4,1.5,"[38, 50]",
486.25,Note,Parte_1,0.25,78,
486.5,Note,Parte_1,0.25,81,
486.75,Note,Parte_1,0.25,86,
487.0,Note,Parte_1,0.25,74,
487.25,Note,Parte_1,0.25,86,
487.5,Note,Parte_1,0.25,73,
487.5,Note,Parte_4,0.5,49,
487.75,Note,Parte_1,0.25,85,
488.0,Note,Parte_1,0.25,71,
488.0,Note,Parte_4,0.5,47,
488.25,Note,Parte_1,0.25,83,
488.5,Note,Parte_1,0.25,69,
488.5,Note,Parte_4,0.5,45,
488.75,Note,Parte_1,0.25,81,
489.0,Note,Parte_1,0.25,71,
489.0,Rest,Parte_2,3.0,0,
489.0,Note,Parte_3,3.0,50,stop
489.0,Note,Parte_4,0.5,47,
489.25,Note,Parte_1,0.25,83,
489.5,Note,Parte_1,0.25,69,
489.5,Note,Parte_4,0.5,45,
489.75,Note,Parte_1,0.25,81,
490.0,Note,Parte_1,0.25,67,
490.0,Note,Parte_4,0.5,43,
490.25,Note,Parte_1,0.25,79,
490.5,Note,Parte_1,0.25,66,
490.5,Note,Parte_4,0.5,42,
490.75,Note,Parte_1,0.25,78,
491.0,Note,Parte_1,0.25,67,
491.0,Note,Parte_4,0.5,43,
491.25,Note,Parte_1,0.25,79,
491.5,Note,Parte_1,0.25,69,
491.5,Note,Parte_4,0.5,45,
491.75,Note,Parte_1,0.25,81,
492.0,Note,Parte_1,0.25,74,
492.0,Rest,Parte_2,3.0,0,
492.0,Note,Parte_3,3.0,50,start
492.0,Chord,Parte_4,1.5,"[38, 50]",
492.25,Note,Parte_1,0.25,78,
492.5,Note,Parte_1,0.25,81,
492.75,Note,Parte_1,0.25,86,
493.0,Note,Parte_1,0.25,74,
493.25,Note,Parte_1,0.25,86,
493.5,Note,Parte_1,0.25,72,
493.5,Note,Parte_4,0.5,48,
493.75,Note,Parte_1,0.25,84,
494.0,Note,Parte_1,0.25,71,
494.0,Note,Parte_4,0.5,47,
494.25,Note,Parte_1,0.25,83,
494.5,Note,Parte_1,0.25,69,
494.5,Note,Parte_4,0.5,45,
494.75,Note,Parte_1,0.25,81,
495.0,Note,Parte_1,0.25,67,
495.0,Rest,Parte_2,3.0,0,
495.0,Note,Parte_3,1.5,50,stop
495.0,Note,Parte_4,0.5,43,
495.25,Note,Parte_1,0.25,79,
495.5,Note,Parte_1,0.25,66,
495.5,Note,Parte_4,0.5,42,
495.75,Note,Parte_1,0.25,78,
496.0,Note,Parte_1,0.25,64,
496.0,Note,Parte_4,0.5,40,
496.25,Note,Parte_1,0.25,76,
496.5,Note,Parte_1,0.25,62,
496.5,Chord,Parte_3,0.5,"[38, 50]",
496.5,Rest,Parte_4,0.5,0,
496.75,Note,Parte_1,0.25,74,
497.0,Note,Parte_1,0.25,60,
497.0,Chord,Parte_3,0.5,"[36, 48]",
497.0,Rest,Parte_4,1.0,0,
497.25,Note,Parte_1,0.25,72,
497.5,Note,Parte_1,0.25,59,
497.5,Chord,Parte_3,0.5,"[35, 47]",
497.75,Note,Parte_1,0.25,71,
498.0,Chord,Parte_1,1.0,"[60, 72]",
498.0,Rest,Parte_2,3.0,0,
498.0,Chord,Parte_3,1.0,"[36, 48]",
498.0,Rest,Parte_4,3.0,0,
499.0,Rest,Parte_1,0.5,0,
499.0,Rest,Parte_3,0.5,0,
499.5,Rest,Parte_1,1.0,0,
499.5,Rest,Parte_3,1.0,0,
500.5,Rest,Parte_1,0.5,0,
500.5,Rest,Parte_3,0.5,0,
501.0,Chord,Parte_1,1.0,"[61, 73]",
501.0,Rest,Parte_2,3.0,0,
501.0,Chord,Parte_3,1.0,"[37, 49]",
501.0,Rest,Parte_4,3.0,0,
502.0,Rest,Parte_1,0.5,0,
502.0,Rest,Parte_3,0.5,0,
502.5,Rest,Parte_1,1.0,0,
502.5,Rest,Parte_3,1.0,0,
503.5,Rest,Parte_1,0.5,0,
503.5,Rest,Parte_3,0.5,0,
504.0,Rest,Parte_1,3.0,0,
504.0,Rest,Parte_2,3.0,0,
504.0,Rest,Parte_3,1.0,0,
504.0,Rest,Parte_4,3.0,0,
505.0,Rest,Parte_3,0.5,0,
505.5,Rest,Parte_3,0.5,0,
506.0,Rest,Parte_3,0.5,0,
506.5,Note,Parte_3,0.5,50,
507.0,Rest,Parte_1,0.5,0,
507.0,Rest,Parte_2,3.0,0,
507.0,Note,Parte_3,1.0,43,
507.0,Rest,Parte_4,3.0,0,
507.5,Chord,Parte_1,1.0,"[71, 74]",
508.0,Note,Parte_3,0.5,50,
508.5,Rest,Parte_1,0.5,0,
508.5,Note,Parte_3,1.0,43,
509.0,Chord,Parte_1,1.0,"[71, 72]",
509.5,Note,Parte_3,0.5,52,
510.0,Rest,Parte_1,0.5,0,
510.0,Rest,Parte_2,3.0,0,
510.0,Note,Parte_3,1.0,43,
510.0,Rest,Parte_4,3.0,0,
510.5,Chord,Parte_1,1.0,"[69, 72]",
511.0,Note,Parte_3,0.5,54,
511.5,Rest,Parte_1,0.5,0,
511.5,Note,Parte_3,1.0,43,
512.0,Chord,Parte_1,1.0,"[67, 71]",
512.5,Note,Parte_3,0.5,55,
513.0,Rest,Parte_1,0.5,0,
513.0,Rest,Parte_2,3.0,0,
513.0,Note,Parte_3,1.0,43,
513.0,Rest,Parte_4,3.0,0,
513.5,Chord,Parte_1,1.0,"[79, 83]",
514.0,Note,Parte_3,0.5,47,
514.5,Rest,Parte_1,0.5,0,
514.5,Note,Parte_3,1.0,43,
515.0,Chord,Parte_1,1.0,"[79, 81]",
515.5,Note,Parte_3,0.5,48,
516.0,Rest,Parte_1,0.5,0,
516.0,Rest,Parte_2,3.0,0,
516.0,Note,Parte_3,1.0,43,
516.0,Rest,Parte_4,3.0,0,
516.5,Chord,Parte_1,1.0,"[78, 81]",
517.0,Note,Parte_3,0.5,50,
517.5,Rest,Parte_1,0.5,0,
517.5,Note,Parte_3,1.0,43,
518.0,Note,Parte_1,1.0,79,
518.5,Note,Parte_3,0.5,55,
519.0,Rest,Parte_1,0.5,0,
519.0,Rest,Parte_2,3.0,0,
519.0,Note,Parte_3,1.0,43,
519.0,Rest,Parte_4,3.0,0,
519.5,Chord,Parte_1,1.0,"[71, 74]",
520.0,Note,Parte_3,0.5,50,
520.5,Rest,Parte_1,0.5,0,
520.5,Note,Parte_3,1.0,43,
521.0,Chord,Parte_1,1.0,"[71, 72]",
521.5,Note,Parte_3,0.5,52,
522.0,Rest,Parte_1,0.5,0,
522.0,Rest,Parte_2,3.0,0,
522.0,Note,Parte_3,1.0,43,
522.0,Rest,Parte_4,3.0,0,
522.5,Chord,Parte_1,1.0,"[69, 72]",
523.0,Note,Parte_3,0.5,54,
523.5,Rest,Parte_1,0.5,0,
523.5,Note,Parte_3,1.0,43,
524.0,Chord,Parte_1,1.0,"[67, 71]",
524.5,Note,Parte_3,0.5,55,
525.0,Rest,Parte_1,0.5,0,
525.0,Rest,Parte_2,3.0,0,
525.0,Note,Parte_3,1.0,44,
525.0,Rest,Parte_4,3.0,0,
525.5,Chord,Parte_1,1.0,"[62, 65, 71]",
526.0,Note,Parte_3,0.5,56,
526.5,Rest,Parte_1,0.5,0,
526.5,Note,Parte_3,1.0,45,
527.0,Chord,Parte_1,1.0,"[62, 65, 69]",
527.5,Note,Parte_3,0.5,57,
528.0,Rest,Parte_1,0.5,0,
528.0,Rest,Parte_2,3.0,0,
528.0,Note,Parte_3,1.0,46,
528.0,Rest,Parte_4,3.0,0,
528.5,Chord,Parte_1,1.0,"[62, 65, 68]",
529.0,Note,Parte_3,0.5,58,
529.5,Rest,Parte_1,0.5,0,
529.5,Note,Parte_3,1.0,47,
530.0,Chord,Parte_1,1.0,"[62, 68]",
530.5,Note,Parte_3,0.5,59,
531.0,Chord,Parte_1,1.0,"[61, 69]",
531.0,Rest,Parte_2,3.0,0,
531.0,Note,Parte_3,1.0,45,
531.0,Rest,Parte_4,3.0,0,
532.0,Chord,Parte_1,0.5,"[61, 69]",
532.0,Note,Parte_3,0.5,57,
532.5,Chord,Parte_1,1.0,"[62, 66]",
532.5,Note,Parte_3,1.0,45,
533.5,Chord,Parte_1,0.5,"[63, 69]",
533.5,Note,Parte_3,0.5,57,
534.0,Chord,Parte_1,1.0,"[64, 67]",
534.0,Rest,Parte_2,3.0,0,
534.0,Note,Parte_3,1.0,45,
534.0,Rest,Parte_4,3.0,0,
535.0,Chord,Parte_1,0.5,"[65, 73]",
535.0,Note,Parte_3,0.5,57,
535.5,Chord,Parte_1,1.0,"[66, 69]",
535.5,Note,Parte_3,1.0,45,
536.5,Chord,Parte_1,0.5,"[66, 74]",
536.5,Note,Parte_3,0.5,57,
537.0,Chord,Parte_1,1.0,"[67, 71]",
537.0,Rest,Parte_2,3.0,0,
537.0,Note,Parte_3,1.0,45,
537.0,Rest,Parte_4,3.0,0,
538.0,Chord,Parte_1,0.5,"[68, 76]",
538.0,Note,Parte_3,0.5,57,
538.5,Chord,Parte_1,1.0,"[69, 73]",
538.5,Note,Parte_3,1.0,45,
539.5,Chord,Parte_1,0.5,"[70, 78]",
539.5,Note,Parte_3,0.5,57,
540.0,Chord,Parte_1,1.0,"[71, 74]",
540.0,Rest,Parte_2,3.0,0,
540.0,Note,Parte_3,1.0,45,
540.0,Rest,Parte_4,3.0,0,
541.0,Chord,Parte_1,0.5,"[71, 79]",
541.0,Note,Parte_3,0.5,57,
541.5,Chord,Parte_1,1.0,"[72, 76]",
541.5,Note,Parte_3,1.0,45,
542.5,Chord,Parte_1,0.5,"[73, 81]",
542.5,Note,Parte_3,0.5,57,
543.0,Chord,Parte_1,1.0,"[74, 78]",
543.0,Rest,Parte_2,3.0,0,
543.0,Note,Parte_3,1.0,45,
543.0,Rest,Parte_4,3.0,0,
544.0,Chord,Parte_1,0.5,"[71, 79]",
544.0,Note,Parte_3,0.5,57,
544.5,Chord,Parte_1,1.0,"[72, 76]",
544.5,Note,Parte_3,1.0,45,
545.5,Chord,Parte_1,0.5,"[73, 81]",
545.5,Note,Parte_3,0.5,57,
546.0,Chord,Parte_1,1.0,"[74, 78]",
546.0,Rest,Parte_2,3.0,0,
546.0,Note,Parte_3,1.0,45,
546.0,Rest,Parte_4,3.0,0,
547.0,Chord,Parte_1,0.5,"[71, 79]",
547.0,Note,Parte_3,0.5,57,
547.5,Chord,Parte_1,1.0,"[72, 76]",
547.5,Note,Parte_3,1.0,45,
548.5,Chord,Parte_1,0.5,"[73, 81]",
548.5,Note,Parte_3,0.5,57,
549.0,Chord,Parte_1,0.5,"[74, 78]",
549.0,Rest,Parte_2,3.0,0,
549.0,Note,Parte_3,0.5,45,
549.0,Rest,Parte_4,3.0,0,
549.5,Chord,Parte_1,0.5,"[71, 79]",
549.5,Note,Parte_3,0.5,57,
550.0,Chord,Parte_1,0.5,"[73, 76]",
550.0,Note,Parte_3,0.5,45,
550.5,Chord,Parte_1,0.5,"[69, 78]",
550.5,Note,Parte_3,0.5,57,
551.0,Chord,Parte_1,0.5,"[71, 74]",
551.0,Note,Parte_3,0.5,45,
551.5,Chord,Parte_1,0.5,"[67, 76]",
551.5,Note,Parte_3,0.5,57,
552.0,Chord,Parte_1,0.5,"[69, 73]",
552.0,Rest,Parte_2,3.0,0,
552.0,Note,Parte_3,0.5,33,
552.0,Rest,Parte_4,3.0,0,
552.5,Chord,Parte_1,0.5,"[66, 74]",
552.5,Note,Parte_3,0.5,45,
553.0,Chord,Parte_1,0.5,"[67, 71]",
553.0,Note,Parte_3,0.5,33,
553.5,Chord,Parte_1,0.5,"[64, 73]",
553.5,Note,Parte_3,0.5,45,
554.0,Chord,Parte_1,0.5,"[66, 69]",
554.0,Note,Parte_3,0.5,33,
554.5,Chord,Parte_1,0.5,"[62, 71]",
554.5,Note,Parte_3,0.5,45,
555.0,Chord,Parte_1,0.5,"[64, 67]",
555.0,Rest,Parte_2,3.0,0,
555.0,Note,Parte_3,0.5,33,
555.0,Rest,Parte_4,3.0,0,
555.5,Chord,Parte_1,0.5,"[61, 69]",
555.5,Note,Parte_3,0.5,45,
556.0,Chord,Parte_1,0.5,"[62, 66]",
556.0,Note,Parte_3,0.5,33,
556.5,Chord,Parte_1,0.5,"[59, 67]",
556.5,Note,Parte_3,0.5,45,
557.0,Chord,Parte_1,0.5,"[61, 64]",
557.0,Note,Parte_3,0.5,33,
557.5,Chord,Parte_1,0.5,"[57, 66]",
557.5,Note,Parte_3,0.5,45,
558.0,Chord,Parte_1,0.5,"[59, 62]",
558.0,Rest,Parte_2,3.0,0,
558.0,Note,Parte_3,0.5,33,
558.0,Rest,Parte_4,3.0,0,
558.5,Chord,Parte_1,0.5,"[55, 64]",
558.5,Note,Parte_3,0.5,45,
559.0,Chord,Parte_1,0.5,"[57, 61]",
559.0,Note,Parte_3,0.5,33,
559.5,Chord,Parte_1,0.5,"[54, 62]",
559.5,Note,Parte_3,0.5,45,
560.0,Chord,Parte_1,0.5,"[55, 59]",
560.0,Note,Parte_3,0.5,33,
560.5,Chord,Parte_1,0.5,"[52, 61]",
560.5,Note,Parte_3,0.5,45,
561.0,Rest,Parte_1,0.5,0,
561.0,Rest,Parte_2,3.0,0,
561.0,Note,Parte_3,0.25,33,
561.0,Rest,Parte_4,3.0,0,
561.25,Note,Parte_3,0.25,37,
561.5,Rest,Parte_1,0.25,0,
561.5,Note,Parte_3,0.25,40,
561.75,Note,Parte_1,0.25,45,
561.75,Note,Parte_3,0.25,43,
562.0,Note,Parte_1,0.25,49,
562.0,Rest,Parte_3,0.5,0,
562.25,Note,Parte_1,0.25,52,
562.5,Note,Parte_1,0.5,55,
562.5,Note,Parte_3,0.25,45,
562.75,Note,Parte_3,0.25,49,
563.0,Rest,Parte_1,0.25,0,
563.0,Note,Parte_3,0.25,52,
563.25,Note,Parte_1,0.25,57,
563.25,Note,Parte_3,0.25,57,
563.5,Note,Parte_1,0.25,61,
563.5,Rest,Parte_3,0.5,0,
563.75,Note,Parte_1,0.25,64,
564.0,Note,Parte_1,0.5,67,
564.0,Rest,Parte_2,3.0,0,
564.0,Rest,Parte_3,3.0,0,
564.0,Rest,Parte_4,3.0,0,
564.5,Rest,Parte_1,0.5,0,
565.0,Rest,Parte_1,0.5,0,
565.5,Rest,Parte_1,1.0,0,
566.5,Rest,Parte_1,0.5,0,
567.0,Rest,Parte_1,0.5,0,
567.0,Rest,Parte_2,3.0,0,
567.0,Note,Parte_3,0.25,45,
567.0,Rest,Parte_4,3.0,0,
567.25,Note,Parte_3,0.25,49,
567.5,Rest,Parte_1,0.25,0,
567.5,Note,Parte_3,0.25,52,
567.75,Note,Parte_1,0.25,57,
567.75,Note,Parte_3,0.25,55,
568.0,Note,Parte_1,0.25,61,
568.0,Rest,Parte_3,0.5,0,
568.25,Note,Parte_1,0.25,64,
568.5,Note,Parte_1,0.5,67,
568.5,Note,Parte_3,0.25,57,
568.75,Note,Parte_3,0.25,61,
569.0,Rest,Parte_1,0.25,0,
569.0,Note,Parte_3,0.25,64,
569.25,Note,Parte_1,0.25,69,
569.25,Note,Parte_3,0.25,67,
569.5,Note,Parte_1,0.25,73,
569.5,Rest,Parte_3,0.5,0,
569.75,Note,Parte_1,0.25,76,
570.0,Note,Parte_1,0.5,79,
570.0,Rest,Parte_2,3.0,0,
570.0,Rest,Parte_3,3.0,0,
570.0,Rest,Parte_4,3.0,0,
570.5,Rest,Parte_1,0.5,0,
571.0,Rest,Parte_1,0.5,0,
571.5,Rest,Parte_1,1.0,0,
572.5,Rest,Parte_1,0.5,0,
573.0,Rest,Parte_1,0.5,0,
573.0,Rest,Parte_2,3.0,0,
573.0,Note,Parte_3,0.25,57,
573.0,Rest,Parte_4,3.0,0,
573.25,Note,Parte_3,0.25,61,
573.5,Rest,Parte_1,0.25,0,
573.5,Note,Parte_3,0.25,64,
573.75,Note,Parte_1,0.25,69,
573.75,Note,Parte_3,0.25,67,
574.0,Note,Parte_1,0.25,73,
574.0,Rest,Parte_3,0.5,0,
574.25,Note,Parte_1,0.25,76,
574.5,Note,Parte_1,0.5,79,
574.5,Rest,Parte_3,1.0,0,
575.0,Rest,Parte_1,0.5,0,
575.5,Rest,Parte_1,0.5,0,
575.5,Rest,Parte_3,0.5,0,
576.0,Rest,Parte_1,0.5,0,
576.0,Rest,Parte_2,3.0,0,
576.0,Note,Parte_3,0.25,57,
576.0,Rest,Parte_4,3.0,0,
576.25,Note,Parte_3,0.25,61,
576.5,Rest,Parte_1,0.25,0,
576.5,Note,Parte_3,0.25,64,
576.75,Note,Parte_1,0.25,69,
576.75,Note,Parte_3,0.25,67,
577.0,Note,Parte_1,0.25,73,
577.0,Rest,Parte_3,0.5,0,
577.25,Note,Parte_1,0.25,76,
577.5,Note,Parte_1,1.0,79,
577.5,Rest,Parte_3,1.0,0,
578.5,Note,Parte_1,0.25,79,
578.5,Chord,Parte_3,0.5,"[45, 57]",
578.75,Note,Parte_1,0.25,78,
579.0,Note,Parte_1,0.25,77,
579.0,Rest,Parte_2,3.0,0,
579.0,Chord,Parte_3,1.0,"[38, 50]",
579.0,Rest,Parte_4,3.0,0,
579.25,Note,Parte_1,0.25,78,
579.5,Note,Parte_1,0.25,79,
579.75,Note,Parte_1,0.25,78,
580.0,Note,Parte_1,0.25,86,
580.0,Chord,Parte_3,0.5,"[45, 57]",
580.25,Note,Parte_1,0.25,78,
580.5,Note,Parte_1,0.25,81,
580.5,Chord,Parte_3,1.0,"[38, 50]",
580.75,Note,Parte_1,0.25,79,
581.0,Note,Parte_1,0.25,78,
581.25,Note,Parte_1,0.25,79,
581.5,Note,Parte_1,0.25,86,
581.5,Chord,Parte_3,0.5,"[47, 59]",
581.75,Note,Parte_1,0.25,79,
582.0,Note,Parte_1,0.25,81,
582.0,Rest,Parte_2,3.0,0,
582.0,Chord,Parte_3,1.0,"[38, 50]",
582.0,Rest,Parte_4,3.0,0,
582.25,Note,Parte_1,0.25,79,
582.5,Note,Parte_1,0.25,78,
582.75,Note,Parte_1,0.25,79,
583.0,Note,Parte_1,0.25,88,
583.0,Chord,Parte_3,0.5,"[49, 61]",
583.25,Note,Parte_1,0.25,79,
583.5,Note,Parte_1,0.25,79,
583.5,Chord,Parte_3,1.0,"[38, 50]",
583.75,Note,Parte_1,0.25,78,
584.0,Note,Parte_1,0.25,77,
584.25,Note,Parte_1,0.25,78,
584.5,Note,Parte_1,0.25,86,
584.5,Chord,Parte_3,0.5,"[50, 62]",
584.75,Note,Parte_1,0.25,78,
585.0,Note,Parte_1,0.25,76,
585.0,Rest,Parte_2,3.0,0,
585.0,Chord,Parte_3,1.0,"[38, 50]",
585.0,Rest,Parte_4,3.0,0,
585.25,Note,Parte_1,0.25,74,
585.5,Note,Parte_1,0.25,73,
585.75,Note,Parte_1,0.25,74,
586.0,Note,Parte_1,0.25,86,
586.0,Chord,Parte_3,0.5,"[42, 54]",
586.25,Note,Parte_1,0.25,74,
586.5,Note,Parte_1,0.25,73,
586.5,Chord,Parte_3,1.0,"[38, 50]",
586.75,Note,Parte_1,0.25,71,
587.0,Note,Parte_1,0.25,70,
587.25,Note,Parte_1,0.25,71,
587.5,Note,Parte_1,0.25,83,
587.5,Chord,Parte_3,0.5,"[43, 55]",
587.75,Note,Parte_1,0.25,71,
588.0,Note,Parte_1,0.25,69,
588.0,Rest,Parte_2,3.0,0,
588.0,Chord,Parte_3,1.0,"[38, 50]",
588.0,Rest,Parte_4,3.0,0,
588.25,Note,Parte_1,0.25,67,
588.5,Note,Parte_1,0.25,66,
588.75,Note,Parte_1,0.25,67,
589.0,Note,Parte_1,0.25,79,
589.0,Chord,Parte_3,0.5,"[45, 57]",
589.25,Note,Parte_1,0.25,67,
589.5,Note,Parte_1,0.25,66,
589.5,Chord,Parte_3,1.0,"[38, 50]",
589.75,Note,Parte_1,0.25,69,
590.0,Note,Parte_1,0.25,74,
590.25,Note,Parte_1,0.25,78,
590.5,Note,Parte_1,0.25,81,
590.5,Chord,Parte_3,0.5,"[50, 62]",
590.75,Note,Parte_1,0.25,79,
591.0,Note,Parte_1,0.25,79,
591.0,Rest,Parte_2,3.0,0,
591.0,Chord,Parte_3,1.0,"[38, 50]",
591.0,Rest,Parte_4,3.0,0,
591.25,Note,Parte_1,0.25,78,
591.5,Note,Parte_1,0.25,77,
591.75,Note,Parte_1,0.25,78,
592.0,Note,Parte_1,0.25,86,
592.0,Chord,Parte_3,0.5,"[45, 57]",
592.25,Note,Parte_1,0.25,78,
592.5,Note,Parte_1,0.25,81,
592.5,Chord,Parte_3,1.0,"[38, 50]",
592.75,Note,Parte_1,0.25,79,
593.0,Note,Parte_1,0.25,78,
593.25,Note,Parte_1,0.25,79,
593.5,Note,Parte_1,0.25,86,
593.5,Chord,Parte_3,0.5,"[47, 59]",
593.75,Note,Parte_1,0.25,79,
594.0,Note,Parte_1,0.25,81,
594.0,Rest,Parte_2,3.0,0,
594.0,Chord,Parte_3,1.0,"[38, 50]",
594.0,Rest,Parte_4,3.0,0,
594.25,Note,Parte_1,0.25,79,
594.5,Note,Parte_1,0.25,78,
594.75,Note,Parte_1,0.25,79,
595.0,Note,Parte_1,0.25,88,
595.0,Chord,Parte_3,0.5,"[49, 61]",
595.25,Note,Parte_1,0.25,79,
595.5,Note,Parte_1,0.25,79,
595.5,Chord,Parte_3,1.0,"[38, 50]",
595.75,Note,Parte_1,0.25,78,
596.0,Note,Parte_1,0.25,77,
596.25,Note,Parte_1,0.25,78,
596.5,Note,Parte_1,0.25,86,
596.5,Chord,Parte_3,0.5,"[50, 62]",
596.75,Note,Parte_1,0.25,78,
597.0,Note,Parte_1,0.25,76,
597.0,Rest,Parte_2,3.0,0,
597.0,Chord,Parte_3,1.0,"[38, 50]",
597.0,Rest,Parte_4,3.0,0,
597.25,Note,Parte_1,0.25,74,
597.5,Note,Parte_1,0.25,73,
597.75,Note,Parte_1,0.25,74,
598.0,Note,Parte_1,0.25,86,
598.0,Chord,Parte_3,0.5,"[42, 54]",
598.25,Note,Parte_1,0.25,74,
598.5,Note,Parte_1,0.25,73,
598.5,Chord,Parte_3,1.0,"[38, 50]",
598.75,Note,Parte_1,0.25,71,
599.0,Note,Parte_1,0.25,70,
599.25,Note,Parte_1,0.25,71,
599.5,Note,Parte_1,0.25,83,
599.5,Chord,Parte_3,0.5,"[43, 55]",
599.75,Note,Parte_1,0.25,71,
600.0,Note,Parte_1,0.25,69,
600.0,Rest,Parte_2,3.0,0,
600.0,Chord,Parte_3,1.0,"[38, 50]",
600.0,Rest,Parte_4,3.0,0,
600.25,Note,Parte_1,0.25,67,
600.5,Note,Parte_1,0.25,66,
600.75,Note,Parte_1,0.25,67,
601.0,Note,Parte_1,0.25,83,
601.0,Chord,Parte_3,0.5,"[45, 57]",
601.25,Note,Parte_1,0.25,67,
601.5,Note,Parte_1,0.25,66,
601.5,Chord,Parte_3,1.0,"[38, 50]",
601.75,Note,Parte_1,0.25,69,
602.0,Note,Parte_1,0.25,74,
602.25,Note,Parte_1,0.25,78,
602.5,Note,Parte_1,0.25,81,
602.5,Chord,Parte_3,0.5,"[50, 62]",
602.75,Note,Parte_1,0.25,78,
603.0,Note,Parte_1,0.25,76,
603.0,Rest,Parte_2,3.0,0,
603.0,Chord,Parte_3,1.0,"[38, 50]",
603.0,Rest,Parte_4,3.0,0,
603.25,Note,Parte_1,0.25,74,
603.5,Note,Parte_1,0.25,73,
603.75,Note,Parte_1,0.25,74,
604.0,Note,Parte_1,0.25,86,
604.0,Chord,Parte_3,0.5,"[42, 54]",
604.25,Note,Parte_1,0.25,74,
604.5,Note,Parte_1,0.25,73,
604.5,Chord,Parte_3,1.0,"[38, 50]",
604.75,Note,Parte_1,0.25,71,
605.0,Note,Parte_1,0.25,70,
605.25,Note,Parte_1,0.25,71,
605.5,Note,Parte_1,0.25,83,
605.5,Chord,Parte_3,0.5,"[43, 55]",
605.75,Note,Parte_1,0.25,71,
606.0,Note,Parte_1,0.25,69,
606.0,Rest,Parte_2,3.0,0,
606.0,Chord,Parte_3,1.0,"[38, 50]",
606.0,Rest,Parte_4,3.0,0,
606.25,Note,Parte_1,0.25,67,
606.5,Note,Parte_1,0.25,66,
606.75,Note,Parte_1,0.25,67,
607.0,Note,Parte_1,0.25,79,
607.0,Chord,Parte_3,0.5,"[45, 57]",
607.25,Note,Parte_1,0.25,67,
607.5,Note,Parte_1,0.25,66,
607.5,Chord,Parte_3,1.0,"[38, 50]",
607.75,Note,Parte_1,0.25,69,
608.0,Note,Parte_1,0.25,74,
608.25,Note,Parte_1,0.25,78,
608.5,Note,Parte_1,0.25,81,
608.5,Chord,Parte_3,0.5,"[50, 62]",
608.75,Note,Parte_1,0.25,78,
609.0,Note,Parte_1,0.25,76,
609.0,Rest,Parte_2,3.0,0,
609.0,Chord,Parte_3,1.0,"[38, 50]",
609.0,Rest,Parte_4,3.0,0,
609.25,Note,Parte_1,0.25,74,
609.5,Note,Parte_1,0.25,73,
609.75,Note,Parte_1,0.25,74,
610.0,Note,Parte_1,0.25,86,
610.0,Chord,Parte_3,0.5,"[42, 54]",
610.25,Note,Parte_1,0.25,74,
610.5,Note,Parte_1,0.25,73,
610.5,Chord,Parte_3,1.0,"[38, 50]",
610.75,Note,Parte_1,0.25,71,
611.0,Note,Parte_1,0.25,70,
611.25,Note,Parte_1,0.25,71,
611.5,Note,Parte_1,0.25,83,
611.5,Chord,Parte_3,0.5,"[43, 55]",
611.75,Note,Parte_1,0.25,71,
612.0,Note,Parte_1,0.25,69,
612.0,Rest,Parte_2,3.0,0,
612.0,Chord,Parte_3,1.0,"[38, 50]",
612.0,Rest,Parte_4,3.0,0,
612.25,Note,Parte_1,0.25,67,
612.5,Note,Parte_1,0.25,66,
612.75,Note,Parte_1,0.25,67,
613.0,Note,Parte_1,0.25,79,
613.0,Chord,Parte_3,0.5,"[45, 57]",
613.25,Note,Parte_1,0.25,67,
613.5,Note,Parte_1,0.25,66,
613.5,Chord,Parte_3,1.0,"[38, 50]",
613.75,Note,Parte_1,0.25,69,
614.0,Note,Parte_1,0.25,74,
614.25,Note,Parte_1,0.25,78,
614.5,Note,Parte_1,0.25,81,
614.5,Chord,Parte_3,0.5,"[50, 62]",
614.75,Note,Parte_1,0.25,66,
615.0,Note,Parte_1,0.25,69,
615.0,Rest,Parte_2,3.0,0,
615.0,Chord,Parte_3,1.0,"[38, 50]",
615.0,Rest,Parte_4,3.0,0,
615.25,Note,Parte_1,0.25,67,
615.5,Note,Parte_1,0.25,66,
615.75,Note,Parte_1,0.25,67,
616.0,Note,Parte_1,0.25,79,
616.0,Chord,Parte_3,0.5,"[45, 57]",
616.25,Note,Parte_1,0.25,67,
616.5,Note,Parte_1,0.25,66,
616.5,Chord,Parte_3,1.0,"[38, 50]",
616.75,Note,Parte_1,0.25,69,
617.0,Note,Parte_1,0.25,74,
617.25,Note,Parte_1,0.25,78,
617.5,Note,Parte_1,0.25,81,
617.5,Chord,Parte_3,0.5,"[50, 62]",
617.75,Note,Parte_1,0.25,66,
618.0,Note,Parte_1,0.25,69,
618.0,Rest,Parte_2,3.0,0,
618.0,Chord,Parte_3,1.0,"[38, 50]",
618.0,Rest,Parte_4,3.0,0,
618.25,Note,Parte_1,0.25,67,
618.5,Note,Parte_1,0.25,73,
618.75,Note,Parte_1,0.25,67,
619.0,Note,Parte_1,0.25,76,
619.0,Chord,Parte_3,0.5,"[45, 57]",
619.25,Note,Parte_1,0.25,73,
619.5,Note,Parte_1,0.25,79,
619.5,Chord,Parte_3,1.0,"[38, 50]",
619.75,Note,Parte_1,0.25,76,
620.0,Note,Parte_1,0.25,85,
620.25,Note,Parte_1,0.25,79,
620.5,Note,Parte_1,0.25,88,
620.5,Chord,Parte_3,0.5,"[45, 57]",
620.75,Note,Parte_1,0.25,85,
621.0,Note,Parte_1,0.25,86,
621.0,Rest,Parte_2,3.0,0,
621.0,Chord,Parte_3,1.0,"[38, 50]",
621.0,Rest,Parte_4,3.0,0,
621.25,Note,Parte_1,0.25,81,
621.5,Note,Parte_1,0.25,78,
621.75,Note,Parte_1,0.25,86,
622.0,Note,Parte_1,0.25,81,
622.0,Rest,Parte_3,0.5,0,
622.25,Note,Parte_1,0.25,78,
622.5,Note,Parte_1,0.25,74,
622.5,Note,Parte_3,0.25,62,
622.75,Note,Parte_1,0.25,81,
622.75,Note,Parte_3,0.25,69,
623.0,Note,Parte_1,0.25,78,
623.0,Note,Parte_3,0.25,66,
623.25,Note,Parte_1,0.25,74,
623.25,Note,Parte_3,0.25,62,
623.5,Note,Parte_1,0.25,69,
623.5,Note,Parte_3,0.25,57,
623.75,Note,Parte_1,0.25,78,
623.75,Note,Parte_3,0.25,66,
624.0,Note,Parte_1,0.25,74,
624.0,Rest,Parte_2,3.0,0,
624.0,Note,Parte_3,0.25,62,
624.0,Rest,Parte_4,3.0,0,
624.25,Note,Parte_1,0.25,69,
624.25,Note,Parte_3,0.25,57,
624.5,Note,Parte_1,0.25,66,
624.5,Note,Parte_3,0.25,54,
624.75,Note,Parte_1,0.25,74,
624.75,Note,Parte_3,0.25,62,
625.0,Note,Parte_1,0.25,69,
625.0,Note,Parte_3,0.25,57,
625.25,Note,Parte_1,0.25,66,
625.25,Note,Parte_3,0.25,54,
625.5,Note,Parte_1,0.25,62,
625.5,Note,Parte_3,0.25,50,
625.75,Note,Parte_1,0.25,69,
625.75,Note,Parte_3,0.25,57,
626.0,Note,Parte_1,0.25,66,
626.0,Note,Parte_3,0.25,54,
626.25,Note,Parte_1,0.25,62,
626.25,Note,Parte_3,0.25,50,
626.5,Note,Parte_1,0.25,57,
626.5,Note,Parte_3,0.25,45,
626.75,Note,Parte_1,0.25,54,
626.75,Note,Parte_3,0.25,42,
627.0,Rest,Parte_1,1.0,0,
627.0,Rest,Parte_2,3.0,0,
627.0,Note,Parte_3,1.0,50,
627.0,Rest,Parte_4,3.0,0,
628.0,Rest,Parte_1,0.5,0,
628.0,Rest,Parte_3,0.5,0,
628.5,Chord,Parte_1,1.0,"[67, 73, 79]",
628.5,Chord,Parte_3,1.0,"[57, 64]",
629.5,Rest,Parte_1,0.5,0,
629.5,Rest,Parte_3,0.5,0,
630.0,Chord,Parte_1,1.0,"[66, 74, 78]",
630.0,Rest,Parte_2,3.0,0,
630.0,Chord,Parte_3,1.0,"[50, 62]",
630.0,Rest,Parte_4,3.0,0,
631.0,Rest,Parte_1,0.5,0,
631.0,Rest,Parte_3,0.5,0,
631.5,Rest,Parte_1,1.0,0,
631.5,Rest,Parte_3,1.0,0,
632.5,Rest,Parte_1,0.5,0,
632.5,Rest,Parte_3,0.5,0,
