0.0,Tempo,80.0
0.0,Formula de Compasso,3/4
0.0,Note,Parte_1,0.75,74,
0.0,Rest,Parte_2,3.0,0,
0.0,Rest,Parte_3,3.0,0,
0.0,Chord,Parte_4,0.75,"[58, 62]",
0.0,Rest,Parte_5,3.0,0,
0.0,Rest,Parte_6,3.0,0,
0.75,Tempo,240.0
0.75,Chord,Parte_1,0.25,"[69, 77]",
0.75,Chord,Parte_4,0.25,"[53, 60]",
1.0,Rest,Parte_1,2.0,0,
1.0,Rest,Parte_4,2.0,0,
3.0,Chord,Parte_1,1.0,"[72, 77]",
3.0,Rest,Parte_2,3.0,0,
3.0,Rest,Parte_3,3.0,0,
3.0,Chord,Parte_4,1.0,"[57, 60]",
3.0,Rest,Parte_5,3.0,0,
3.0,Rest,Parte_6,3.0,0,
4.0,Chord,Parte_1,0.5,"[65, 74]",
4.0,Chord,Parte_4,0.5,"[58, 62]",
4.5,Rest,Parte_1,0.5,0,
4.5,Rest,Parte_4,0.5,0,
5.0,Note,Parte_1,0.75,70,
5.0,Chord,Parte_4,0.75,"[55, 58]",
5.75,Chord,Parte_1,0.25,"[66, 74]",
5.75,Chord,Parte_4,0.25,"[50, 57]",
6.0,Chord,Parte_1,1.0,"[69, 74]",
6.0,Rest,Parte_2,3.0,0,
6.0,Rest,Parte_3,3.0,0,
6.0,Chord,Parte_4,1.0,"[54, 57]",
6.0,Rest,Parte_5,3.0,0,
6.0,Rest,Parte_6,3.0,0,
7.0,Chord,Parte_1,0.5,"[62, 70]",
7.0,Chord,Parte_4,0.5,"[55, 58]",
7.5,Rest,Parte_1,0.5,0,
7.5,Rest,Parte_4,0.5,0,
8.0,Note,Parte_1,0.75,67,
8.0,Chord,Parte_4,0.75,"[51, 55]",
8.75,Chord,Parte_1,0.25,"[62, 70]",
8.75,Chord,Parte_4,0.25,"[46, 53]",
9.0,Chord,Parte_1,1.0,"[65, 70]",
9.0,Rest,Parte_2,3.0,0,
9.0,Rest,Parte_3,3.0,0,
9.0,Chord,Parte_4,1.0,"[50, 53]",
9.0,Rest,Parte_5,3.0,0,
9.0,Rest,Parte_6,3.0,0,
10.0,Chord,Parte_1,0.5,"[58, 67]",
10.0,Chord,Parte_4,0.5,"[51, 55]",
10.5,Rest,Parte_1,0.5,0,
10.5,Rest,Parte_4,0.5,0,
11.0,Chord,Parte_1,0.75,"[58, 67]",
11.0,Chord,Parte_4,0.75,"[51, 55]",
11.75,Chord,Parte_1,0.25,"[63, 69]",
11.75,Chord,Parte_4,0.25,"[48, 53]",
12.0,Chord,Parte_1,1.0,"[63, 69]",
12.0,Rest,Parte_2,2.0,0,
12.0,Rest,Parte_3,2.0,0,
12.0,Rest,Parte_4,2.0,0,
12.0,Chord,Parte_5,1.0,"[48, 53]",
12.0,Rest,Parte_6,2.0,0,
13.0,Chord,Parte_1,0.5,"[58, 70]",
13.0,Chord,Parte_5,0.5,"[50, 53]",
13.5,Rest,Parte_1,0.5,0,
13.5,Rest,Parte_5,0.5,0,
14.0,Note,Parte_1,0.75,70,
14.0,Note,Parte_2,1.0,65,
14.0,Rest,Parte_3,1.0,0,
14.0,Rest,Parte_4,1.0,0,
14.0,Note,Parte_5,1.0,53,
14.0,Note,Parte_6,0.75,50,
14.75,Note,Parte_1,0.25,72,
14.75,Note,Parte_6,0.25,45,
15.0,Note,Parte_1,1.0,72,
15.0,Note,Parte_2,1.0,65,
15.0,Rest,Parte_3,3.0,0,
15.0,Rest,Parte_4,1.5,0,
15.0,Chord,Parte_5,1.0,"[45, 53]",
15.0,Rest,Parte_6,3.0,0,
16.0,Note,Parte_1,0.5,74,
16.0,Note,Parte_2,0.5,65,
16.0,Chord,Parte_5,0.5,"[44, 53]",
16.5,Rest,Parte_1,0.5,0,
16.5,Rest,Parte_2,0.5,0,
16.5,Rest,Parte_4,0.5,0,
16.5,Rest,Parte_5,0.5,0,
17.0,Note,Parte_1,0.75,74,
17.0,Note,Parte_2,1.0,70,
17.0,Rest,Parte_4,1.0,0,
17.0,Chord,Parte_5,0.75,"[44, 53]",
17.75,Note,Parte_1,0.25,75,
17.75,Chord,Parte_5,0.25,"[41, 51]",
18.0,Note,Parte_1,1.0,75,
18.0,Note,Parte_2,1.0,70,
18.0,Rest,Parte_3,3.0,0,
18.0,Rest,Parte_4,1.5,0,
18.0,Chord,Parte_5,1.0,"[43, 51]",
18.0,Rest,Parte_6,3.0,0,
19.0,Chord,Parte_1,0.5,"[70, 73, 77]",
19.0,Note,Parte_2,0.5,65,
19.0,Chord,Parte_5,0.5,"[41, 49]",
19.5,Rest,Parte_1,0.5,0,
19.5,Rest,Parte_2,0.5,0,
19.5,Rest,Parte_4,0.5,0,
19.5,Rest,Parte_5,0.5,0,
20.0,Chord,Parte_1,0.5,"[72, 79]",
20.0,Chord,Parte_2,0.5,"[67, 70]",
20.0,Rest,Parte_4,0.5,0,
20.0,Chord,Parte_5,0.5,"[40, 48]",
20.5,Rest,Parte_1,0.5,0,
20.5,Rest,Parte_2,0.5,0,
20.5,Rest,Parte_4,0.5,0,
20.5,Rest,Parte_5,0.5,0,
21.0,Chord,Parte_1,0.5,"[60, 69, 72]",
21.0,Rest,Parte_2,3.0,0,
21.0,Rest,Parte_3,3.0,0,
21.0,Chord,Parte_4,0.5,"[41, 53]",
21.0,Rest,Parte_5,3.0,0,
21.0,Rest,Parte_6,3.0,0,
21.5,Rest,Parte_1,0.5,0,
21.5,Rest,Parte_4,0.5,0,
22.0,Rest,Parte_1,1.0,0,
22.0,Rest,Parte_4,1.0,0,
23.0,Note,Parte_1,0.75,86,
23.0,Chord,Parte_4,0.75,"[70, 74]",
23.75,Chord,Parte_1,0.25,"[81, 89]",
23.75,Chord,Parte_4,0.25,"[65, 72]",
24.0,Chord,Parte_1,1.0,"[84, 89]",
24.0,Rest,Parte_2,3.0,0,
24.0,Rest,Parte_3,3.0,0,
24.0,Chord,Parte_4,1.0,"[69, 72]",
24.0,Rest,Parte_5,3.0,0,
24.0,Rest,Parte_6,3.0,0,
25.0,Chord,Parte_1,0.5,"[77, 86]",
25.0,Chord,Parte_4,0.5,"[70, 74]",
25.5,Rest,Parte_1,0.5,0,
25.5,Rest,Parte_4,0.5,0,
26.0,Note,Parte_1,0.75,82,
26.0,Chord,Parte_4,0.75,"[67, 70]",
26.75,Chord,Parte_1,0.25,"[78, 86]",
26.75,Chord,Parte_4,0.25,"[62, 69]",
27.0,Chord,Parte_1,1.0,"[81, 86]",
27.0,Rest,Parte_2,3.0,0,
27.0,Rest,Parte_3,3.0,0,
27.0,Chord,Parte_4,1.0,"[66, 69]",
27.0,Rest,Parte_5,3.0,0,
27.0,Rest,Parte_6,3.0,0,
28.0,Chord,Parte_1,0.5,"[74, 82]",
28.0,Chord,Parte_4,0.5,"[67, 70]",
28.5,Rest,Parte_1,0.5,0,
28.5,Rest,Parte_4,0.5,0,
29.0,Note,Parte_1,0.75,79,
29.0,Chord,Parte_4,0.75,"[63, 67]",
29.75,Chord,Parte_1,0.25,"[74, 82]",
29.75,Chord,Parte_4,0.25,"[58, 65]",
30.0,Chord,Parte_1,1.0,"[77, 82]",
30.0,Rest,Parte_2,3.0,0,
30.0,Rest,Parte_3,3.0,0,
30.0,Chord,Parte_4,1.0,"[62, 65]",
30.0,Rest,Parte_5,3.0,0,
30.0,Rest,Parte_6,3.0,0,
31.0,Chord,Parte_1,0.5,"[70, 79]",
31.0,Chord,Parte_4,0.5,"[63, 67]",
31.5,Rest,Parte_1,0.5,0,
31.5,Rest,Parte_4,0.5,0,
32.0,Chord,Parte_1,0.75,"[70, 79]",
32.0,Chord,Parte_4,0.75,"[63, 67]",
32.75,Chord,Parte_1,0.25,"[75, 81]",
32.75,Chord,Parte_4,0.25,"[60, 65]",
33.0,Chord,Parte_1,1.0,"[75, 81]",
33.0,Rest,Parte_2,2.0,0,
33.0,Rest,Parte_3,2.0,0,
33.0,Rest,Parte_4,2.0,0,
33.0,Chord,Parte_5,1.0,"[60, 65]",
33.0,Rest,Parte_6,2.0,0,
34.0,Chord,Parte_1,0.5,"[70, 82]",
34.0,Chord,Parte_5,0.5,"[62, 65]",
34.5,Rest,Parte_1,0.5,0,
34.5,Rest,Parte_5,0.5,0,
35.0,Note,Parte_1,0.75,82,
35.0,Note,Parte_2,1.0,77,
35.0,Rest,Parte_3,1.0,0,
35.0,Rest,Parte_4,1.0,0,
35.0,Rest,Parte_5,1.0,0,
35.0,Note,Parte_6,0.75,74,
35.75,Note,Parte_1,0.25,84,
35.75,Chord,Parte_6,0.25,"[69, 72]",
36.0,Note,Parte_1,1.0,84,
36.0,Note,Parte_2,1.0,77,
36.0,Rest,Parte_3,2.0,0,
36.0,Rest,Parte_4,1.5,0,
36.0,Chord,Parte_5,1.0,"[69, 72]",
36.0,Rest,Parte_6,2.0,0,
37.0,Note,Parte_1,0.5,86,
37.0,Note,Parte_2,0.5,77,
37.0,Chord,Parte_5,0.5,"[68, 70]",
37.5,Rest,Parte_1,0.5,0,
37.5,Rest,Parte_2,0.5,0,
37.5,Rest,Parte_4,0.5,0,
37.5,Rest,Parte_5,0.5,0,
38.0,Note,Parte_1,0.75,87,
38.0,Note,Parte_2,1.0,82,
38.0,Rest,Parte_3,1.0,0,
38.0,Rest,Parte_4,1.0,0,
38.0,Note,Parte_5,1.0,70,
38.0,Note,Parte_6,0.75,67,
38.75,Note,Parte_1,0.25,88,
38.75,Note,Parte_6,0.25,66,
39.0,Chord,Parte_1,1.0,"[82, 88]",
39.0,Rest,Parte_2,3.0,0,
39.0,Rest,Parte_3,3.0,0,
39.0,Chord,Parte_4,1.0,"[66, 70]",
39.0,Rest,Parte_5,3.0,0,
39.0,Rest,Parte_6,3.0,0,
40.0,Chord,Parte_1,0.5,"[77, 81, 89]",
40.0,Chord,Parte_4,0.5,"[65, 72]",
40.5,Rest,Parte_1,0.5,0,
40.5,Rest,Parte_4,0.5,0,
41.0,Chord,Parte_1,0.5,"[79, 82, 88, 91]",
41.0,Chord,Parte_4,0.5,"[48, 60]",
41.5,Rest,Parte_1,0.5,0,
41.5,Rest,Parte_4,0.5,0,
42.0,Chord,Parte_1,0.5,"[77, 81, 89]",
42.0,Rest,Parte_2,3.0,0,
42.0,Rest,Parte_3,3.0,0,
42.0,Chord,Parte_4,0.5,"[53, 65]",
42.0,Rest,Parte_5,3.0,0,
42.0,Rest,Parte_6,3.0,0,
42.5,Rest,Parte_1,0.5,0,
42.5,Rest,Parte_4,0.5,0,
43.0,Rest,Parte_1,1.0,0,
43.0,Rest,Parte_4,1.0,0,
44.0,Chord,Parte_1,0.75,"[71, 74]",
44.0,Chord,Parte_4,1.0,"[53, 65]",start
44.75,Chord,Parte_1,0.25,"[74, 77]",
45.0,Chord,Parte_1,1.0,"[74, 77]",
45.0,Rest,Parte_2,3.0,0,
45.0,Rest,Parte_3,3.0,0,
45.0,Chord,Parte_4,2.0,"[53, 65]",stop
45.0,Rest,Parte_5,3.0,0,
45.0,Rest,Parte_6,3.0,0,
46.0,Chord,Parte_1,0.5,"[71, 74]",
46.5,Rest,Parte_1,0.5,0,
47.0,Chord,Parte_1,0.75,"[71, 74]",
47.0,Chord,Parte_4,1.0,"[41, 53]",start
47.75,Chord,Parte_1,0.25,"[75, 79]",
48.0,Chord,Parte_1,1.0,"[75, 79]",
48.0,Rest,Parte_2,3.0,0,
48.0,Rest,Parte_3,3.0,0,
48.0,Chord,Parte_4,2.0,"[41, 53]",stop
48.0,Rest,Parte_5,3.0,0,
48.0,Rest,Parte_6,3.0,0,
49.0,Chord,Parte_1,0.5,"[72, 75]",
49.5,Rest,Parte_1,0.5,0,
50.0,Chord,Parte_1,0.75,"[69, 72]",
50.0,Chord,Parte_4,1.0,"[41, 53]",start
50.75,Chord,Parte_1,0.25,"[72, 75]",
51.0,Chord,Parte_1,1.0,"[72, 75]",
51.0,Rest,Parte_2,3.0,0,
51.0,Rest,Parte_3,3.0,0,
51.0,Chord,Parte_4,2.0,"[41, 53]",stop
51.0,Rest,Parte_5,3.0,0,
51.0,Rest,Parte_6,3.0,0,
52.0,Chord,Parte_1,0.5,"[69, 72]",
52.5,Rest,Parte_1,0.5,0,
53.0,Chord,Parte_1,0.75,"[69, 72]",
53.0,Chord,Parte_4,1.0,"[29, 41]",start
53.75,Chord,Parte_1,0.25,"[73, 77]",
54.0,Chord,Parte_1,1.0,"[74, 77]",
54.0,Rest,Parte_2,3.0,0,
54.0,Rest,Parte_3,3.0,0,
54.0,Rest,Parte_4,2.0,0,
54.0,Chord,Parte_5,2.0,"[29, 41]",stop
54.0,Rest,Parte_6,3.0,0,
55.0,Chord,Parte_1,0.5,"[70, 74]",
55.5,Rest,Parte_1,0.5,0,
56.0,Rest,Parte_1,1.0,0,
56.0,Chord,Parte_4,0.75,"[57, 60]",
56.0,Chord,Parte_5,1.0,"[30, 42]",start
56.75,Chord,Parte_4,0.25,"[60, 63]",
57.0,Rest,Parte_1,3.0,0,
57.0,Rest,Parte_2,3.0,0,
57.0,Rest,Parte_3,3.0,0,
57.0,Chord,Parte_4,2.0,"[60, 63]",
57.0,Chord,Parte_5,1.0,"[30, 42]",stop
57.0,Rest,Parte_6,3.0,0,
58.0,Chord,Parte_5,2.0,"[31, 43]",
59.0,Chord,Parte_4,1.0,"[58, 62]",
60.0,Rest,Parte_1,3.0,0,
60.0,Rest,Parte_2,3.0,0,
60.0,Rest,Parte_3,3.0,0,
60.0,Chord,Parte_4,1.0,"[57, 60]",
60.0,Chord,Parte_5,1.0,"[33, 45]",
60.0,Rest,Parte_6,3.0,0,
61.0,Chord,Parte_4,1.0,"[55, 58]",
61.0,Chord,Parte_5,1.0,"[34, 46]",
62.0,Chord,Parte_4,1.0,"[53, 57]",start
62.0,Chord,Parte_5,1.0,"[35, 47]",
63.0,Rest,Parte_1,1.0,0,
63.0,Rest,Parte_2,3.0,0,
63.0,Rest,Parte_3,3.0,0,
63.0,Chord,Parte_4,1.0,"[53, 57]",stop
63.0,Chord,Parte_5,2.0,"[36, 48]",
63.0,Rest,Parte_6,3.0,0,
64.0,Rest,Parte_1,2.0,0,
64.0,Chord,Parte_4,1.0,"[52, 55]",
65.0,Chord,Parte_4,1.0,"[51, 55, 60]",start
65.0,Note,Parte_5,1.0,36,
66.0,Rest,Parte_1,2.0,0,
66.0,Rest,Parte_2,2.0,0,
66.0,Rest,Parte_3,3.0,0,
66.0,Chord,Parte_4,1.0,"[51, 60]",stop
66.0,Note,Parte_5,2.0,43,
66.0,Note,Parte_6,2.0,55,stop
67.0,Chord,Parte_4,1.0,"[50, 59]",
68.0,Rest,Parte_1,1.0,0,
68.0,Rest,Parte_2,1.0,0,
68.0,Rest,Parte_4,1.0,0,
68.0,Rest,Parte_5,1.0,0,
68.0,Rest,Parte_6,1.0,0,
69.0,Rest,Parte_1,1.0,0,
69.0,Rest,Parte_2,3.0,0,
69.0,Rest,Parte_3,3.0,0,
69.0,Rest,Parte_4,3.0,0,
69.0,Rest,Parte_5,3.0,0,
69.0,Rest,Parte_6,3.0,0,
70.0,Rest,Parte_1,1.0,0,
71.0,Note,Parte_1,0.75,59,
71.75,Note,Parte_1,0.25,62,
72.0,Note,Parte_1,1.0,62,
72.0,Rest,Parte_2,2.0,0,
72.0,Rest,Parte_3,2.0,0,
72.0,Rest,Parte_4,2.0,0,
72.0,Rest,Parte_5,1.0,0,
72.0,Rest,Parte_6,2.0,0,
73.0,Note,Parte_1,0.5,59,
73.0,Rest,Parte_5,1.0,0,
73.5,Rest,Parte_1,0.5,0,
74.0,Note,Parte_1,0.75,71,
74.0,Note,Parte_2,1.0,62,start
74.0,Rest,Parte_3,1.0,0,
74.0,Rest,Parte_4,1.0,0,
74.0,Note,Parte_5,1.0,55,start
74.0,Note,Parte_6,0.75,43,
74.75,Note,Parte_1,0.25,74,
74.75,Note,Parte_6,0.25,47,
75.0,Note,Parte_1,1.0,74,
75.0,Note,Parte_2,1.5,62,stop
75.0,Rest,Parte_3,2.0,0,
75.0,Rest,Parte_4,2.0,0,
75.0,Note,Parte_5,1.5,55,stop
75.0,Note,Parte_6,1.0,47,
76.0,Note,Parte_1,0.5,71,
76.0,Note,Parte_6,0.5,43,
76.5,Rest,Parte_1,0.5,0,
76.5,Rest,Parte_2,0.5,0,
76.5,Rest,Parte_5,0.5,0,
76.5,Rest,Parte_6,0.5,0,
77.0,Note,Parte_1,0.75,84,
77.0,Rest,Parte_2,1.0,0,
77.0,Rest,Parte_3,1.0,0,
77.0,Rest,Parte_4,1.0,0,
77.0,Note,Parte_5,0.75,72,
77.0,Rest,Parte_6,1.0,0,
77.75,Note,Parte_1,0.25,87,
77.75,Note,Parte_5,0.25,75,
78.0,Note,Parte_1,1.0,87,
78.0,Rest,Parte_2,3.0,0,
78.0,Rest,Parte_3,3.0,0,
78.0,Note,Parte_4,1.0,75,
78.0,Rest,Parte_5,3.0,0,
78.0,Rest,Parte_6,3.0,0,
79.0,Note,Parte_1,0.5,84,
79.0,Note,Parte_4,0.5,72,
79.5,Rest,Parte_1,0.5,0,
79.5,Rest,Parte_4,0.5,0,
80.0,Chord,Parte_1,0.75,"[62, 71]",
80.0,Chord,Parte_4,1.0,"[43, 55]",start
80.75,Chord,Parte_1,0.25,"[65, 74]",
81.0,Chord,Parte_1,1.0,"[65, 74]",
81.0,Rest,Parte_2,3.0,0,
81.0,Rest,Parte_3,3.0,0,
81.0,Chord,Parte_4,2.0,"[43, 55]",stop
81.0,Rest,Parte_5,3.0,0,
81.0,Rest,Parte_6,3.0,0,
82.0,Chord,Parte_1,0.5,"[62, 71]",
82.5,Rest,Parte_1,0.5,0,
83.0,Chord,Parte_1,0.75,"[62, 71]",
83.0,Chord,Parte_4,1.0,"[36, 48]",start
83.75,Chord,Parte_1,0.25,"[67, 75]",
84.0,Chord,Parte_1,1.0,"[67, 75]",
84.0,Rest,Parte_2,3.0,0,
84.0,Rest,Parte_3,3.0,0,
84.0,Chord,Parte_4,2.0,"[36, 48]",stop
84.0,Rest,Parte_5,3.0,0,
84.0,Rest,Parte_6,3.0,0,
85.0,Chord,Parte_1,0.5,"[63, 72]",
85.5,Rest,Parte_1,0.5,0,
86.0,Chord,Parte_1,0.75,"[69, 72]",
86.0,Chord,Parte_4,1.0,"[29, 41]",start
86.75,Chord,Parte_1,0.25,"[72, 81]",
87.0,Chord,Parte_1,1.0,"[72, 81]",
87.0,Rest,Parte_2,3.0,0,
87.0,Rest,Parte_3,3.0,0,
87.0,Chord,Parte_4,1.0,"[29, 41]",stop
87.0,Rest,Parte_5,3.0,0,
87.0,Rest,Parte_6,3.0,0,
88.0,Chord,Parte_1,0.5,"[69, 77]",
88.0,Chord,Parte_4,0.5,"[41, 53]",
88.5,Rest,Parte_1,0.5,0,
88.5,Rest,Parte_4,0.5,0,
89.0,Chord,Parte_1,0.5,"[70, 82]",
89.0,Chord,Parte_4,0.5,"[34, 46]",
89.5,Rest,Parte_1,0.5,0,
89.5,Rest,Parte_4,0.5,0,
90.0,Chord,Parte_1,0.5,"[70, 82]",
90.0,Rest,Parte_2,3.0,0,
90.0,Rest,Parte_3,3.0,0,
90.0,Chord,Parte_4,0.5,"[34, 46]",
90.0,Rest,Parte_5,3.0,0,
90.0,Rest,Parte_6,3.0,0,
90.5,Rest,Parte_1,0.5,0,
90.5,Rest,Parte_4,0.5,0,
91.0,Rest,Parte_1,1.0,0,
91.0,Rest,Parte_4,1.0,0,
92.0,Chord,Parte_1,0.75,"[83, 86]",
92.0,Chord,Parte_4,1.0,"[65, 77]",start
92.75,Chord,Parte_1,0.25,"[86, 89]",
93.0,Chord,Parte_1,1.0,"[86, 89]",
93.0,Rest,Parte_2,3.0,0,
93.0,Rest,Parte_3,3.0,0,
93.0,Chord,Parte_4,2.0,"[65, 77]",stop
93.0,Rest,Parte_5,3.0,0,
93.0,Rest,Parte_6,3.0,0,
94.0,Chord,Parte_1,0.5,"[83, 86]",
94.5,Rest,Parte_1,0.5,0,
95.0,Chord,Parte_1,0.75,"[83, 86]",
95.0,Chord,Parte_4,1.0,"[53, 65]",start
95.75,Chord,Parte_1,0.25,"[87, 91]",
96.0,Chord,Parte_1,1.0,"[87, 91]",
96.0,Rest,Parte_2,3.0,0,
96.0,Rest,Parte_3,3.0,0,
96.0,Chord,Parte_4,2.0,"[53, 65]",stop
96.0,Rest,Parte_5,3.0,0,
96.0,Rest,Parte_6,3.0,0,
97.0,Chord,Parte_1,0.5,"[84, 87]",
97.5,Rest,Parte_1,0.5,0,
98.0,Chord,Parte_1,0.75,"[81, 84]",
98.0,Chord,Parte_4,1.0,"[53, 65]",start
98.75,Chord,Parte_1,0.25,"[84, 87]",
99.0,Chord,Parte_1,1.0,"[84, 87]",
99.0,Rest,Parte_2,3.0,0,
99.0,Rest,Parte_3,3.0,0,
99.0,Chord,Parte_4,2.0,"[53, 65]",stop
99.0,Rest,Parte_5,3.0,0,
99.0,Rest,Parte_6,3.0,0,
100.0,Chord,Parte_1,0.5,"[81, 84]",
100.5,Rest,Parte_1,0.5,0,
101.0,Chord,Parte_1,0.75,"[81, 84]",
101.0,Chord,Parte_4,1.0,"[41, 53]",start
101.75,Chord,Parte_1,0.25,"[85, 89]",
102.0,Chord,Parte_1,1.0,"[86, 89]",
102.0,Rest,Parte_2,3.0,0,
102.0,Rest,Parte_3,3.0,0,
102.0,Chord,Parte_4,2.0,"[41, 53]",stop
102.0,Rest,Parte_5,3.0,0,
102.0,Rest,Parte_6,3.0,0,
103.0,Chord,Parte_1,0.5,"[82, 86]",
103.5,Rest,Parte_1,0.5,0,
104.0,Chord,Parte_1,0.75,"[69, 72]",
104.0,Chord,Parte_4,1.0,"[42, 54]",start
104.75,Chord,Parte_1,0.25,"[72, 75]",
105.0,Chord,Parte_1,2.0,"[72, 75]",
105.0,Rest,Parte_2,3.0,0,
105.0,Rest,Parte_3,3.0,0,
105.0,Chord,Parte_4,1.0,"[42, 54]",stop
105.0,Rest,Parte_5,3.0,0,
105.0,Rest,Parte_6,3.0,0,
106.0,Chord,Parte_4,1.0,"[54, 60, 63]",
107.0,Chord,Parte_1,1.0,"[70, 74]",
107.0,Chord,Parte_4,1.0,"[55, 58, 62]",
108.0,Chord,Parte_1,1.0,"[69, 72]",
108.0,Rest,Parte_2,3.0,0,
108.0,Rest,Parte_3,3.0,0,
108.0,Chord,Parte_4,1.0,"[57, 60]",
108.0,Rest,Parte_5,3.0,0,
108.0,Rest,Parte_6,3.0,0,
109.0,Chord,Parte_1,1.0,"[67, 70]",
109.0,Chord,Parte_4,1.0,"[46, 55, 58]",
110.0,Chord,Parte_1,1.0,"[65, 69]",start
110.0,Chord,Parte_4,1.0,"[47, 53, 57]",start
111.0,Chord,Parte_1,1.0,"[65, 69]",stop
111.0,Rest,Parte_2,3.0,0,
111.0,Rest,Parte_3,3.0,0,
111.0,Chord,Parte_4,1.0,"[53, 57]",stop
111.0,Note,Parte_5,2.0,48,
111.0,Rest,Parte_6,3.0,0,
112.0,Chord,Parte_1,1.0,"[64, 67]",
112.0,Chord,Parte_4,1.0,"[52, 55]",
113.0,Chord,Parte_1,1.0,"[63, 67, 72]",start
113.0,Chord,Parte_4,1.0,"[55, 60]",start
113.0,Note,Parte_5,1.0,51,
114.0,Chord,Parte_1,1.0,"[63, 72]",stop
114.0,Note,Parte_2,2.0,67,stop
114.0,Rest,Parte_3,3.0,0,
114.0,Note,Parte_4,1.0,60,stop
114.0,Note,Parte_5,2.0,55,
114.0,Rest,Parte_6,3.0,0,
115.0,Chord,Parte_1,1.0,"[62, 71]",
115.0,Note,Parte_4,1.0,59,
116.0,Rest,Parte_1,1.0,0,
116.0,Rest,Parte_2,1.0,0,
116.0,Rest,Parte_4,1.0,0,
116.0,Rest,Parte_5,1.0,0,
117.0,Rest,Parte_1,1.0,0,
117.0,Rest,Parte_2,3.0,0,
117.0,Rest,Parte_3,3.0,0,
117.0,Rest,Parte_4,3.0,0,
117.0,Rest,Parte_5,3.0,0,
117.0,Rest,Parte_6,3.0,0,
118.0,Rest,Parte_1,1.0,0,
119.0,Note,Parte_1,0.75,71,
119.75,Note,Parte_1,0.25,74,
120.0,Note,Parte_1,1.0,74,
120.0,Rest,Parte_2,2.0,0,
120.0,Rest,Parte_3,2.0,0,
120.0,Rest,Parte_4,2.0,0,
120.0,Rest,Parte_5,1.0,0,
120.0,Rest,Parte_6,2.0,0,
121.0,Note,Parte_1,0.5,71,
121.0,Rest,Parte_5,1.0,0,
121.5,Rest,Parte_1,0.5,0,
122.0,Note,Parte_1,0.75,83,
122.0,Note,Parte_2,1.0,74,start
122.0,Rest,Parte_3,1.0,0,
122.0,Rest,Parte_4,1.0,0,
122.0,Note,Parte_5,1.0,67,start
122.0,Note,Parte_6,0.75,55,
122.75,Note,Parte_1,0.25,86,
122.75,Note,Parte_6,0.25,59,
123.0,Note,Parte_1,1.0,86,
123.0,Note,Parte_2,1.5,74,stop
123.0,Rest,Parte_3,2.0,0,
123.0,Rest,Parte_4,2.0,0,
123.0,Note,Parte_5,1.5,67,stop
123.0,Note,Parte_6,1.0,59,
124.0,Note,Parte_1,0.5,83,
124.0,Note,Parte_6,0.5,55,
124.5,Rest,Parte_1,0.5,0,
124.5,Rest,Parte_2,0.5,0,
124.5,Rest,Parte_5,0.5,0,
124.5,Rest,Parte_6,0.5,0,
125.0,Note,Parte_1,0.75,72,
125.0,Rest,Parte_2,1.0,0,
125.0,Rest,Parte_3,1.0,0,
125.0,Rest,Parte_4,1.0,0,
125.0,Note,Parte_5,0.75,60,
125.0,Rest,Parte_6,1.0,0,
125.75,Note,Parte_1,0.25,75,
125.75,Note,Parte_5,0.25,63,
126.0,Note,Parte_1,1.0,75,
126.0,Rest,Parte_2,3.0,0,
126.0,Rest,Parte_3,3.0,0,
126.0,Note,Parte_4,1.0,63,
126.0,Rest,Parte_5,3.0,0,
126.0,Rest,Parte_6,3.0,0,
127.0,Note,Parte_1,0.5,72,
127.0,Note,Parte_4,0.5,60,
127.5,Rest,Parte_1,0.5,0,
127.5,Rest,Parte_4,0.5,0,
128.0,Chord,Parte_1,0.75,"[74, 83]",
128.0,Chord,Parte_4,1.0,"[55, 67]",start
128.75,Chord,Parte_1,0.25,"[77, 86]",
129.0,Chord,Parte_1,1.0,"[77, 86]",
129.0,Rest,Parte_2,3.0,0,
129.0,Rest,Parte_3,3.0,0,
129.0,Chord,Parte_4,2.0,"[55, 67]",stop
129.0,Rest,Parte_5,3.0,0,
129.0,Rest,Parte_6,3.0,0,
130.0,Chord,Parte_1,0.5,"[74, 83]",
130.5,Rest,Parte_1,0.5,0,
131.0,Chord,Parte_1,0.75,"[74, 83]",
131.0,Chord,Parte_4,1.0,"[48, 60]",start
131.75,Chord,Parte_1,0.25,"[79, 87]",
132.0,Chord,Parte_1,1.0,"[79, 87]",
132.0,Rest,Parte_2,3.0,0,
132.0,Rest,Parte_3,3.0,0,
132.0,Chord,Parte_4,2.0,"[48, 60]",stop
132.0,Rest,Parte_5,3.0,0,
132.0,Rest,Parte_6,3.0,0,
133.0,Chord,Parte_1,0.5,"[75, 84]",
133.5,Rest,Parte_1,0.5,0,
134.0,Chord,Parte_1,0.75,"[81, 84]",
134.0,Chord,Parte_4,1.0,"[41, 53]",start
134.75,Chord,Parte_1,0.25,"[84, 93]",
135.0,Chord,Parte_1,1.0,"[84, 93]",
135.0,Rest,Parte_2,3.0,0,
135.0,Rest,Parte_3,3.0,0,
135.0,Chord,Parte_4,2.0,"[41, 53]",stop
135.0,Rest,Parte_5,3.0,0,
135.0,Rest,Parte_6,3.0,0,
136.0,Chord,Parte_1,0.5,"[81, 89]",
136.5,Rest,Parte_1,0.5,0,
137.0,Chord,Parte_1,0.5,"[82, 94]",
137.0,Chord,Parte_4,0.5,"[34, 46]",
137.5,Rest,Parte_1,0.5,0,
137.5,Rest,Parte_4,0.5,0,
138.0,Chord,Parte_1,0.5,"[82, 94]",
138.0,Rest,Parte_2,3.0,0,
138.0,Rest,Parte_3,3.0,0,
138.0,Chord,Parte_4,0.5,"[34, 46]",
138.0,Rest,Parte_5,3.0,0,
138.0,Rest,Parte_6,3.0,0,
138.5,Rest,Parte_1,0.5,0,
138.5,Rest,Parte_4,0.5,0,
139.0,Rest,Parte_1,1.0,0,
139.0,Rest,Parte_4,1.0,0,
140.0,Rest,Parte_1,1.0,0,
140.0,Rest,Parte_4,1.0,0,
141.0,Chord,Parte_1,1.0,"[73, 85]",start
141.0,Rest,Parte_2,3.0,0,
141.0,Rest,Parte_3,3.0,0,
141.0,Chord,Parte_4,0.5,"[34, 46]",
141.0,Rest,Parte_5,3.0,0,
141.0,Rest,Parte_6,3.0,0,
141.5,Rest,Parte_4,0.5,0,
142.0,Rest,Parte_1,2.0,0,
142.0,Rest,Parte_4,2.0,0,
144.0,Chord,Parte_1,1.0,"[73, 85]",stop
144.0,Rest,Parte_2,3.0,0,
144.0,Rest,Parte_3,3.0,0,
144.0,Chord,Parte_4,0.5,"[34, 46]",
144.0,Rest,Parte_5,3.0,0,
144.0,Rest,Parte_6,3.0,0,
144.5,Rest,Parte_4,0.5,0,
145.0,Chord,Parte_1,1.0,"[77, 89]",
145.0,Rest,Parte_4,1.0,0,
146.0,Chord,Parte_1,1.0,"[73, 85]",start
146.0,Tuplet 3:2,Parte_4,"[['Note', 0.5, 34, None], ['Note', 0.5, 41, None], ['Note', 0.5, 49, None]]"
147.0,Chord,Parte_1,1.0,"[73, 85]",stop
147.0,Rest,Parte_2,3.0,0,
147.0,Rest,Parte_3,3.0,0,
147.0,Tuplet 3:2,Parte_4,"[['Note', 0.5, 34, None], ['Note', 0.5, 41, None], ['Note', 0.5, 49, None]]"
147.0,Rest,Parte_5,3.0,0,
147.0,Rest,Parte_6,3.0,0,
148.0,Chord,Parte_1,1.0,"[70, 82]",
148.0,Tuplet 3:2,Parte_4,"[['Note', 0.5, 34, None], ['Note', 0.5, 41, None], ['Note', 0.5, 49, None]]"
149.0,Chord,Parte_1,1.0,"[65, 77]",
149.0,Tuplet 3:2,Parte_4,"[['Note', 0.5, 34, None], ['Note', 0.5, 41, None], ['Note', 0.5, 49, None]]"
150.0,Chord,Parte_1,2.0,"[70, 82]",
150.0,Rest,Parte_2,3.0,0,
150.0,Rest,Parte_3,3.0,0,
150.0,Tuplet 3:2,Parte_4,"[['Note', 0.5, 34, None], ['Note', 0.5, 41, None], ['Note', 0.5, 49, None]]"
150.0,Rest,Parte_5,3.0,0,
150.0,Rest,Parte_6,3.0,0,
151.0,Tuplet 3:2,Parte_4,"[['Note', 0.5, 34, None], ['Note', 0.5, 41, None], ['Note', 0.5, 49, None]]"
152.0,Chord,Parte_1,1.0,"[73, 85]",
152.0,Tuplet 3:2,Parte_4,"[['Note', 0.5, 34, None], ['Note', 0.5, 41, None], ['Note', 0.5, 49, None]]"
153.0,Chord,Parte_1,2.0,"[77, 89]",
153.0,Rest,Parte_2,3.0,0,
153.0,Rest,Parte_3,3.0,0,
153.0,Tuplet 3:2,Parte_4,"[['Note', 0.5, 34, None], ['Note', 0.5, 41, None], ['Note', 0.5, 49, None]]"
153.0,Rest,Parte_5,3.0,0,
153.0,Rest,Parte_6,3.0,0,
154.0,Tuplet 3:2,Parte_4,"[['Note', 0.5, 34, None], ['Note', 0.5, 41, None], ['Note', 0.5, 49, None]]"
155.0,Chord,Parte_1,1.0,"[73, 85]",
155.0,Tuplet 3:2,Parte_4,"[['Note', 0.5, 34, None], ['Note', 0.5, 41, None], ['Note', 0.5, 49, None]]"
156.0,Chord,Parte_1,2.0,"[70, 82]",
156.0,Rest,Parte_2,3.0,0,
156.0,Rest,Parte_3,3.0,0,
156.0,Tuplet 3:2,Parte_4,"[['Note', 0.5, 34, None], ['Note', 0.5, 41, None], ['Note', 0.5, 49, None]]"
156.0,Rest,Parte_5,3.0,0,
156.0,Rest,Parte_6,3.0,0,
157.0,Tuplet 3:2,Parte_4,"[['Note', 0.5, 34, None], ['Note', 0.5, 41, None], ['Note', 0.5, 49, None]]"
158.0,Chord,Parte_1,1.0,"[65, 77]",
158.0,Tuplet 3:2,Parte_4,"[['Note', 0.5, 34, None], ['Note', 0.5, 41, None], ['Note', 0.5, 49, None]]"
159.0,Chord,Parte_1,2.0,"[70, 82]",
159.0,Rest,Parte_2,3.0,0,
159.0,Rest,Parte_3,3.0,0,
159.0,Tuplet 3:2,Parte_4,"[['Note', 0.5, 34, None], ['Note', 0.5, 41, None], ['Note', 0.5, 49, None]]"
159.0,Rest,Parte_5,3.0,0,
159.0,Rest,Parte_6,3.0,0,
160.0,Tuplet 3:2,Parte_4,"[['Note', 0.5, 34, None], ['Note', 0.5, 41, None], ['Note', 0.5, 49, None]]"
161.0,Chord,Parte_1,1.0,"[73, 85]",
161.0,Tuplet 3:2,Parte_4,"[['Note', 0.5, 32, None], ['Note', 0.5, 41, None], ['Note', 0.5, 49, None]]"
162.0,Chord,Parte_1,2.0,"[77, 89]",
162.0,Rest,Parte_2,3.0,0,
162.0,Rest,Parte_3,3.0,0,
162.0,Tuplet 3:2,Parte_4,"[['Note', 0.5, 32, None], ['Note', 0.5, 41, None], ['Note', 0.5, 49, None]]"
162.0,Rest,Parte_5,3.0,0,
162.0,Rest,Parte_6,3.0,0,
163.0,Tuplet 3:2,Parte_4,"[['Note', 0.5, 32, None], ['Note', 0.5, 41, None], ['Note', 0.5, 49, None]]"
164.0,Chord,Parte_1,1.0,"[80, 92]",
164.0,Tuplet 3:2,Parte_4,"[['Note', 0.5, 37, None], ['Note', 0.5, 41, None], ['Note', 0.5, 49, None]]"
165.0,Chord,Parte_1,1.0,"[73, 85]",
165.0,Rest,Parte_2,3.0,0,
165.0,Rest,Parte_3,3.0,0,
165.0,Tuplet 3:2,Parte_4,"[['Note', 0.5, 37, None], ['Note', 0.5, 41, None], ['Note', 0.5, 49, None]]"
165.0,Rest,Parte_5,3.0,0,
165.0,Rest,Parte_6,3.0,0,
166.0,Rest,Parte_1,1.0,0,
166.0,Tuplet 3:2,Parte_4,"[['Note', 0.5, 37, None], ['Note', 0.5, 41, None], ['Note', 0.5, 49, None]]"
167.0,Chord,Parte_1,0.5,"[70, 82]",
167.0,Chord,Parte_4,1.0,"[37, 49]",start
167.5,Rest,Parte_1,0.5,0,
168.0,Chord,Parte_1,0.5,"[70, 82]",
168.0,Rest,Parte_2,3.0,0,
168.0,Rest,Parte_3,3.0,0,
168.0,Chord,Parte_4,1.0,"[37, 49]",stop
168.0,Rest,Parte_5,3.0,0,
168.0,Rest,Parte_6,3.0,0,
168.5,Rest,Parte_1,0.5,0,
169.0,Rest,Parte_1,1.0,0,
169.0,Chord,Parte_4,1.0,"[41, 53]",
170.0,Tuplet 3:2,Parte_1,"[['Note', 0.5, 73, None], ['Note', 0.5, 70, None], ['Note', 0.5, 65, None]]"
170.0,Chord,Parte_4,1.0,"[37, 49]",start
171.0,Tuplet 3:2,Parte_1,"[['Note', 0.5, 73, None], ['Note', 0.5, 70, None], ['Note', 0.5, 65, None], ['Note', 0.5, 77, None], ['Note', 0.5, 73, None], ['Note', 0.5, 70, None], ['Note', 0.5, 73, None], ['Note', 0.5, 70, None], ['Note', 0.5, 65, None]]"
171.0,Rest,Parte_2,3.0,0,
171.0,Rest,Parte_3,3.0,0,
171.0,Chord,Parte_4,1.0,"[37, 49]",stop
171.0,Rest,Parte_5,3.0,0,
171.0,Rest,Parte_6,3.0,0,
172.0,Chord,Parte_4,1.0,"[34, 46]",
173.0,Chord,Parte_4,1.0,"[29, 41]",
174.0,Tuplet 3:2,Parte_1,"[['Note', 0.5, 73, None], ['Note', 0.5, 70, None], ['Note', 0.5, 65, None], ['Note', 0.5, 70, None], ['Note', 0.5, 65, None], ['Note', 0.5, 61, None], ['Note', 0.5, 65, None], ['Note', 0.5, 61, None], ['Note', 0.5, 58, None]]"
174.0,Rest,Parte_2,3.0,0,
174.0,Rest,Parte_3,3.0,0,
174.0,Chord,Parte_4,2.0,"[34, 46]",
174.0,Rest,Parte_5,3.0,0,
174.0,Rest,Parte_6,3.0,0,
176.0,Chord,Parte_4,1.0,"[37, 49]",
177.0,Tuplet 3:2,Parte_1,"[['Chord', 0.5, [61, 70], None], ['Note', 0.5, 58, None], ['Note', 0.5, 61, None], ['Note', 0.5, 70, None], ['Note', 0.5, 61, None], ['Note', 0.5, 58, None], ['Chord', 0.5, [65, 73], None], ['Note', 0.5, 61, None], ['Note', 0.5, 65, None]]"
177.0,Rest,Parte_2,3.0,0,
177.0,Rest,Parte_3,3.0,0,
177.0,Chord,Parte_4,2.0,"[41, 53]",
177.0,Rest,Parte_5,3.0,0,
177.0,Rest,Parte_6,3.0,0,
179.0,Chord,Parte_4,1.0,"[37, 49]",
180.0,Tuplet 3:2,Parte_1,"[['Note', 0.5, 77, None], ['Note', 0.5, 73, None], ['Note', 0.5, 70, None], ['Note', 0.5, 77, None], ['Note', 0.5, 73, None], ['Note', 0.5, 70, None], ['Note', 0.5, 73, None], ['Note', 0.5, 70, None], ['Note', 0.5, 65, None]]"
180.0,Rest,Parte_2,3.0,0,
180.0,Rest,Parte_3,3.0,0,
180.0,Chord,Parte_4,2.0,"[34, 46]",
180.0,Rest,Parte_5,3.0,0,
180.0,Rest,Parte_6,3.0,0,
182.0,Chord,Parte_4,1.0,"[29, 41]",
183.0,Tuplet 3:2,Parte_1,"[['Note', 0.5, 70, None], ['Note', 0.5, 65, None], ['Note', 0.5, 61, None], ['Note', 0.5, 70, None], ['Note', 0.5, 65, None], ['Note', 0.5, 61, None], ['Note', 0.5, 65, None], ['Note', 0.5, 61, None], ['Note', 0.5, 58, None]]"
183.0,Rest,Parte_2,3.0,0,
183.0,Rest,Parte_3,3.0,0,
183.0,Chord,Parte_4,2.0,"[34, 46]",
183.0,Rest,Parte_5,3.0,0,
183.0,Rest,Parte_6,3.0,0,
185.0,Chord,Parte_4,1.0,"[37, 49]",
186.0,Tuplet 3:2,Parte_1,"[['Chord', 0.5, [61, 68], None], ['Note', 0.5, 56, None], ['Note', 0.5, 61, None], ['Note', 0.5, 68, None], ['Note', 0.5, 65, None], ['Note', 0.5, 61, None], ['Chord', 0.5, [65, 73], None], ['Note', 0.5, 61, None], ['Note', 0.5, 65, None]]"
186.0,Rest,Parte_2,3.0,0,
186.0,Rest,Parte_3,3.0,0,
186.0,Chord,Parte_4,2.0,"[41, 53]",
186.0,Rest,Parte_5,3.0,0,
186.0,Rest,Parte_6,3.0,0,
188.0,Chord,Parte_4,1.0,"[44, 56]",
189.0,Tuplet 3:2,Parte_1,"[['Note', 0.5, 77, None], ['Note', 0.5, 73, None], ['Note', 0.5, 68, None], ['Note', 0.5, 77, None], ['Note', 0.5, 73, None], ['Note', 0.5, 68, None], ['Note', 0.5, 80, None], ['Note', 0.5, 77, None], ['Note', 0.5, 73, None]]"
189.0,Rest,Parte_2,3.0,0,
189.0,Rest,Parte_3,3.0,0,
189.0,Chord,Parte_4,1.0,"[37, 49]",
189.0,Rest,Parte_5,3.0,0,
189.0,Rest,Parte_6,3.0,0,
190.0,Rest,Parte_4,1.0,0,
191.0,Chord,Parte_4,0.5,"[37, 49]",
191.5,Rest,Parte_4,0.5,0,
192.0,Chord,Parte_1,1.0,"[65, 73]",
192.0,Rest,Parte_2,3.0,0,
192.0,Rest,Parte_3,3.0,0,
192.0,Chord,Parte_4,0.5,"[37, 49]",
192.0,Rest,Parte_5,3.0,0,
192.0,Rest,Parte_6,3.0,0,
192.5,Rest,Parte_4,0.5,0,
193.0,Rest,Parte_1,1.0,0,
193.0,Tuplet 3:2,Parte_4,"[['Note', 0.5, 37, None], ['Note', 0.5, 41, None], ['Note', 0.5, 49, None]]"
194.0,Chord,Parte_1,1.0,"[77, 89]",start
194.0,Tuplet 3:2,Parte_4,"[['Note', 0.5, 37, None], ['Note', 0.5, 41, None], ['Note', 0.5, 49, None]]"
195.0,Chord,Parte_1,1.0,"[77, 89]",stop
195.0,Rest,Parte_2,3.0,0,
195.0,Rest,Parte_3,3.0,0,
195.0,Tuplet 3:2,Parte_4,"[['Note', 0.5, 37, None], ['Note', 0.5, 41, None], ['Note', 0.5, 49, None]]"
195.0,Rest,Parte_5,3.0,0,
195.0,Rest,Parte_6,3.0,0,
196.0,Chord,Parte_1,1.0,"[80, 92]",
196.0,Tuplet 3:2,Parte_4,"[['Note', 0.5, 37, None], ['Note', 0.5, 41, None], ['Note', 0.5, 49, None]]"
197.0,Chord,Parte_1,1.0,"[77, 89]",start
197.0,Tuplet 3:2,Parte_4,"[['Note', 0.5, 37, None], ['Note', 0.5, 41, None], ['Note', 0.5, 49, None]]"
198.0,Chord,Parte_1,1.0,"[77, 89]",stop
198.0,Rest,Parte_2,3.0,0,
198.0,Rest,Parte_3,3.0,0,
198.0,Tuplet 3:2,Parte_4,"[['Note', 0.5, 37, None], ['Note', 0.5, 41, None], ['Note', 0.5, 49, None]]"
198.0,Rest,Parte_5,3.0,0,
198.0,Rest,Parte_6,3.0,0,
199.0,Chord,Parte_1,1.0,"[73, 85]",
199.0,Tuplet 3:2,Parte_4,"[['Note', 0.5, 37, None], ['Note', 0.5, 41, None], ['Note', 0.5, 49, None]]"
200.0,Chord,Parte_1,1.0,"[68, 80]",
200.0,Tuplet 3:2,Parte_4,"[['Note', 0.5, 37, None], ['Note', 0.5, 41, None], ['Note', 0.5, 49, None]]"
201.0,Chord,Parte_1,2.0,"[73, 85]",
201.0,Rest,Parte_2,3.0,0,
201.0,Rest,Parte_3,3.0,0,
201.0,Tuplet 3:2,Parte_4,"[['Note', 0.5, 37, None], ['Note', 0.5, 41, None], ['Note', 0.5, 49, None]]"
201.0,Rest,Parte_5,3.0,0,
201.0,Rest,Parte_6,3.0,0,
202.0,Tuplet 3:2,Parte_4,"[['Note', 0.5, 37, None], ['Note', 0.5, 41, None], ['Note', 0.5, 49, None]]"
203.0,Chord,Parte_1,1.0,"[77, 89]",
203.0,Tuplet 3:2,Parte_4,"[['Note', 0.5, 32, None], ['Note', 0.5, 41, None], ['Note', 0.5, 49, None]]"
204.0,Chord,Parte_1,2.0,"[80, 92]",
204.0,Rest,Parte_2,3.0,0,
204.0,Rest,Parte_3,3.0,0,
204.0,Tuplet 3:2,Parte_4,"[['Note', 0.5, 32, None], ['Note', 0.5, 41, None], ['Note', 0.5, 49, None]]"
204.0,Rest,Parte_5,3.0,0,
204.0,Rest,Parte_6,3.0,0,
205.0,Tuplet 3:2,Parte_4,"[['Note', 0.5, 32, None], ['Note', 0.5, 41, None], ['Note', 0.5, 49, None]]"
206.0,Chord,Parte_1,1.0,"[77, 89]",
206.0,Tuplet 3:2,Parte_4,"[['Note', 0.5, 32, None], ['Note', 0.5, 41, None], ['Note', 0.5, 49, None]]"
207.0,Chord,Parte_1,2.0,"[73, 85]",
207.0,Rest,Parte_2,3.0,0,
207.0,Rest,Parte_3,3.0,0,
207.0,Tuplet 3:2,Parte_4,"[['Note', 0.5, 34, None], ['Note', 0.5, 41, None], ['Note', 0.5, 49, None]]"
207.0,Rest,Parte_5,3.0,0,
207.0,Rest,Parte_6,3.0,0,
208.0,Tuplet 3:2,Parte_4,"[['Note', 0.5, 34, None], ['Note', 0.5, 41, None], ['Note', 0.5, 49, None]]"
209.0,Chord,Parte_1,1.0,"[70, 82]",
209.0,Tuplet 3:2,Parte_4,"[['Note', 0.5, 34, None], ['Note', 0.5, 41, None], ['Note', 0.5, 49, None]]"
210.0,Chord,Parte_1,2.0,"[65, 77]",
210.0,Rest,Parte_2,3.0,0,
210.0,Rest,Parte_3,3.0,0,
210.0,Tuplet 3:2,Parte_4,"[['Note', 0.5, 34, None], ['Note', 0.5, 41, None], ['Note', 0.5, 49, None]]"
210.0,Rest,Parte_5,3.0,0,
210.0,Rest,Parte_6,3.0,0,
211.0,Tuplet 3:2,Parte_4,"[['Note', 0.5, 34, None], ['Note', 0.5, 41, None], ['Note', 0.5, 49, None]]"
212.0,Chord,Parte_1,1.0,"[70, 82]",
212.0,Tuplet 3:2,Parte_4,"[['Note', 0.5, 34, None], ['Note', 0.5, 41, None], ['Note', 0.5, 49, None]]"
213.0,Chord,Parte_1,2.0,"[73, 85]",
213.0,Rest,Parte_2,3.0,0,
213.0,Rest,Parte_3,3.0,0,
213.0,Tuplet 3:2,Parte_4,"[['Note', 0.5, 29, None], ['Note', 0.5, 41, None], ['Note', 0.5, 49, None]]"
213.0,Rest,Parte_5,3.0,0,
213.0,Rest,Parte_6,3.0,0,
214.0,Tuplet 3:2,Parte_4,"[['Note', 0.5, 29, None], ['Note', 0.5, 41, None], ['Note', 0.5, 49, None]]"
215.0,Chord,Parte_1,1.0,"[77, 89]",
215.0,Tuplet 3:2,Parte_4,"[['Note', 0.5, 29, None], ['Note', 0.5, 41, None], ['Note', 0.5, 49, None]]"
216.0,Chord,Parte_1,1.0,"[70, 82]",
216.0,Rest,Parte_2,3.0,0,
216.0,Rest,Parte_3,3.0,0,
216.0,Tuplet 3:2,Parte_4,"[['Note', 0.5, 34, None], ['Note', 0.5, 41, None], ['Note', 0.5, 49, None]]"
216.0,Rest,Parte_5,3.0,0,
216.0,Rest,Parte_6,3.0,0,
217.0,Rest,Parte_1,1.0,0,
217.0,Note,Parte_4,1.0,34,
218.0,Chord,Parte_1,0.5,"[61, 73]",
218.0,Chord,Parte_4,1.0,"[41, 53]",start
218.5,Rest,Parte_1,0.5,0,
219.0,Chord,Parte_1,0.5,"[61, 73]",
219.0,Rest,Parte_2,2.0,0,
219.0,Rest,Parte_3,3.0,0,
219.0,Rest,Parte_4,2.0,0,
219.0,Chord,Parte_5,1.0,"[41, 53]",stop
219.0,Rest,Parte_6,3.0,0,
219.5,Rest,Parte_1,0.5,0,
220.0,Tuplet 3:2,Parte_1,"[['Note', 0.5, 61, None], ['Note', 0.5, 65, None], ['Note', 0.5, 73, None]]"
220.0,Chord,Parte_5,1.0,"[44, 56]",
221.0,Note,Parte_1,1.0,77,
221.0,Tuplet 3:2,Parte_2,"[['Note', 0.5, 77, None], ['Note', 0.5, 73, None], ['Note', 0.5, 68, None]]"
221.0,Rest,Parte_4,1.0,0,
221.0,Chord,Parte_5,1.0,"[41, 53]",start
222.0,Note,Parte_1,1.0,77,
222.0,Tuplet 3:2,Parte_2,"[['Note', 0.5, 77, None], ['Note', 0.5, 73, None], ['Note', 0.5, 68, None]]"
222.0,Rest,Parte_3,3.0,0,
222.0,Chord,Parte_4,1.0,"[41, 53]",stop
222.0,Rest,Parte_5,3.0,0,
222.0,Rest,Parte_6,3.0,0,
223.0,Note,Parte_1,1.0,80,
223.0,Tuplet 3:2,Parte_2,"[['Note', 0.5, 77, None], ['Note', 0.5, 73, None], ['Note', 0.5, 68, None], ['Note', 0.5, 77, None], ['Note', 0.5, 73, None], ['Note', 0.5, 68, None]]"
223.0,Chord,Parte_4,1.0,"[37, 49]",
224.0,Note,Parte_1,1.0,77,
224.0,Chord,Parte_4,1.0,"[32, 44]",
225.0,Tuplet 3:2,Parte_1,"[['Note', 0.5, 77, None], ['Note', 0.5, 73, None], ['Note', 0.5, 68, None], ['Note', 0.5, 73, None], ['Note', 0.5, 68, None], ['Note', 0.5, 65, None], ['Chord', 0.5, [61, 68], None], ['Note', 0.5, 56, None], ['Note', 0.5, 61, None]]"
225.0,Rest,Parte_2,3.0,0,
225.0,Rest,Parte_3,3.0,0,
225.0,Chord,Parte_4,2.0,"[37, 49]",
225.0,Rest,Parte_5,3.0,0,
225.0,Rest,Parte_6,3.0,0,
227.0,Chord,Parte_4,1.0,"[41, 53]",
228.0,Tuplet 3:2,Parte_1,"[['Chord', 0.5, [65, 73], None], ['Note', 0.5, 61, None], ['Note', 0.5, 65, None], ['Note', 0.5, 73, None], ['Note', 0.5, 68, None], ['Note', 0.5, 65, None], ['Note', 0.5, 77, None], ['Note', 0.5, 73, None], ['Note', 0.5, 68, None]]"
228.0,Rest,Parte_2,3.0,0,
228.0,Rest,Parte_3,3.0,0,
228.0,Chord,Parte_4,2.0,"[44, 56]",
228.0,Rest,Parte_5,3.0,0,
228.0,Rest,Parte_6,3.0,0,
230.0,Chord,Parte_4,1.0,"[41, 53]",
231.0,Tuplet 3:2,Parte_1,"[['Note', 0.5, 80, None], ['Note', 0.5, 77, None], ['Note', 0.5, 73, None], ['Note', 0.5, 77, None], ['Note', 0.5, 73, None], ['Note', 0.5, 77, None], ['Note', 0.5, 77, None], ['Note', 0.5, 73, None], ['Note', 0.5, 65, None]]"
231.0,Rest,Parte_2,3.0,0,
231.0,Rest,Parte_3,3.0,0,
231.0,Chord,Parte_4,2.0,"[37, 49]",
231.0,Rest,Parte_5,3.0,0,
231.0,Rest,Parte_6,3.0,0,
233.0,Chord,Parte_4,1.0,"[34, 46]",
234.0,Tuplet 3:2,Parte_1,"[['Note', 0.5, 73, None], ['Note', 0.5, 70, None], ['Note', 0.5, 65, None], ['Note', 0.5, 73, None], ['Note', 0.5, 70, None], ['Note', 0.5, 65, None], ['Note', 0.5, 70, None], ['Note', 0.5, 65, None], ['Note', 0.5, 61, None]]"
234.0,Rest,Parte_2,3.0,0,
234.0,Rest,Parte_3,3.0,0,
234.0,Chord,Parte_4,2.0,"[29, 41]",
234.0,Rest,Parte_5,3.0,0,
234.0,Rest,Parte_6,3.0,0,
236.0,Chord,Parte_4,1.0,"[34, 46]",
237.0,Tuplet 3:2,Parte_1,"[['Note', 0.5, 65, None], ['Note', 0.5, 61, None], ['Note', 0.5, 58, None], ['Note', 0.5, 65, None], ['Note', 0.5, 61, None], ['Note', 0.5, 58, None], ['Chord', 0.5, [61, 70], None], ['Note', 0.5, 58, None], ['Note', 0.5, 61, None]]"
237.0,Rest,Parte_2,3.0,0,
237.0,Rest,Parte_3,3.0,0,
237.0,Chord,Parte_4,2.0,"[37, 49]",
237.0,Rest,Parte_5,3.0,0,
237.0,Rest,Parte_6,3.0,0,
238.0,Tempo,202.0
239.0,Tempo,190.0
239.0,Chord,Parte_4,1.0,"[41, 53]",
240.0,Tempo,170.0
240.0,Tuplet 3:2,Parte_1,"[['Note', 0.5, 73, None], ['Note', 0.5, 70, None], ['Note', 0.5, 65, None], ['Note', 0.5, 73, None], ['Note', 0.5, 70, None], ['Note', 0.5, 65, None], ['Note', 0.5, 77, None], ['Note', 0.5, 73, None], ['Note', 0.5, 65, None]]"
240.0,Rest,Parte_2,3.0,0,
240.0,Rest,Parte_3,3.0,0,
240.0,Chord,Parte_4,1.0,"[34, 46]",
240.0,Rest,Parte_5,3.0,0,
240.0,Rest,Parte_6,3.0,0,
241.0,Tempo,293.0
241.0,Formula de Compasso,2/4
241.0,Rest,Parte_4,1.0,0,
242.0,Rest,Parte_4,1.0,0,
243.0,Note,Parte_1,1.0,70,
243.0,Rest,Parte_2,3.0,0,
243.0,Rest,Parte_3,3.0,0,
243.0,Tuplet 3:2,Parte_4,"[['Note', 0.5, 61, None], ['Note', 0.5, 58, None], ['Note', 0.5, 53, None], ['Note', 0.5, 61, None], ['Note', 0.5, 58, None], ['Note', 0.5, 53, None], ['Note', 0.5, 65, None], ['Note', 0.5, 61, None], ['Note', 0.5, 53, None]]"
243.0,Rest,Parte_5,3.0,0,
243.0,Rest,Parte_6,3.0,0,
244.0,Rest,Parte_1,1.0,0,
245.0,Rest,Parte_1,1.0,0,
246.0,Note,Parte_1,0.5,70,
246.0,Rest,Parte_2,2.0,0,
246.0,Rest,Parte_3,2.0,0,
246.0,Note,Parte_4,0.5,58,
246.0,Rest,Parte_5,2.0,0,
246.0,Rest,Parte_6,2.0,0,
246.5,Rest,Parte_1,0.5,0,
246.5,Rest,Parte_4,0.5,0,
247.0,Note,Parte_1,0.5,73,
247.0,Note,Parte_4,0.5,61,
247.5,Rest,Parte_1,0.5,0,
247.5,Rest,Parte_4,0.5,0,
248.0,Note,Parte_1,0.5,72,
248.0,Rest,Parte_2,2.0,0,
248.0,Rest,Parte_3,2.0,0,
248.0,Note,Parte_4,0.5,60,
248.0,Rest,Parte_5,2.0,0,
248.0,Rest,Parte_6,2.0,0,
248.5,Rest,Parte_1,0.5,0,
248.5,Rest,Parte_4,0.5,0,
249.0,Note,Parte_1,0.5,65,
249.0,Note,Parte_4,0.5,53,
249.5,Rest,Parte_1,0.5,0,
249.5,Rest,Parte_4,0.5,0,
250.0,Note,Parte_1,0.5,77,
250.0,Rest,Parte_2,2.0,0,
250.0,Rest,Parte_3,2.0,0,
250.0,Note,Parte_4,0.5,65,
250.0,Rest,Parte_5,2.0,0,
250.0,Rest,Parte_6,2.0,0,
250.5,Rest,Parte_1,0.5,0,
250.5,Rest,Parte_4,0.5,0,
251.0,Note,Parte_1,0.5,75,
251.0,Note,Parte_4,0.5,63,
251.5,Rest,Parte_1,0.5,0,
251.5,Rest,Parte_4,0.5,0,
252.0,Note,Parte_1,0.5,73,
252.0,Rest,Parte_2,2.0,0,
252.0,Rest,Parte_3,2.0,0,
252.0,Note,Parte_4,0.5,61,
252.0,Rest,Parte_5,2.0,0,
252.0,Rest,Parte_6,2.0,0,
252.5,Rest,Parte_1,0.5,0,
252.5,Rest,Parte_4,0.5,0,
253.0,Note,Parte_1,0.5,72,
253.0,Note,Parte_4,0.5,60,
253.5,Rest,Parte_1,0.5,0,
253.5,Rest,Parte_4,0.5,0,
254.0,Note,Parte_1,0.5,70,
254.0,Rest,Parte_2,2.0,0,
254.0,Rest,Parte_3,2.0,0,
254.0,Note,Parte_4,0.5,58,
254.0,Rest,Parte_5,2.0,0,
254.0,Rest,Parte_6,2.0,0,
254.5,Rest,Parte_1,0.5,0,
254.5,Rest,Parte_4,0.5,0,
255.0,Note,Parte_1,0.5,73,
255.0,Note,Parte_4,0.5,61,
255.5,Rest,Parte_1,0.5,0,
255.5,Rest,Parte_4,0.5,0,
256.0,Note,Parte_1,0.5,72,
256.0,Rest,Parte_2,2.0,0,
256.0,Rest,Parte_3,2.0,0,
256.0,Note,Parte_4,0.5,60,
256.0,Rest,Parte_5,2.0,0,
256.0,Rest,Parte_6,2.0,0,
256.5,Rest,Parte_1,0.5,0,
256.5,Rest,Parte_4,0.5,0,
257.0,Note,Parte_1,0.5,68,
257.0,Note,Parte_4,0.5,56,
257.5,Rest,Parte_1,0.5,0,
257.5,Rest,Parte_4,0.5,0,
258.0,Note,Parte_1,0.5,72,
258.0,Rest,Parte_2,2.0,0,
258.0,Rest,Parte_3,2.0,0,
258.0,Note,Parte_4,0.5,60,
258.0,Rest,Parte_5,2.0,0,
258.0,Rest,Parte_6,2.0,0,
258.5,Rest,Parte_1,0.5,0,
258.5,Rest,Parte_4,0.5,0,
259.0,Note,Parte_1,0.5,67,
259.0,Note,Parte_4,0.5,55,
259.5,Rest,Parte_1,0.5,0,
259.5,Rest,Parte_4,0.5,0,
260.0,Note,Parte_1,2.0,65,
260.0,Rest,Parte_2,2.0,0,
260.0,Rest,Parte_3,2.0,0,
260.0,Note,Parte_4,2.0,53,
260.0,Rest,Parte_5,2.0,0,
260.0,Rest,Parte_6,2.0,0,
262.0,Rest,Parte_1,0.5,0,
262.0,Rest,Parte_2,2.0,0,
262.0,Rest,Parte_3,2.0,0,
262.0,Chord,Parte_4,0.5,"[41, 53]",
262.0,Rest,Parte_5,2.0,0,
262.0,Rest,Parte_6,2.0,0,
262.5,Chord,Parte_1,0.5,"[65, 68, 72]",
262.5,Rest,Parte_4,0.5,0,
263.0,Rest,Parte_1,0.5,0,
263.0,Chord,Parte_4,0.5,"[44, 56]",
263.5,Chord,Parte_1,0.5,"[65, 68, 72]",
263.5,Rest,Parte_4,0.5,0,
264.0,Rest,Parte_1,0.5,0,
264.0,Rest,Parte_2,2.0,0,
264.0,Rest,Parte_3,2.0,0,
264.0,Chord,Parte_4,0.5,"[43, 55]",
264.0,Rest,Parte_5,2.0,0,
264.0,Rest,Parte_6,2.0,0,
264.5,Chord,Parte_1,0.5,"[64, 70, 72]",
264.5,Rest,Parte_4,0.5,0,
265.0,Rest,Parte_1,0.5,0,
265.0,Chord,Parte_4,0.5,"[36, 48]",
265.5,Chord,Parte_1,0.5,"[64, 67, 70, 72]",
265.5,Rest,Parte_4,0.5,0,
266.0,Rest,Parte_1,0.5,0,
266.0,Rest,Parte_2,2.0,0,
266.0,Rest,Parte_3,2.0,0,
266.0,Chord,Parte_4,0.5,"[48, 60]",
266.0,Rest,Parte_5,2.0,0,
266.0,Rest,Parte_6,2.0,0,
266.5,Chord,Parte_1,0.5,"[64, 67, 72]",
266.5,Rest,Parte_4,0.5,0,
267.0,Rest,Parte_1,0.5,0,
267.0,Chord,Parte_4,0.5,"[46, 58]",
267.5,Chord,Parte_1,0.5,"[64, 67, 72]",
267.5,Rest,Parte_4,0.5,0,
268.0,Rest,Parte_1,0.5,0,
268.0,Rest,Parte_2,2.0,0,
268.0,Rest,Parte_3,2.0,0,
268.0,Chord,Parte_4,0.5,"[44, 56]",
268.0,Rest,Parte_5,2.0,0,
268.0,Rest,Parte_6,2.0,0,
268.5,Chord,Parte_1,0.5,"[65, 68, 72]",
268.5,Rest,Parte_4,0.5,0,
269.0,Rest,Parte_1,0.5,0,
269.0,Chord,Parte_4,0.5,"[43, 55]",
269.5,Chord,Parte_1,0.5,"[64, 70, 72]",
269.5,Rest,Parte_4,0.5,0,
270.0,Rest,Parte_1,0.5,0,
270.0,Rest,Parte_2,2.0,0,
270.0,Rest,Parte_3,2.0,0,
270.0,Chord,Parte_4,0.5,"[41, 53]",
270.0,Rest,Parte_5,2.0,0,
270.0,Rest,Parte_6,2.0,0,
270.5,Chord,Parte_1,0.5,"[65, 68, 72]",
270.5,Rest,Parte_4,0.5,0,
271.0,Rest,Parte_1,0.5,0,
271.0,Chord,Parte_4,0.5,"[44, 56]",
271.5,Chord,Parte_1,0.5,"[65, 68, 72, 77]",
271.5,Rest,Parte_4,0.5,0,
272.0,Rest,Parte_1,0.5,0,
272.0,Rest,Parte_2,2.0,0,
272.0,Rest,Parte_3,2.0,0,
272.0,Chord,Parte_4,0.5,"[43, 55]",
272.0,Rest,Parte_5,2.0,0,
272.0,Rest,Parte_6,2.0,0,
272.5,Chord,Parte_1,0.5,"[65, 70, 72, 77]",
272.5,Rest,Parte_4,0.5,0,
273.0,Rest,Parte_1,0.5,0,
273.0,Chord,Parte_4,0.5,"[48, 60]",
273.5,Chord,Parte_1,0.5,"[64, 70, 72, 76]",
273.5,Rest,Parte_4,0.5,0,
274.0,Rest,Parte_1,0.5,0,
274.0,Rest,Parte_2,2.0,0,
274.0,Rest,Parte_3,2.0,0,
274.0,Chord,Parte_4,0.5,"[45, 57]",
274.0,Rest,Parte_5,2.0,0,
274.0,Rest,Parte_6,2.0,0,
274.5,Chord,Parte_1,0.5,"[65, 72, 77]",
274.5,Rest,Parte_4,0.5,0,
275.0,Rest,Parte_1,0.5,0,
275.0,Chord,Parte_4,0.5,"[41, 53]",
275.5,Chord,Parte_1,0.5,"[65, 72, 75]",
275.5,Rest,Parte_4,0.5,0,
276.0,Rest,Parte_1,0.5,0,
276.0,Rest,Parte_2,2.0,0,
276.0,Rest,Parte_3,2.0,0,
276.0,Chord,Parte_4,0.5,"[46, 58]",
276.0,Rest,Parte_5,2.0,0,
276.0,Rest,Parte_6,2.0,0,
276.5,Chord,Parte_1,0.5,"[65, 70, 73]",
276.5,Rest,Parte_4,0.5,0,
277.0,Rest,Parte_1,0.5,0,
277.0,Chord,Parte_4,0.5,"[48, 60]",
277.5,Chord,Parte_1,0.5,"[63, 69, 72]",
277.5,Rest,Parte_4,0.5,0,
278.0,Chord,Parte_1,0.5,"[70, 77, 82]",
278.0,Rest,Parte_2,2.0,0,
278.0,Rest,Parte_3,2.0,0,
278.0,Note,Parte_4,0.5,49,
278.0,Rest,Parte_5,2.0,0,
278.0,Rest,Parte_6,2.0,0,
278.5,Rest,Parte_1,0.5,0,
278.5,Note,Parte_4,0.5,61,
279.0,Chord,Parte_1,0.5,"[73, 77, 82, 85]",
279.0,Note,Parte_4,0.5,46,
279.5,Rest,Parte_1,0.5,0,
279.5,Note,Parte_4,0.5,58,
280.0,Chord,Parte_1,0.5,"[72, 77, 81, 84]",
280.0,Rest,Parte_2,2.0,0,
280.0,Rest,Parte_3,2.0,0,
280.0,Note,Parte_4,0.5,41,
280.0,Rest,Parte_5,2.0,0,
280.0,Rest,Parte_6,2.0,0,
280.5,Rest,Parte_1,0.5,0,
280.5,Note,Parte_4,0.5,53,
281.0,Chord,Parte_1,0.5,"[65, 69, 72, 77]",
281.0,Note,Parte_4,0.5,39,
281.5,Rest,Parte_1,0.5,0,
281.5,Note,Parte_4,0.5,51,
282.0,Chord,Parte_1,0.5,"[77, 82, 89]",
282.0,Rest,Parte_2,2.0,0,
282.0,Rest,Parte_3,2.0,0,
282.0,Note,Parte_4,0.5,37,
282.0,Rest,Parte_5,2.0,0,
282.0,Rest,Parte_6,2.0,0,
282.5,Rest,Parte_1,0.5,0,
282.5,Note,Parte_4,0.5,49,
283.0,Chord,Parte_1,0.5,"[75, 77, 81, 84]",
283.0,Note,Parte_4,0.5,36,
283.5,Rest,Parte_1,0.5,0,
283.5,Note,Parte_4,0.5,48,
284.0,Chord,Parte_1,0.5,"[73, 77, 82, 85]",
284.0,Rest,Parte_2,2.0,0,
284.0,Rest,Parte_3,2.0,0,
284.0,Note,Parte_4,0.5,34,
284.0,Rest,Parte_5,2.0,0,
284.0,Rest,Parte_6,2.0,0,
284.5,Rest,Parte_1,0.5,0,
284.5,Note,Parte_4,0.5,46,
285.0,Chord,Parte_1,0.5,"[72, 77, 84]",
285.0,Note,Parte_4,0.5,33,
285.5,Rest,Parte_1,0.5,0,
285.5,Note,Parte_4,0.5,45,
286.0,Chord,Parte_1,0.5,"[70, 73, 77, 82]",
286.0,Rest,Parte_2,2.0,0,
286.0,Rest,Parte_3,2.0,0,
286.0,Note,Parte_4,0.5,34,
286.0,Rest,Parte_5,2.0,0,
286.0,Rest,Parte_6,2.0,0,
286.5,Rest,Parte_1,0.5,0,
286.5,Note,Parte_4,0.5,46,
287.0,Chord,Parte_1,0.5,"[73, 77, 82, 85]",
287.0,Note,Parte_4,0.5,34,
287.5,Rest,Parte_1,0.5,0,
287.5,Note,Parte_4,0.5,46,
288.0,Chord,Parte_1,0.5,"[72, 77, 84]",
288.0,Rest,Parte_2,2.0,0,
288.0,Rest,Parte_3,2.0,0,
288.0,Note,Parte_4,0.5,33,
288.0,Rest,Parte_5,2.0,0,
288.0,Rest,Parte_6,2.0,0,
288.5,Rest,Parte_1,0.5,0,
288.5,Note,Parte_4,0.5,45,
289.0,Chord,Parte_1,0.5,"[65, 69, 72, 77]",
289.0,Note,Parte_4,0.5,39,
289.5,Rest,Parte_1,0.5,0,
289.5,Note,Parte_4,0.5,51,
290.0,Chord,Parte_1,0.5,"[77, 89]",
290.0,Rest,Parte_2,2.0,0,
290.0,Rest,Parte_3,2.0,0,
290.0,Note,Parte_4,0.5,37,
290.0,Rest,Parte_5,2.0,0,
290.0,Rest,Parte_6,2.0,0,
290.5,Rest,Parte_1,0.5,0,
290.5,Note,Parte_4,0.5,49,
291.0,Chord,Parte_1,0.5,"[73, 82, 85]",
291.0,Note,Parte_4,0.5,34,
291.5,Rest,Parte_1,0.5,0,
291.5,Note,Parte_4,0.5,46,
292.0,Chord,Parte_1,2.0,"[72, 81, 84]",
292.0,Rest,Parte_2,2.0,0,
292.0,Rest,Parte_3,2.0,0,
292.0,Chord,Parte_4,2.0,"[41, 53]",
292.0,Rest,Parte_5,2.0,0,
292.0,Rest,Parte_6,2.0,0,
293.0,Tempo,280.0
294.0,Chord,Parte_1,0.5,"[77, 89]",
294.0,Rest,Parte_2,2.0,0,
294.0,Rest,Parte_3,2.0,0,
294.0,Note,Parte_4,0.5,61,
294.0,Rest,Parte_5,2.0,0,
294.0,Rest,Parte_6,2.0,0,
294.5,Rest,Parte_1,0.5,0,
294.5,Note,Parte_4,0.5,73,
295.0,Tempo,270.0
295.0,Chord,Parte_1,0.5,"[82, 85]",
295.0,Note,Parte_4,0.5,58,
295.5,Rest,Parte_1,0.5,0,
295.5,Note,Parte_4,0.5,70,
296.0,Chord,Parte_1,2.0,"[81, 84]",
296.0,Rest,Parte_2,2.0,0,
296.0,Rest,Parte_3,2.0,0,
296.0,Rest,Parte_4,1.0,0,
296.0,Rest,Parte_5,2.0,0,
296.0,Rest,Parte_6,2.0,0,
297.0,Tempo,260.0
297.0,Note,Parte_4,1.0,77,
298.0,Chord,Parte_1,2.0,"[69, 72]",
298.0,Rest,Parte_2,2.0,0,
298.0,Rest,Parte_3,2.0,0,
298.0,Rest,Parte_4,1.0,0,
298.0,Rest,Parte_5,2.0,0,
298.0,Rest,Parte_6,2.0,0,
299.0,Tempo,250.0
299.0,Note,Parte_4,1.0,65,
300.0,Rest,Parte_1,2.0,0,
300.0,Rest,Parte_2,2.0,0,
300.0,Rest,Parte_3,2.0,0,
300.0,Chord,Parte_4,2.0,"[57, 60]",
300.0,Rest,Parte_5,1.0,0,
300.0,Rest,Parte_6,2.0,0,
301.0,Tempo,240.0
301.0,Note,Parte_5,1.0,53,
302.0,Rest,Parte_1,2.0,0,
302.0,Rest,Parte_2,2.0,0,
302.0,Rest,Parte_3,2.0,0,
302.0,Chord,Parte_4,2.0,"[45, 48]",
302.0,Rest,Parte_5,1.0,0,
302.0,Rest,Parte_6,2.0,0,
303.0,Tempo,40.0
303.0,Note,Parte_5,1.0,41,
304.0,Rest,Parte_1,2.0,0,
304.0,Rest,Parte_2,2.0,0,
304.0,Rest,Parte_3,2.0,0,
304.0,Chord,Parte_4,2.0,"[33, 36]",start
304.0,Rest,Parte_5,1.0,0,
304.0,Rest,Parte_6,2.0,0,
305.0,Note,Parte_5,1.0,29,start
306.0,Rest,Parte_1,2.0,0,
306.0,Rest,Parte_2,2.0,0,
306.0,Rest,Parte_3,2.0,0,
306.0,Chord,Parte_4,2.0,"[33, 36]",continue
306.0,Note,Parte_5,2.0,29,continue
306.0,Rest,Parte_6,2.0,0,
308.0,Rest,Parte_1,2.0,0,
308.0,Rest,Parte_2,2.0,0,
308.0,Rest,Parte_3,2.0,0,
308.0,Chord,Parte_4,1.0,"[33, 36]",stop
308.0,Note,Parte_5,1.0,29,stop
308.0,Rest,Parte_6,2.0,0,
309.0,Rest,Parte_4,1.0,0,
309.0,Rest,Parte_5,1.0,0,
310.0,Rest,Parte_1,2.0,0,
310.0,Rest,Parte_2,2.0,0,
310.0,Rest,Parte_3,2.0,0,
310.0,Rest,Parte_4,2.0,0,
310.0,Tuplet 3:2,Parte_5,"[['Note', 0.5, 29, None], ['Note', 0.5, 31, None], ['Note', 0.5, 33, None]]"
310.0,Rest,Parte_6,2.0,0,
311.0,Note,Parte_5,0.5,34,
311.5,Note,Parte_5,0.5,36,
312.0,Rest,Parte_1,1.0,0,
312.0,Rest,Parte_3,2.0,0,
312.0,Note,Parte_5,0.5,38,
312.5,Note,Parte_5,0.5,40,
313.0,Rest,Parte_1,3.0,0,
313.0,Tuplet 3:2,Parte_4,"[['Note', 0.5, 41, None], ['Note', 0.5, 43, None], ['Note', 0.5, 45, None]]"
313.0,Rest,Parte_5,2.0,0,
314.0,Rest,Parte_3,2.0,0,
314.0,Note,Parte_4,0.5,46,
314.5,Note,Parte_4,0.5,48,
315.0,Note,Parte_4,0.5,50,
315.0,Rest,Parte_5,1.0,0,
315.5,Note,Parte_4,0.5,52,
316.0,Rest,Parte_1,2.0,0,
316.0,Rest,Parte_3,2.0,0,
316.0,Rest,Parte_4,9.0,0,
316.0,Tuplet 3:2,Parte_5,"[['Note', 0.5, 53, None], ['Note', 0.5, 55, None], ['Note', 0.5, 57, None]]"
317.0,Note,Parte_5,0.5,58,
317.5,Note,Parte_5,0.5,60,
318.0,Rest,Parte_1,1.0,0,
318.0,Rest,Parte_3,2.0,0,
318.0,Note,Parte_5,0.5,62,
318.5,Note,Parte_5,0.5,64,
319.0,Tuplet 3:2,Parte_1,"[['Note', 0.5, 65, None], ['Note', 0.5, 67, None], ['Note', 0.5, 69, None]]"
319.0,Rest,Parte_5,2.0,0,
320.0,Note,Parte_1,0.5,70,
320.0,Rest,Parte_3,2.0,0,
320.5,Note,Parte_1,0.5,72,
321.0,Note,Parte_1,0.5,74,
321.0,Rest,Parte_5,1.0,0,
321.5,Note,Parte_1,0.5,76,
322.0,Rest,Parte_1,2.0,0,
322.0,Tuplet 3:2,Parte_2,"[['Note', 0.5, 77, None], ['Note', 0.5, 79, None], ['Note', 0.5, 81, None]]"
322.0,Rest,Parte_3,2.0,0,
322.0,Rest,Parte_5,3.0,0,
323.0,Note,Parte_2,0.5,82,
323.5,Note,Parte_2,0.5,84,
324.0,Tempo,88.0
324.0,Formula de Compasso,3/4
324.0,Rest,Parte_1,1.0,0,
324.0,Note,Parte_2,0.5,86,
324.0,Rest,Parte_3,2.0,0,
324.25,Tempo,168.0
324.5,Note,Parte_2,0.5,88,
325.0,Tuplet 3:2,Parte_1,"[['Note', 0.5, 89, None], ['Note', 0.5, 91, None], ['Note', 0.5, 93, None]]"
325.0,Rest,Parte_2,2.0,0,
325.0,Rest,Parte_2,3.0,0,
325.0,Note,Parte_4,0.25,53,
325.0,Rest,Parte_4,1.0,0,
325.0,Tuplet 3:2,Parte_5,"[['Note', 0.5, 65, None], ['Note', 0.5, 67, None], ['Note', 0.5, 69, None]]"
325.0,Rest,Parte_6,2.0,0,
325.0,Rest,Parte_6,3.0,0,
325.25,Note,Parte_4,0.25,63,
325.5,Note,Parte_4,0.25,53,
325.75,Note,Parte_4,0.25,63,
326.0,Note,Parte_1,0.5,94,
326.0,Rest,Parte_3,2.0,0,
326.0,Rest,Parte_4,1.0,0,
326.0,Note,Parte_5,0.5,70,
326.5,Note,Parte_1,0.5,96,
326.5,Note,Parte_5,0.5,72,
327.0,Note,Parte_1,0.5,98,
327.0,Note,Parte_4,0.25,53,
327.0,Note,Parte_5,0.5,74,
327.25,Note,Parte_4,0.25,63,
327.5,Note,Parte_1,0.5,100,
327.5,Note,Parte_4,0.25,53,
327.5,Note,Parte_5,0.5,76,
327.75,Note,Parte_4,0.25,63,
328.0,Tempo,204.0
328.0,Note,Parte_1,0.5,101,
328.0,Rest,Parte_2,2.0,0,
328.0,Rest,Parte_2,3.0,0,
328.0,Rest,Parte_3,2.0,0,
328.0,Note,Parte_4,0.25,53,
328.0,Note,Parte_5,0.5,77,
328.0,Rest,Parte_6,2.0,0,
328.0,Rest,Parte_6,3.0,0,
328.25,Note,Parte_4,0.25,63,
328.5,Rest,Parte_1,0.5,0,
328.5,Note,Parte_4,0.25,53,
328.5,Rest,Parte_5,0.5,0,
328.75,Note,Parte_4,0.25,63,
329.0,Chord,Parte_1,0.25,"[75, 78]",
329.0,Rest,Parte_4,1.0,0,
329.0,Rest,Parte_5,2.0,0,
329.25,Note,Parte_1,0.25,69,
329.5,Chord,Parte_1,0.25,"[75, 78]",
329.75,Note,Parte_1,0.25,69,
330.0,Tempo,240.0
330.0,Rest,Parte_1,1.0,0,
330.0,Rest,Parte_3,2.0,0,
330.0,Rest,Parte_4,1.0,0,
331.0,Tempo,240.0
331.0,Chord,Parte_1,0.25,"[75, 78]",
331.0,Rest,Parte_2,2.0,0,
331.0,Rest,Parte_2,3.0,0,
331.0,Rest,Parte_4,1.0,0,
331.0,Rest,Parte_5,2.0,0,
331.0,Rest,Parte_6,2.0,0,
331.0,Rest,Parte_6,3.0,0,
331.25,Note,Parte_1,0.25,69,
331.5,Chord,Parte_1,0.25,"[75, 78]",
331.75,Note,Parte_1,0.25,69,
332.0,Chord,Parte_1,0.25,"[75, 78]",
332.0,Rest,Parte_3,2.0,0,
332.0,Chord,Parte_4,0.75,"[58, 62]",
332.25,Note,Parte_1,0.25,69,
332.5,Chord,Parte_1,0.25,"[75, 78]",
332.75,Note,Parte_1,0.25,69,
332.75,Chord,Parte_4,0.25,"[53, 60]",
333.0,Rest,Parte_1,1.0,0,
333.0,Chord,Parte_4,1.0,"[57, 60]",
333.0,Rest,Parte_5,2.0,0,
334.0,Rest,Parte_1,1.0,0,
334.0,Rest,Parte_2,2.0,0,
334.0,Rest,Parte_2,1.0,0,
334.0,Rest,Parte_3,2.0,0,
334.0,Chord,Parte_4,0.5,"[58, 62]",
334.0,Rest,Parte_6,2.0,0,
334.0,Rest,Parte_6,3.0,0,
334.5,Rest,Parte_4,0.5,0,
335.0,Rest,Parte_1,1.0,0,
335.0,Chord,Parte_4,0.75,"[55, 58]",
335.0,Rest,Parte_5,2.0,0,
335.75,Chord,Parte_4,0.25,"[50, 57]",
336.0,Note,Parte_1,0.75,74,
336.0,Rest,Parte_2,2.0,0,
336.0,Rest,Parte_3,2.0,0,
336.0,Chord,Parte_4,1.0,"[54, 57]",
336.75,Chord,Parte_1,0.25,"[69, 77]",
337.0,Chord,Parte_1,1.0,"[72, 77]",
337.0,Chord,Parte_4,0.5,"[55, 58]",
337.0,Rest,Parte_5,2.0,0,
337.0,Rest,Parte_6,2.0,0,
337.0,Rest,Parte_6,1.0,0,
337.5,Rest,Parte_4,0.5,0,
338.0,Chord,Parte_1,0.5,"[65, 74]",
338.0,Rest,Parte_2,2.0,0,
338.0,Rest,Parte_3,2.0,0,
338.0,Chord,Parte_4,0.75,"[51, 55]",
338.5,Rest,Parte_1,0.5,0,
338.75,Chord,Parte_4,0.25,"[46, 53]",
339.0,Note,Parte_1,0.75,70,
339.0,Chord,Parte_4,1.0,"[50, 53]",
339.0,Rest,Parte_5,2.0,0,
339.0,Rest,Parte_6,2.0,0,
339.75,Chord,Parte_1,0.25,"[66, 74]",
340.0,Chord,Parte_1,1.0,"[69, 74]",
340.0,Rest,Parte_2,2.0,0,
340.0,Rest,Parte_3,2.0,0,
340.0,Chord,Parte_4,0.5,"[51, 55]",
340.5,Rest,Parte_4,0.5,0,
341.0,Chord,Parte_1,0.5,"[62, 70]",
341.0,Chord,Parte_4,0.75,"[51, 55]",
341.0,Chord,Parte_5,1.0,"[48, 53]",
341.0,Rest,Parte_6,2.0,0,
341.5,Rest,Parte_1,0.5,0,
341.75,Chord,Parte_4,0.25,"[48, 53]",
342.0,Note,Parte_1,0.75,67,
342.0,Note,Parte_2,1.0,65,
342.0,Rest,Parte_3,2.0,0,
342.0,Rest,Parte_4,2.0,0,
342.0,Chord,Parte_5,0.5,"[50, 53]",
342.5,Rest,Parte_5,0.5,0,
342.75,Chord,Parte_1,0.25,"[62, 70]",
343.0,Chord,Parte_1,1.0,"[65, 70]",
343.0,Note,Parte_2,1.0,65,
343.0,Note,Parte_5,1.0,53,
343.0,Note,Parte_6,0.75,50,
343.75,Note,Parte_6,0.25,45,
344.0,Chord,Parte_1,0.5,"[58, 67]",
344.0,Note,Parte_2,0.5,65,
344.0,Rest,Parte_3,2.0,0,
344.0,Rest,Parte_4,1.5,0,
344.0,Chord,Parte_5,1.0,"[45, 53]",
344.0,Rest,Parte_6,2.0,0,
344.5,Rest,Parte_1,0.5,0,
344.5,Rest,Parte_2,0.5,0,
345.0,Chord,Parte_1,0.75,"[58, 67]",
345.0,Note,Parte_2,1.0,70,
345.0,Chord,Parte_5,0.5,"[44, 53]",
345.5,Rest,Parte_4,0.5,0,
345.5,Rest,Parte_5,0.5,0,
345.75,Chord,Parte_1,0.25,"[63, 69]",
346.0,Chord,Parte_1,1.0,"[63, 69]",
346.0,Rest,Parte_2,2.0,0,
346.0,Rest,Parte_3,2.0,0,
346.0,Chord,Parte_4,1.0,"[43, 51]",
346.0,Chord,Parte_5,0.75,"[44, 53]",
346.0,Rest,Parte_6,2.0,0,
346.75,Chord,Parte_5,0.25,"[41, 51]",
347.0,Chord,Parte_1,0.5,"[58, 70]",
347.0,Chord,Parte_4,0.5,"[41, 49]",
347.0,Rest,Parte_5,2.0,0,
347.5,Rest,Parte_1,0.5,0,
347.5,Rest,Parte_4,0.5,0,
348.0,Note,Parte_1,0.75,70,
348.0,Rest,Parte_2,2.0,0,
348.0,Rest,Parte_3,2.0,0,
348.0,Chord,Parte_4,0.5,"[40, 48]",
348.0,Rest,Parte_6,2.0,0,
348.5,Rest,Parte_4,0.5,0,
348.75,Note,Parte_1,0.25,72,
349.0,Note,Parte_1,1.0,72,
349.0,Chord,Parte_4,0.5,"[41, 53]",
349.0,Rest,Parte_5,2.0,0,
349.5,Rest,Parte_4,0.5,0,
350.0,Note,Parte_1,0.5,74,
350.0,Rest,Parte_2,0.5,0,
350.0,Rest,Parte_3,2.0,0,
350.0,Rest,Parte_4,1.0,0,
350.0,Rest,Parte_6,2.0,0,
350.5,Rest,Parte_1,0.5,0,
350.5,Note,Parte_2,0.5,77,start
351.0,Note,Parte_1,0.75,74,
351.0,Note,Parte_2,0.5,77,stop
351.0,Chord,Parte_4,0.75,"[70, 74]",
351.0,Chord,Parte_5,1.0,"[69, 72]",
351.5,Rest,Parte_2,1.5,0,
351.75,Note,Parte_1,0.25,75,
351.75,Chord,Parte_4,0.25,"[65, 72]",
352.0,Chord,Parte_1,1.0,"[63, 70, 75]",
352.0,Rest,Parte_3,2.0,0,
352.0,Rest,Parte_4,1.5,0,
352.0,Chord,Parte_5,0.5,"[70, 74]",
352.0,Rest,Parte_6,2.0,0,
352.5,Rest,Parte_5,0.5,0,
353.0,Chord,Parte_1,0.5,"[65, 70, 73, 77]",
353.0,Rest,Parte_2,0.5,0,
353.0,Chord,Parte_5,0.75,"[67, 70]",
353.5,Rest,Parte_1,0.5,0,
353.5,Note,Parte_2,0.5,74,start
353.5,Rest,Parte_4,1.5,0,
353.75,Chord,Parte_5,0.25,"[62, 69]",
354.0,Chord,Parte_1,0.5,"[67, 70, 72, 79]",
354.0,Note,Parte_2,0.5,74,stop
354.0,Rest,Parte_3,2.0,0,
354.0,Chord,Parte_5,1.0,"[66, 69]",
354.0,Rest,Parte_6,2.0,0,
354.5,Rest,Parte_1,0.5,0,
354.5,Rest,Parte_2,1.5,0,
355.0,Chord,Parte_1,0.5,"[60, 69, 72]",
355.0,Rest,Parte_4,1.5,0,
355.0,Chord,Parte_5,0.5,"[67, 70]",
355.5,Rest,Parte_1,0.5,0,
355.5,Rest,Parte_5,0.5,0,
356.0,Rest,Parte_1,1.0,0,
356.0,Rest,Parte_2,0.5,0,
356.0,Rest,Parte_3,2.0,0,
356.0,Chord,Parte_5,0.75,"[63, 67]",
356.0,Rest,Parte_6,2.0,0,
356.5,Note,Parte_2,0.5,70,start
356.5,Rest,Parte_4,1.5,0,
356.75,Chord,Parte_5,0.25,"[58, 65]",
357.0,Note,Parte_1,0.75,86,
357.0,Note,Parte_2,0.5,70,stop
357.0,Chord,Parte_5,1.0,"[62, 65]",
357.5,Rest,Parte_2,1.5,0,
357.75,Chord,Parte_1,0.25,"[81, 89]",
358.0,Note,Parte_1,1.0,89,
358.0,Rest,Parte_3,2.0,0,
358.0,Rest,Parte_4,1.5,0,
358.0,Chord,Parte_5,0.5,"[63, 67]",
358.0,Note,Parte_6,0.75,74,
358.5,Rest,Parte_5,0.5,0,
358.75,Chord,Parte_6,0.25,"[69, 72]",
359.0,Note,Parte_1,0.5,86,
359.0,Rest,Parte_2,0.5,0,
359.0,Chord,Parte_5,0.75,"[63, 67]",
359.0,Rest,Parte_6,2.0,0,
359.5,Rest,Parte_1,0.5,0,
359.5,Note,Parte_2,0.5,75,
359.5,Rest,Parte_4,1.5,0,
359.75,Chord,Parte_5,0.25,"[60, 65]",
360.0,Note,Parte_1,0.75,82,
360.0,Note,Parte_2,0.5,70,
360.0,Rest,Parte_3,2.0,0,
360.0,Chord,Parte_5,1.0,"[60, 65]",
360.5,Rest,Parte_2,0.5,0,
360.75,Chord,Parte_1,0.25,"[78, 86]",
361.0,Note,Parte_1,1.0,86,
361.0,Note,Parte_2,1.0,77,
361.0,Rest,Parte_4,1.5,0,
361.0,Chord,Parte_5,0.5,"[62, 65]",
361.0,Rest,Parte_6,2.0,0,
361.5,Rest,Parte_5,0.5,0,
362.0,Note,Parte_1,0.5,82,
362.0,Rest,Parte_2,0.5,0,
362.0,Rest,Parte_3,2.0,0,
362.0,Rest,Parte_5,1.0,0,
362.5,Rest,Parte_1,0.5,0,
362.5,Note,Parte_2,0.5,77,start
362.5,Rest,Parte_4,0.5,0,
363.0,Note,Parte_1,0.75,79,
363.0,Note,Parte_2,0.5,77,stop
363.0,Rest,Parte_4,1.5,0,
363.0,Chord,Parte_5,1.0,"[69, 72]",
363.0,Rest,Parte_6,2.0,0,
363.5,Rest,Parte_2,0.5,0,
363.75,Chord,Parte_1,0.25,"[74, 82]",
364.0,Note,Parte_1,1.0,82,
364.0,Note,Parte_2,1.0,82,
364.0,Rest,Parte_3,2.0,0,
364.0,Chord,Parte_5,0.5,"[68, 70]",
364.5,Rest,Parte_4,0.5,0,
364.5,Rest,Parte_5,0.5,0,
365.0,Note,Parte_1,0.5,79,
365.0,Rest,Parte_2,0.5,0,
365.0,Rest,Parte_4,1.5,0,
365.0,Chord,Parte_5,0.75,"[67, 70]",
365.0,Rest,Parte_6,2.0,0,
365.5,Rest,Parte_1,0.5,0,
365.5,Note,Parte_2,0.5,82,
365.75,Chord,Parte_5,0.25,"[66, 70]",
366.0,Chord,Parte_1,0.75,"[70, 79]",
366.0,Note,Parte_2,0.5,81,
366.0,Rest,Parte_3,2.0,0,
366.0,Chord,Parte_5,1.0,"[66, 70]",
366.5,Rest,Parte_2,1.5,0,
366.5,Rest,Parte_4,1.5,0,
366.75,Chord,Parte_1,0.25,"[75, 81]",
367.0,Note,Parte_1,1.0,81,
367.0,Chord,Parte_5,0.5,"[65, 72]",
367.0,Rest,Parte_6,2.0,0,
367.5,Rest,Parte_5,0.5,0,
368.0,Note,Parte_1,0.5,82,
368.0,Rest,Parte_2,2.0,0,
368.0,Rest,Parte_3,1.0,0,
368.0,Chord,Parte_4,0.5,"[53, 65]",
368.0,Chord,Parte_5,0.5,"[48, 60]",
368.5,Rest,Parte_1,0.5,0,
368.5,Rest,Parte_4,0.5,0,
368.5,Rest,Parte_5,0.5,0,
369.0,Note,Parte_1,0.75,82,
369.0,Rest,Parte_3,2.0,0,
369.0,Rest,Parte_4,1.0,0,
369.0,Rest,Parte_5,2.0,0,
369.0,Rest,Parte_6,2.0,0,
369.75,Note,Parte_1,0.25,84,
370.0,Note,Parte_1,1.0,84,
370.0,Rest,Parte_2,2.0,0,
370.0,Chord,Parte_4,1.0,"[53, 65]",start
371.0,Note,Parte_1,0.5,86,
371.0,Rest,Parte_3,2.0,0,
371.0,Chord,Parte_4,0.5,"[53, 65]",stop
371.0,Rest,Parte_5,2.0,0,
371.0,Chord,Parte_6,0.5,"[29, 41]",stop
371.5,Rest,Parte_1,0.5,0,
371.5,Note,Parte_4,0.5,53,
371.5,Note,Parte_6,0.5,29,
372.0,Note,Parte_1,0.75,87,
372.0,Rest,Parte_2,2.0,0,
372.0,Note,Parte_4,0.5,65,
372.0,Note,Parte_6,0.5,41,
372.5,Rest,Parte_4,0.5,0,
372.5,Rest,Parte_6,0.5,0,
372.75,Note,Parte_1,0.25,88,
373.0,Note,Parte_1,1.0,88,
373.0,Rest,Parte_3,2.0,0,
373.0,Chord,Parte_4,1.0,"[41, 53]",start
373.0,Rest,Parte_5,2.0,0,
373.0,Chord,Parte_6,1.0,"[30, 42]",start
374.0,Note,Parte_1,0.5,89,
374.0,Rest,Parte_2,0.5,0,
374.0,Chord,Parte_4,0.5,"[41, 53]",stop
374.0,Rest,Parte_6,2.0,0,
374.5,Rest,Parte_1,0.5,0,
374.5,Note,Parte_2,0.5,63,start
374.5,Note,Parte_4,0.5,41,
375.0,Chord,Parte_1,0.5,"[79, 82, 88, 91]",
375.0,Note,Parte_2,0.5,63,stop
375.0,Rest,Parte_3,2.0,0,
375.0,Note,Parte_4,0.5,53,
375.0,Chord,Parte_5,0.5,"[41, 53]",stop
375.5,Rest,Parte_1,0.5,0,
375.5,Rest,Parte_2,1.5,0,
375.5,Rest,Parte_4,0.5,0,
375.5,Note,Parte_5,0.5,41,
376.0,Chord,Parte_1,0.5,"[77, 81, 89]",
376.0,Chord,Parte_4,1.0,"[41, 53]",start
376.0,Note,Parte_5,0.5,53,
376.0,Rest,Parte_6,2.0,0,
376.5,Rest,Parte_1,0.5,0,
376.5,Rest,Parte_5,0.5,0,
377.0,Rest,Parte_1,1.0,0,
377.0,Rest,Parte_2,0.5,0,
377.0,Rest,Parte_3,2.0,0,
377.0,Rest,Parte_4,1.5,0,
377.0,Chord,Parte_5,1.0,"[29, 41]",start
377.5,Note,Parte_2,0.5,65,start
378.0,Chord,Parte_1,0.75,"[71, 74]",
378.0,Note,Parte_2,0.5,65,stop
378.0,Rest,Parte_5,1.5,0,
378.0,Rest,Parte_6,2.0,0,
378.5,Rest,Parte_2,1.5,0,
378.5,Rest,Parte_4,1.5,0,
378.75,Chord,Parte_1,0.25,"[74, 77]",
379.0,Chord,Parte_1,1.0,"[74, 77]",
379.0,Rest,Parte_3,2.0,0,
379.5,Rest,Parte_5,1.5,0,
380.0,Chord,Parte_1,0.5,"[71, 74]",
380.0,Rest,Parte_2,2.0,0,
380.0,Rest,Parte_4,2.0,0,
380.0,Note,Parte_6,2.0,55,stop
380.5,Rest,Parte_1,0.5,0,
381.0,Chord,Parte_1,0.75,"[71, 74]",
381.0,Rest,Parte_3,2.0,0,
381.0,Chord,Parte_5,1.0,"[30, 42]",stop
381.75,Chord,Parte_1,0.25,"[75, 79]",
382.0,Chord,Parte_1,1.0,"[75, 79]",
382.0,Rest,Parte_2,2.0,0,
382.0,Chord,Parte_4,0.75,"[57, 60]",
382.0,Chord,Parte_5,2.0,"[31, 43]",start
382.0,Rest,Parte_6,1.0,0,
382.75,Chord,Parte_4,0.25,"[60, 63]",
383.0,Chord,Parte_1,0.5,"[72, 75]",
383.0,Rest,Parte_3,2.0,0,
383.0,Chord,Parte_4,2.0,"[60, 63]",
383.0,Rest,Parte_6,2.0,0,
383.5,Rest,Parte_1,0.5,0,
384.0,Chord,Parte_1,0.75,"[69, 72]",
384.0,Rest,Parte_2,2.0,0,
384.0,Chord,Parte_5,1.0,"[31, 43]",stop
384.75,Chord,Parte_1,0.25,"[72, 75]",
385.0,Chord,Parte_1,1.0,"[72, 75]",
385.0,Rest,Parte_3,2.0,0,
385.0,Chord,Parte_4,1.0,"[58, 62]",
385.0,Chord,Parte_5,1.0,"[33, 45]",
385.0,Rest,Parte_6,2.0,0,
386.0,Chord,Parte_1,0.5,"[69, 72]",
386.0,Rest,Parte_2,2.0,0,
386.0,Chord,Parte_4,1.0,"[57, 60]",
386.0,Chord,Parte_5,1.0,"[34, 46]",
386.5,Rest,Parte_1,0.5,0,
387.0,Chord,Parte_1,0.75,"[69, 72]",
387.0,Rest,Parte_3,2.0,0,
387.0,Chord,Parte_4,1.0,"[55, 58]",
387.0,Chord,Parte_5,1.0,"[35, 47]",
387.0,Note,Parte_6,0.75,43,
387.75,Chord,Parte_1,0.25,"[73, 77]",
387.75,Note,Parte_6,0.25,47,
388.0,Chord,Parte_1,1.0,"[74, 77]",
388.0,Rest,Parte_2,1.0,0,
388.0,Chord,Parte_4,1.0,"[53, 57]",start
388.0,Chord,Parte_5,1.0,"[36, 48]",
388.0,Note,Parte_6,1.0,47,
389.0,Chord,Parte_1,0.5,"[70, 74]",
389.0,Rest,Parte_2,2.0,0,
389.0,Rest,Parte_3,2.0,0,
389.0,Chord,Parte_4,1.0,"[53, 57]",stop
389.0,Note,Parte_5,1.0,36,
389.0,Note,Parte_6,0.5,43,
389.5,Rest,Parte_1,0.5,0,
389.5,Rest,Parte_6,0.5,0,
390.0,Rest,Parte_1,2.0,0,
390.0,Chord,Parte_4,1.0,"[52, 55]",
390.0,Note,Parte_5,2.0,43,
390.0,Rest,Parte_6,1.0,0,
391.0,Rest,Parte_2,2.0,0,
391.0,Rest,Parte_3,2.0,0,
391.0,Chord,Parte_4,1.0,"[51, 55, 60]",start
391.0,Rest,Parte_6,2.0,0,
392.0,Rest,Parte_1,2.0,0,
392.0,Chord,Parte_4,1.0,"[51, 60]",stop
392.0,Rest,Parte_5,1.0,0,
393.0,Note,Parte_2,1.0,62,start
393.0,Rest,Parte_3,2.0,0,
393.0,Chord,Parte_4,1.0,"[50, 59]",
393.0,Rest,Parte_5,2.0,0,
393.0,Rest,Parte_6,2.0,0,
394.0,Rest,Parte_1,1.0,0,
394.0,Note,Parte_2,0.5,62,stop
394.0,Rest,Parte_4,3.0,0,
394.5,Note,Parte_2,0.5,62,start
395.0,Rest,Parte_1,1.0,0,
395.0,Note,Parte_2,0.5,62,stop
395.0,Rest,Parte_3,2.0,0,
395.0,Rest,Parte_5,1.0,0,
395.0,Rest,Parte_6,2.0,0,
395.5,Rest,Parte_2,0.5,0,
396.0,Rest,Parte_1,2.0,0,
396.0,Rest,Parte_2,1.0,0,
396.0,Rest,Parte_5,1.0,0,
397.0,Rest,Parte_2,2.0,0,
397.0,Rest,Parte_3,2.0,0,
397.0,Rest,Parte_4,2.0,0,
397.0,Note,Parte_5,1.0,55,start
397.0,Rest,Parte_6,2.0,0,
398.0,Rest,Parte_1,1.0,0,
398.0,Note,Parte_5,1.5,55,stop
399.0,Rest,Parte_1,1.0,0,
399.0,Rest,Parte_2,2.0,0,
399.0,Rest,Parte_3,1.5,0,
399.0,Rest,Parte_4,2.0,0,
399.0,Rest,Parte_6,2.0,0,
399.5,Rest,Parte_5,0.5,0,
400.0,Rest,Parte_1,1.0,0,
400.0,Note,Parte_5,0.75,72,
400.5,Rest,Parte_3,1.5,0,
400.75,Note,Parte_5,0.25,75,
401.0,Note,Parte_1,0.75,59,
401.0,Rest,Parte_2,2.0,0,
401.0,Rest,Parte_4,1.0,0,
401.0,Rest,Parte_5,2.0,0,
401.0,Rest,Parte_6,2.0,0,
401.75,Note,Parte_1,0.25,62,
402.0,Note,Parte_1,1.0,62,
402.0,Rest,Parte_3,2.0,0,
402.0,Note,Parte_4,1.0,75,
403.0,Note,Parte_1,0.5,59,
403.0,Rest,Parte_2,2.0,0,
403.0,Note,Parte_4,0.5,72,
403.0,Rest,Parte_5,2.0,0,
403.0,Rest,Parte_6,2.0,0,
403.5,Rest,Parte_1,0.5,0,
403.5,Rest,Parte_4,0.5,0,
404.0,Note,Parte_1,0.75,71,
404.0,Rest,Parte_3,2.0,0,
404.0,Chord,Parte_4,1.0,"[43, 55]",start
404.75,Note,Parte_1,0.25,74,
405.0,Note,Parte_1,1.0,74,
405.0,Rest,Parte_2,2.0,0,
405.0,Chord,Parte_4,0.5,"[43, 55]",stop
405.0,Rest,Parte_5,2.0,0,
405.0,Rest,Parte_6,2.0,0,
405.5,Note,Parte_4,0.5,43,
406.0,Note,Parte_1,0.5,71,
406.0,Rest,Parte_3,2.0,0,
406.0,Note,Parte_4,0.5,55,
406.5,Rest,Parte_1,0.5,0,
406.5,Rest,Parte_4,0.5,0,
407.0,Note,Parte_1,0.75,84,
407.0,Rest,Parte_2,2.0,0,
407.0,Chord,Parte_4,1.0,"[36, 48]",start
407.0,Rest,Parte_5,2.0,0,
407.0,Rest,Parte_6,2.0,0,
407.75,Note,Parte_1,0.25,87,
408.0,Note,Parte_1,1.0,87,
408.0,Rest,Parte_3,2.0,0,
408.0,Chord,Parte_4,0.5,"[36, 48]",stop
408.5,Note,Parte_4,0.5,36,
409.0,Note,Parte_1,0.5,84,
409.0,Rest,Parte_2,2.0,0,
409.0,Note,Parte_4,0.5,48,
409.0,Rest,Parte_5,2.0,0,
409.0,Rest,Parte_6,2.0,0,
409.5,Rest,Parte_1,0.5,0,
409.5,Rest,Parte_4,0.5,0,
410.0,Chord,Parte_1,0.75,"[62, 71]",
410.0,Rest,Parte_3,2.0,0,
410.0,Chord,Parte_4,1.0,"[29, 41]",start
410.75,Chord,Parte_1,0.25,"[65, 74]",
411.0,Chord,Parte_1,1.0,"[65, 74]",
411.0,Rest,Parte_2,0.5,0,
411.0,Chord,Parte_4,0.5,"[29, 41]",stop
411.0,Rest,Parte_5,2.0,0,
411.0,Rest,Parte_6,2.0,0,
411.5,Note,Parte_2,0.5,75,start
411.5,Note,Parte_4,0.5,41,
412.0,Chord,Parte_1,0.5,"[62, 71]",
412.0,Note,Parte_2,0.5,75,stop
412.0,Rest,Parte_3,2.0,0,
412.0,Note,Parte_4,0.5,53,
412.5,Rest,Parte_1,0.5,0,
412.5,Rest,Parte_2,1.5,0,
412.5,Rest,Parte_4,0.5,0,
413.0,Chord,Parte_1,0.75,"[62, 71]",
413.0,Chord,Parte_4,0.5,"[34, 46]",
413.0,Rest,Parte_5,2.0,0,
413.0,Rest,Parte_6,2.0,0,
413.5,Rest,Parte_4,0.5,0,
413.75,Chord,Parte_1,0.25,"[67, 75]",
414.0,Chord,Parte_1,1.0,"[67, 75]",
414.0,Rest,Parte_2,0.5,0,
414.0,Rest,Parte_3,2.0,0,
414.0,Chord,Parte_4,0.5,"[34, 46]",
414.5,Note,Parte_2,0.5,77,start
414.5,Rest,Parte_4,0.5,0,
415.0,Chord,Parte_1,0.5,"[63, 72]",
415.0,Note,Parte_2,0.5,77,stop
415.0,Rest,Parte_4,1.0,0,
415.0,Chord,Parte_5,0.5,"[53, 65]",stop
415.0,Rest,Parte_6,2.0,0,
415.5,Rest,Parte_1,0.5,0,
415.5,Rest,Parte_2,1.5,0,
415.5,Note,Parte_5,0.5,53,
416.0,Chord,Parte_1,0.75,"[69, 72]",
416.0,Rest,Parte_3,2.0,0,
416.0,Chord,Parte_4,1.0,"[65, 77]",start
416.0,Note,Parte_5,0.5,65,
416.5,Rest,Parte_5,0.5,0,
416.75,Chord,Parte_1,0.25,"[72, 81]",
417.0,Chord,Parte_1,1.0,"[72, 81]",
417.0,Rest,Parte_2,2.0,0,
417.0,Chord,Parte_4,0.5,"[65, 77]",stop
417.0,Chord,Parte_5,1.0,"[41, 53]",start
417.0,Rest,Parte_6,2.0,0,
417.5,Note,Parte_4,0.5,65,
418.0,Chord,Parte_1,0.5,"[69, 77]",
418.0,Rest,Parte_3,2.0,0,
418.0,Note,Parte_4,0.5,77,
418.0,Chord,Parte_5,0.5,"[41, 53]",stop
418.5,Rest,Parte_1,0.5,0,
418.5,Rest,Parte_4,0.5,0,
418.5,Note,Parte_5,0.5,41,
419.0,Chord,Parte_1,0.5,"[70, 82]",
419.0,Rest,Parte_2,1.0,0,
419.0,Chord,Parte_4,1.0,"[53, 65]",start
419.0,Note,Parte_5,0.5,53,
419.0,Rest,Parte_6,2.0,0,
419.5,Rest,Parte_1,0.5,0,
419.5,Rest,Parte_5,0.5,0,
420.0,Chord,Parte_1,0.5,"[70, 82]",
420.0,Rest,Parte_2,2.0,0,
420.0,Rest,Parte_3,2.0,0,
420.0,Chord,Parte_4,0.5,"[53, 65]",stop
420.0,Chord,Parte_5,1.0,"[54, 60, 63]",start
420.5,Rest,Parte_1,0.5,0,
420.5,Note,Parte_4,0.5,53,
421.0,Rest,Parte_1,1.0,0,
421.0,Note,Parte_4,0.5,65,
421.0,Rest,Parte_5,2.0,0,
421.0,Note,Parte_6,0.75,31,
421.5,Rest,Parte_4,0.5,0,
421.75,Note,Parte_6,0.25,35,
422.0,Chord,Parte_1,0.75,"[83, 86]",
422.0,Rest,Parte_2,2.0,0,
422.0,Rest,Parte_3,2.0,0,
422.0,Chord,Parte_4,1.0,"[53, 65]",start
422.0,Note,Parte_6,1.0,35,
422.75,Chord,Parte_1,0.25,"[86, 89]",
423.0,Chord,Parte_1,1.0,"[86, 89]",
423.0,Rest,Parte_4,1.5,0,
423.0,Note,Parte_5,0.5,57,
423.0,Note,Parte_6,0.5,31,
423.5,Note,Parte_5,0.5,45,
423.5,Rest,Parte_6,1.5,0,
424.0,Chord,Parte_1,0.5,"[83, 86]",
424.0,Note,Parte_2,2.0,67,stop
424.0,Rest,Parte_3,2.0,0,
424.0,Rest,Parte_5,2.0,0,
424.5,Rest,Parte_1,0.5,0,
424.5,Rest,Parte_4,1.5,0,
425.0,Chord,Parte_1,0.75,"[83, 86]",
425.0,Rest,Parte_6,2.0,0,
425.75,Chord,Parte_1,0.25,"[87, 91]",
426.0,Chord,Parte_1,1.0,"[87, 91]",
426.0,Rest,Parte_2,1.0,0,
426.0,Rest,Parte_3,2.0,0,
426.0,Rest,Parte_4,1.5,0,
426.0,Note,Parte_5,2.0,48,
427.0,Chord,Parte_1,0.5,"[84, 87]",
427.0,Rest,Parte_2,2.0,0,
427.0,Rest,Parte_6,2.0,0,
427.5,Rest,Parte_1,0.5,0,
427.5,Rest,Parte_4,1.5,0,
428.0,Chord,Parte_1,0.75,"[81, 84]",
428.0,Rest,Parte_3,2.0,0,
428.0,Note,Parte_5,1.0,51,
428.75,Chord,Parte_1,0.25,"[84, 87]",
429.0,Chord,Parte_1,1.0,"[84, 87]",
429.0,Rest,Parte_2,2.0,0,
429.0,Chord,Parte_4,1.0,"[54, 60, 63]",stop
429.0,Note,Parte_5,2.0,55,
429.0,Rest,Parte_6,2.0,0,
430.0,Chord,Parte_1,0.5,"[81, 84]",
430.0,Rest,Parte_3,2.0,0,
430.0,Chord,Parte_4,1.0,"[54, 60, 63]",
430.5,Rest,Parte_1,0.5,0,
431.0,Chord,Parte_1,0.75,"[81, 84]",
431.0,Note,Parte_2,1.0,50,start
431.0,Chord,Parte_4,1.0,"[55, 58, 62]",
431.0,Rest,Parte_5,1.0,0,
431.0,Rest,Parte_6,2.0,0,
431.75,Chord,Parte_1,0.25,"[85, 89]",
432.0,Chord,Parte_1,1.0,"[86, 89]",
432.0,Note,Parte_2,0.5,50,stop
432.0,Rest,Parte_3,2.0,0,
432.0,Note,Parte_4,1.0,60,
432.0,Rest,Parte_5,2.0,0,
432.5,Note,Parte_2,0.5,50,start
433.0,Chord,Parte_1,0.5,"[82, 86]",
433.0,Note,Parte_2,0.5,50,stop
433.0,Chord,Parte_4,1.0,"[46, 55, 58]",
433.0,Rest,Parte_6,2.0,0,
433.5,Rest,Parte_1,0.5,0,
433.5,Rest,Parte_2,1.5,0,
434.0,Chord,Parte_1,0.75,"[69, 72]",
434.0,Rest,Parte_3,2.0,0,
434.0,Chord,Parte_4,1.0,"[47, 53, 57]",start
434.0,Rest,Parte_5,1.0,0,
434.75,Chord,Parte_1,0.25,"[72, 75]",
435.0,Chord,Parte_1,2.0,"[72, 75]",
435.0,Rest,Parte_2,2.0,0,
435.0,Chord,Parte_4,1.0,"[53, 57]",stop
435.0,Rest,Parte_5,1.0,0,
435.0,Rest,Parte_6,2.0,0,
436.0,Rest,Parte_3,2.0,0,
436.0,Chord,Parte_4,1.0,"[52, 55]",
436.0,Note,Parte_5,1.0,43,start
437.0,Chord,Parte_1,1.0,"[70, 74]",
437.0,Rest,Parte_2,2.0,0,
437.0,Chord,Parte_4,1.0,"[55, 60]",start
437.0,Note,Parte_5,1.0,43,continue
437.0,Rest,Parte_6,2.0,0,
438.0,Chord,Parte_1,1.0,"[69, 72]",
438.0,Rest,Parte_3,2.0,0,
438.0,Note,Parte_4,1.0,60,stop
438.0,Note,Parte_5,0.5,43,stop
438.5,Rest,Parte_5,0.5,0,
439.0,Chord,Parte_1,1.0,"[67, 70]",
439.0,Rest,Parte_2,2.0,0,
439.0,Note,Parte_4,1.0,59,
439.0,Note,Parte_5,0.75,72,
439.0,Rest,Parte_6,2.0,0,
439.75,Note,Parte_5,0.25,75,
440.0,Chord,Parte_1,1.0,"[65, 69]",start
440.0,Rest,Parte_3,2.0,0,
440.0,Rest,Parte_4,1.0,0,
440.0,Rest,Parte_5,2.0,0,
441.0,Chord,Parte_1,1.0,"[65, 69]",stop
441.0,Rest,Parte_2,2.0,0,
441.0,Rest,Parte_4,3.0,0,
441.0,Rest,Parte_6,2.0,0,
442.0,Chord,Parte_1,1.0,"[64, 67]",
442.0,Rest,Parte_5,2.0,0,
443.0,Chord,Parte_1,1.0,"[63, 67, 72]",start
443.0,Rest,Parte_2,2.0,0,
443.0,Rest,Parte_6,2.0,0,
444.0,Chord,Parte_1,1.0,"[63, 72]",stop
444.0,Rest,Parte_4,2.0,0,
444.0,Rest,Parte_5,2.0,0,
445.0,Chord,Parte_1,1.0,"[62, 71]",
445.0,Rest,Parte_2,2.0,0,
445.0,Rest,Parte_6,2.0,0,
446.0,Rest,Parte_1,1.0,0,
446.0,Rest,Parte_4,1.5,0,
446.0,Rest,Parte_5,2.0,0,
447.0,Rest,Parte_1,1.0,0,
447.0,Rest,Parte_2,2.0,0,
447.0,Rest,Parte_6,2.0,0,
447.5,Rest,Parte_4,1.5,0,
448.0,Rest,Parte_1,1.0,0,
448.0,Rest,Parte_5,2.0,0,
449.0,Note,Parte_1,0.75,71,
449.0,Rest,Parte_2,2.0,0,
449.0,Note,Parte_4,1.0,75,
449.0,Rest,Parte_6,2.0,0,
449.75,Note,Parte_1,0.25,74,
450.0,Note,Parte_1,1.0,74,
450.0,Note,Parte_4,0.5,72,
450.0,Rest,Parte_5,2.0,0,
450.5,Rest,Parte_4,0.5,0,
451.0,Note,Parte_1,0.5,71,
451.0,Rest,Parte_2,2.0,0,
451.0,Chord,Parte_4,1.0,"[55, 67]",start
451.0,Rest,Parte_6,2.0,0,
451.5,Rest,Parte_1,0.5,0,
452.0,Note,Parte_1,0.75,59,
452.0,Chord,Parte_4,0.5,"[55, 67]",stop
452.0,Rest,Parte_5,2.0,0,
452.5,Note,Parte_4,0.5,55,
452.75,Note,Parte_1,0.25,62,
453.0,Note,Parte_1,1.0,62,
453.0,Rest,Parte_2,2.0,0,
453.0,Note,Parte_4,0.5,67,
453.0,Rest,Parte_6,2.0,0,
453.5,Rest,Parte_4,0.5,0,
454.0,Note,Parte_1,0.5,59,
454.0,Chord,Parte_4,1.0,"[48, 60]",start
454.0,Rest,Parte_5,2.0,0,
454.5,Rest,Parte_1,0.5,0,
455.0,Note,Parte_1,0.75,84,
455.0,Rest,Parte_2,2.0,0,
455.0,Chord,Parte_4,0.5,"[48, 60]",stop
455.0,Rest,Parte_6,2.0,0,
455.5,Note,Parte_4,0.5,48,
455.75,Note,Parte_1,0.25,87,
456.0,Note,Parte_1,1.0,87,
456.0,Note,Parte_4,0.5,60,
456.0,Rest,Parte_5,2.0,0,
456.5,Rest,Parte_4,0.5,0,
457.0,Note,Parte_1,0.5,84,
457.0,Rest,Parte_2,2.0,0,
457.0,Chord,Parte_4,1.0,"[41, 53]",start
457.0,Rest,Parte_6,2.0,0,
457.5,Rest,Parte_1,0.5,0,
458.0,Chord,Parte_1,0.75,"[74, 83]",
458.0,Chord,Parte_4,0.5,"[41, 53]",stop
458.0,Rest,Parte_5,2.0,0,
458.5,Note,Parte_4,0.5,41,
458.75,Chord,Parte_1,0.25,"[77, 86]",
459.0,Chord,Parte_1,1.0,"[77, 86]",
459.0,Rest,Parte_2,2.0,0,
459.0,Note,Parte_4,0.5,53,
459.0,Rest,Parte_6,2.0,0,
459.5,Rest,Parte_4,0.5,0,
460.0,Chord,Parte_1,0.5,"[74, 83]",
460.0,Chord,Parte_4,0.5,"[34, 46]",
460.0,Rest,Parte_5,2.0,0,
460.5,Rest,Parte_1,0.5,0,
460.5,Rest,Parte_4,0.5,0,
461.0,Chord,Parte_1,0.75,"[74, 83]",
461.0,Rest,Parte_2,2.0,0,
461.0,Chord,Parte_4,0.5,"[34, 46]",
461.0,Rest,Parte_6,2.0,0,
461.5,Rest,Parte_4,1.0,0,
461.75,Chord,Parte_1,0.25,"[79, 87]",
462.0,Chord,Parte_1,1.0,"[79, 87]",
462.0,Rest,Parte_5,2.0,0,
462.5,Rest,Parte_4,0.5,0,
463.0,Chord,Parte_1,0.5,"[75, 84]",
463.0,Rest,Parte_2,2.0,0,
463.0,Chord,Parte_4,0.5,"[35, 47]",
463.0,Rest,Parte_6,2.0,0,
463.5,Rest,Parte_1,0.5,0,
463.5,Rest,Parte_4,0.5,0,
464.0,Chord,Parte_1,0.75,"[81, 84]",
464.0,Chord,Parte_4,0.5,"[35, 47]",
464.0,Rest,Parte_5,2.0,0,
464.5,Rest,Parte_4,1.0,0,
464.75,Chord,Parte_1,0.25,"[84, 93]",
465.0,Chord,Parte_1,1.0,"[84, 93]",
465.0,Rest,Parte_2,2.0,0,
465.5,Rest,Parte_4,0.5,0,
466.0,Chord,Parte_1,0.5,"[81, 89]",
466.0,Chord,Parte_4,0.5,"[34, 46]",
466.0,Rest,Parte_5,2.0,0,
466.5,Rest,Parte_1,0.5,0,
466.5,Rest,Parte_4,0.5,0,
467.0,Chord,Parte_1,0.5,"[82, 94]",
467.0,Rest,Parte_2,2.0,0,
467.0,Chord,Parte_4,0.5,"[34, 46]",
467.5,Rest,Parte_1,0.5,0,
467.5,Rest,Parte_4,1.0,0,
468.0,Chord,Parte_1,0.5,"[82, 94]",
468.0,Rest,Parte_5,2.0,0,
468.5,Rest,Parte_1,0.5,0,
468.5,Rest,Parte_4,0.5,0,
469.0,Rest,Parte_1,1.0,0,
469.0,Rest,Parte_2,0.5,0,
469.0,Chord,Parte_4,0.5,"[35, 47]",
469.5,Note,Parte_2,0.5,60,
469.5,Rest,Parte_4,0.5,0,
470.0,Chord,Parte_1,0.5,"[59, 71]",
470.0,Note,Parte_2,0.5,53,
470.0,Chord,Parte_4,0.5,"[35, 47]",
470.0,Rest,Parte_5,2.0,0,
470.5,Rest,Parte_1,0.5,0,
470.5,Rest,Parte_2,1.5,0,
470.5,Rest,Parte_4,1.0,0,
471.0,Chord,Parte_1,0.5,"[59, 71]",
471.5,Rest,Parte_1,1.0,0,
471.5,Rest,Parte_4,0.5,0,
472.0,Rest,Parte_2,0.5,0,
472.0,Chord,Parte_4,0.5,"[34, 46]",
472.0,Rest,Parte_5,2.0,0,
472.5,Rest,Parte_1,0.5,0,
472.5,Note,Parte_2,0.5,72,
472.5,Rest,Parte_4,0.5,0,
473.0,Chord,Parte_1,0.5,"[82, 94]",
473.0,Note,Parte_2,0.5,65,
473.0,Chord,Parte_4,0.5,"[34, 46]",
473.5,Rest,Parte_1,0.5,0,
473.5,Rest,Parte_2,1.5,0,
473.5,Rest,Parte_4,1.0,0,
474.0,Tempo,68.0
474.0,Chord,Parte_1,0.5,"[82, 94]",
474.0,Note,Parte_5,1.0,57,
474.5,Rest,Parte_1,1.0,0,
474.5,Rest,Parte_4,0.5,0,
475.0,Rest,Parte_2,0.5,0,
475.0,Rest,Parte_4,1.0,0,
475.0,Note,Parte_5,0.5,58,
475.5,Rest,Parte_1,0.5,0,
475.5,Note,Parte_2,0.5,84,
475.5,Rest,Parte_5,0.5,0,
476.0,Chord,Parte_1,0.5,"[59, 71]",
476.0,Note,Parte_2,0.5,77,
476.0,Rest,Parte_4,2.0,0,
476.0,Note,Parte_5,0.75,70,
476.5,Rest,Parte_1,0.5,0,
476.5,Rest,Parte_2,0.5,0,
476.75,Note,Parte_5,0.25,65,
477.0,Tempo,64.0
477.0,Chord,Parte_1,0.5,"[59, 71]",
477.0,Note,Parte_5,1.0,69,
477.5,Rest,Parte_1,1.0,0,
478.0,Chord,Parte_4,0.5,"[35, 47]",
478.0,Note,Parte_5,0.5,70,
478.5,Rest,Parte_1,0.5,0,
478.5,Rest,Parte_4,0.5,0,
478.5,Rest,Parte_5,0.5,0,
479.0,Chord,Parte_1,0.5,"[58, 70]",
479.0,Chord,Parte_4,0.5,"[35, 47]",
479.0,Note,Parte_5,0.75,82,
479.5,Rest,Parte_1,0.5,0,
479.5,Rest,Parte_4,1.0,0,
479.75,Note,Parte_5,0.25,77,
480.0,Tempo,60.0
480.0,Chord,Parte_1,0.5,"[58, 70]",
480.0,Note,Parte_5,1.0,81,
480.5,Rest,Parte_1,1.0,0,
480.5,Rest,Parte_4,0.5,0,
481.0,Tempo,58.0
481.0,Chord,Parte_4,0.5,"[35, 47]",
481.0,Note,Parte_5,0.5,82,
481.5,Rest,Parte_1,0.5,0,
481.5,Rest,Parte_4,0.5,0,
481.5,Rest,Parte_5,0.5,0,
482.0,Note,Parte_1,0.75,62,
482.0,Chord,Parte_4,0.5,"[35, 47]",
482.5,Rest,Parte_4,1.0,0,
482.75,Note,Parte_1,0.25,66,
483.0,Tempo,55.0
483.0,Note,Parte_1,1.0,66,
483.5,Rest,Parte_4,0.5,0,
484.0,Note,Parte_1,0.5,62,
484.0,Chord,Parte_4,0.5,"[35, 47]",
484.5,Rest,Parte_1,0.5,0,
484.5,Rest,Parte_4,0.5,0,
485.0,Chord,Parte_1,0.5,"[59, 71]",
485.0,Chord,Parte_4,1.0,"[35, 47]",
485.5,Rest,Parte_1,0.5,0,
486.0,Tempo,51.0
486.0,Chord,Parte_1,0.5,"[59, 71]",
486.0,Chord,Parte_4,1.0,"[35, 47]",
486.5,Rest,Parte_1,1.0,0,
487.0,Chord,Parte_4,1.0,"[35, 47]",
487.5,Rest,Parte_1,0.5,0,
488.0,Chord,Parte_1,0.5,"[59, 71]",
488.0,Chord,Parte_4,1.0,"[35, 47]",
488.5,Rest,Parte_1,0.5,0,
489.0,Tempo,44.0
489.0,Chord,Parte_1,0.5,"[59, 71]",
489.0,Chord,Parte_4,1.0,"[35, 47]",
489.5,Rest,Parte_1,1.0,0,
490.0,Tempo,280.0
490.0,Formula de Compasso,2/2
490.0,Chord,Parte_4,1.0,"[35, 47]",
490.5,Rest,Parte_1,0.5,0,
491.0,Tempo,340.0
491.0,Chord,Parte_1,0.5,"[59, 71]",
491.0,Chord,Parte_4,1.0,"[35, 47]",
491.5,Rest,Parte_1,0.5,0,
492.0,Chord,Parte_1,1.0,"[59, 71]",
492.0,Chord,Parte_4,1.0,"[35, 47]",
493.0,Chord,Parte_1,1.0,"[59, 71]",
493.0,Chord,Parte_4,1.0,"[35, 47]",
494.0,Tempo,370.0
494.0,Chord,Parte_1,1.0,"[59, 71]",
494.0,Chord,Parte_4,1.0,"[35, 47]",
495.0,Chord,Parte_1,1.0,"[59, 71]",
495.0,Chord,Parte_4,1.0,"[35, 47]",
496.0,Chord,Parte_1,1.0,"[59, 71]",
496.0,Chord,Parte_4,1.0,"[35, 47]",
497.0,Chord,Parte_1,1.0,"[71, 83]",
497.0,Chord,Parte_4,1.0,"[35, 47]",
498.0,Chord,Parte_1,1.0,"[71, 83]",
498.0,Chord,Parte_4,1.0,"[35, 47]",
499.0,Chord,Parte_1,1.0,"[71, 83]",
499.0,Chord,Parte_4,1.0,"[35, 47]",
500.0,Chord,Parte_1,1.0,"[71, 83]",
500.0,Chord,Parte_4,0.5,"[34, 46]",
500.5,Rest,Parte_4,0.5,0,
501.0,Chord,Parte_1,1.0,"[83, 95]",
501.0,Chord,Parte_4,0.5,"[34, 46]",
501.5,Rest,Parte_4,0.5,0,
502.0,Chord,Parte_1,1.0,"[83, 95]",
502.0,Rest,Parte_4,1.0,0,
503.0,Chord,Parte_1,1.0,"[83, 95]",
503.0,Note,Parte_4,0.75,58,
503.75,Note,Parte_4,0.25,53,
504.0,Chord,Parte_1,1.0,"[83, 95]",
504.0,Rest,Parte_4,1.5,0,
505.0,Tempo,72.0
505.0,Chord,Parte_1,1.0,"[83, 95]",
505.5,Rest,Parte_4,1.5,0,
506.0,Formula de Compasso,3/4
506.0,Chord,Parte_1,1.0,"[83, 95]",
507.0,Chord,Parte_1,0.5,"[82, 94]",
507.0,Rest,Parte_4,1.5,0,
507.5,Rest,Parte_1,0.5,0,
508.0,Tempo,75.0
508.0,Chord,Parte_1,0.5,"[82, 94]",
508.5,Rest,Parte_1,0.5,0,
508.5,Rest,Parte_4,1.5,0,
509.0,Rest,Parte_1,1.0,0,
510.0,Note,Parte_1,0.75,62,
510.0,Rest,Parte_4,1.5,0,
510.75,Note,Parte_1,0.25,65,
511.0,Note,Parte_1,1.0,65,
511.5,Rest,Parte_4,0.5,0,
512.0,Note,Parte_1,0.5,62,
512.5,Rest,Parte_1,0.5,0,
513.0,Note,Parte_1,0.75,74,
513.75,Note,Parte_1,0.25,77,
514.0,Note,Parte_1,1.0,77,
515.0,Note,Parte_1,0.5,74,
515.5,Rest,Parte_1,0.5,0,
516.0,Note,Parte_1,0.75,86,
516.75,Note,Parte_1,0.25,89,
517.0,Note,Parte_1,1.0,89,
518.0,Note,Parte_1,0.5,86,
518.5,Rest,Parte_1,0.5,0,
