0.0,Formula de Compasso,2/4
0.0,Chord,Parte_1,1.5,"[66, 72]",
0.0,Rest,Parte_2,2.0,0,
0.0,Chord,Parte_3,1.5,"[50, 54]",
0.0,Rest,Parte_4,2.0,0,
0.0,Rest,Parte_5,2.0,0,
1.5,Chord,Parte_1,0.5,"[65, 73]",
1.5,Chord,Parte_3,0.5,"[49, 56]",
2.0,Chord,Parte_1,0.5,"[65, 68]",
2.0,Rest,Parte_2,2.0,0,
2.0,Chord,Parte_3,0.5,"[47, 49]",
2.0,Rest,Parte_4,2.0,0,
2.0,Rest,Parte_5,2.0,0,
2.5,Rest,Parte_1,0.5,0,
2.5,Rest,Parte_3,0.5,0,
3.0,Rest,Parte_1,0.5,0,
3.0,Rest,Parte_3,0.5,0,
3.5,Chord,Parte_1,0.5,"[66, 70]",
3.5,Chord,Parte_3,0.5,"[46, 49]",
4.0,Chord,Parte_1,0.75,"[63, 71]",
4.0,Rest,Parte_2,2.0,0,
4.0,Note,Parte_3,0.75,44,
4.0,Rest,Parte_4,2.0,0,
4.0,Rest,Parte_5,2.0,0,
4.75,Chord,Parte_1,0.25,"[61, 70]",
4.75,Note,Parte_3,0.25,46,
5.0,Chord,Parte_1,0.5,"[59, 68]",
5.0,Note,Parte_3,0.5,47,
5.5,Chord,Parte_1,0.5,"[58, 66]",
5.5,Note,Parte_3,0.5,48,
6.0,Chord,Parte_1,1.0,"[56, 65]",
6.0,Rest,Parte_2,2.0,0,
6.0,Note,Parte_3,1.0,49,
6.0,Rest,Parte_4,2.0,0,
6.0,Rest,Parte_5,2.0,0,
7.0,Rest,Parte_1,1.0,0,
7.0,Rest,Parte_3,1.0,0,
8.0,Chord,Parte_1,1.5,"[70, 73]",
8.0,Rest,Parte_2,2.0,0,
8.0,Chord,Parte_3,1.5,"[64, 67]",
8.0,Rest,Parte_4,2.0,0,
8.0,Rest,Parte_5,2.0,0,
9.5,Chord,Parte_1,0.5,"[71, 75]",
9.5,Chord,Parte_3,0.5,"[63, 66]",
10.0,Chord,Parte_1,1.0,"[73, 76]",
10.0,Rest,Parte_2,2.0,0,
10.0,Chord,Parte_3,1.0,"[61, 64]",
10.0,Rest,Parte_4,2.0,0,
10.0,Rest,Parte_5,2.0,0,
11.0,Rest,Parte_1,0.5,0,
11.0,Rest,Parte_3,0.5,0,
11.5,Chord,Parte_1,0.5,"[75, 78]",
11.5,Chord,Parte_3,0.5,"[59, 63]",
12.0,Chord,Parte_1,0.75,"[76, 80]",
12.0,Rest,Parte_2,2.0,0,
12.0,Note,Parte_3,0.75,56,
12.0,Note,Parte_4,1.0,52,
12.0,Rest,Parte_5,2.0,0,
12.75,Chord,Parte_1,0.25,"[73, 76]",
12.75,Note,Parte_3,0.25,61,
13.0,Chord,Parte_1,0.5,"[71, 75]",
13.0,Note,Parte_3,0.5,63,
13.0,Note,Parte_4,0.5,54,
13.5,Chord,Parte_1,0.5,"[70, 73]",
13.5,Note,Parte_3,0.5,64,
13.5,Note,Parte_4,0.5,54,
14.0,Chord,Parte_1,1.0,"[71, 75]",
14.0,Rest,Parte_2,1.0,0,
14.0,Note,Parte_3,1.0,63,
14.0,Note,Parte_4,1.0,59,
14.0,Rest,Parte_5,2.0,0,
15.0,Rest,Parte_1,1.0,0,
15.0,Rest,Parte_2,1.0,0,
15.0,Rest,Parte_3,1.0,0,
15.0,Rest,Parte_4,1.0,0,
16.0,Chord,Parte_1,1.5,"[66, 71]",
16.0,Rest,Parte_2,2.0,0,
16.0,Note,Parte_3,1.5,63,
16.0,Rest,Parte_4,2.0,0,
16.0,Rest,Parte_5,2.0,0,
17.5,Chord,Parte_1,0.5,"[66, 70]",
17.5,Note,Parte_3,0.5,61,
18.0,Chord,Parte_1,1.0,"[66, 75]",
18.0,Rest,Parte_2,2.0,0,
18.0,Note,Parte_3,1.0,59,
18.0,Rest,Parte_4,2.0,0,
18.0,Rest,Parte_5,2.0,0,
19.0,Rest,Parte_1,0.5,0,
19.0,Rest,Parte_3,0.5,0,
19.5,Chord,Parte_1,0.5,"[66, 73]",
19.5,Note,Parte_3,0.5,58,
20.0,Note,Parte_1,0.75,71,
20.0,Note,Parte_2,1.0,66,
20.0,Note,Parte_3,0.75,56,
20.0,Rest,Parte_4,2.0,0,
20.0,Rest,Parte_5,2.0,0,
20.75,Note,Parte_1,0.25,70,
20.75,Note,Parte_3,0.25,58,
21.0,Note,Parte_1,0.5,68,
21.0,Note,Parte_2,0.5,66,
21.0,Note,Parte_3,0.5,59,
21.5,Note,Parte_1,0.5,73,
21.5,Note,Parte_2,0.5,65,
21.5,Note,Parte_3,0.5,49,
22.0,Note,Parte_1,0.25,70,
22.0,Rest,Parte_2,2.0,0,
22.0,Note,Parte_3,0.5,54,
22.0,Rest,Parte_4,2.0,0,
22.0,Rest,Parte_5,2.0,0,
22.25,Note,Parte_1,0.25,66,
22.5,Note,Parte_1,0.25,65,
22.5,Note,Parte_3,0.5,61,
22.75,Note,Parte_1,0.25,66,
23.0,Note,Parte_1,0.25,71,
23.0,Note,Parte_3,0.5,63,
23.25,Note,Parte_1,0.25,78,
23.5,Note,Parte_1,0.25,70,
23.5,Note,Parte_3,0.5,61,
23.75,Note,Parte_1,0.25,78,
24.0,Note,Parte_1,0.25,75,
24.0,Rest,Parte_2,2.0,0,
24.0,Note,Parte_3,0.5,59,
24.0,Rest,Parte_4,2.0,0,
24.0,Rest,Parte_5,2.0,0,
24.25,Note,Parte_1,0.25,78,
24.5,Note,Parte_1,0.25,73,
24.5,Note,Parte_3,0.5,58,
24.75,Note,Parte_1,0.25,78,
25.0,Note,Parte_1,0.25,77,
25.0,Note,Parte_3,0.5,56,
25.25,Note,Parte_1,0.25,80,
25.5,Note,Parte_1,0.25,77,
25.5,Note,Parte_3,0.5,49,
25.75,Note,Parte_1,0.25,85,
26.0,Note,Parte_1,0.25,78,
26.0,Rest,Parte_2,2.0,0,
26.0,Note,Parte_3,0.5,54,
26.0,Rest,Parte_4,2.0,0,
26.0,Rest,Parte_5,2.0,0,
26.25,Note,Parte_1,0.25,82,
26.5,Note,Parte_1,0.25,78,
26.5,Note,Parte_3,0.5,49,
26.75,Note,Parte_1,0.25,85,
27.0,Note,Parte_1,0.25,78,
27.0,Note,Parte_3,0.5,46,
27.25,Note,Parte_1,0.25,85,
27.5,Note,Parte_1,0.25,82,
27.5,Note,Parte_3,0.5,49,
27.75,Note,Parte_1,0.25,85,
28.0,Note,Parte_1,0.25,82,
28.0,Rest,Parte_2,2.0,0,
28.0,Note,Parte_3,0.5,42,
28.0,Rest,Parte_4,2.0,0,
28.0,Rest,Parte_5,2.0,0,
28.25,Note,Parte_1,0.25,85,
28.5,Note,Parte_1,0.25,82,
28.5,Note,Parte_3,0.5,49,
28.75,Note,Parte_1,0.25,85,
29.0,Note,Parte_1,0.25,80,
29.0,Note,Parte_3,0.5,37,
29.25,Note,Parte_1,0.25,83,
29.5,Note,Parte_1,0.25,77,
29.5,Note,Parte_3,0.5,49,
29.75,Note,Parte_1,0.25,85,
30.0,Note,Parte_1,0.25,82,
30.0,Rest,Parte_2,2.0,0,
30.0,Note,Parte_3,0.5,42,
30.0,Rest,Parte_4,2.0,0,
30.0,Rest,Parte_5,2.0,0,
30.25,Note,Parte_1,0.25,78,
30.5,Note,Parte_1,0.25,70,
30.5,Note,Parte_3,0.5,61,
30.75,Note,Parte_1,0.25,78,
31.0,Note,Parte_1,0.25,71,
31.0,Note,Parte_3,0.5,63,
31.25,Note,Parte_1,0.25,78,
31.5,Note,Parte_1,0.25,70,
31.5,Note,Parte_3,0.5,61,
31.75,Note,Parte_1,0.25,78,
32.0,Note,Parte_1,0.25,75,
32.0,Rest,Parte_2,2.0,0,
32.0,Note,Parte_3,0.5,59,
32.0,Rest,Parte_4,2.0,0,
32.0,Rest,Parte_5,2.0,0,
32.25,Note,Parte_1,0.25,78,
32.5,Note,Parte_1,0.25,73,
32.5,Note,Parte_3,0.5,58,
32.75,Note,Parte_1,0.25,78,
33.0,Note,Parte_1,0.25,77,
33.0,Note,Parte_3,0.5,56,
33.25,Note,Parte_1,0.25,80,
33.5,Note,Parte_1,0.25,77,
33.5,Note,Parte_3,0.5,53,
33.75,Note,Parte_1,0.25,85,
34.0,Note,Parte_1,0.25,78,
34.0,Rest,Parte_2,2.0,0,
34.0,Note,Parte_3,0.5,54,
34.0,Rest,Parte_4,2.0,0,
34.0,Rest,Parte_5,2.0,0,
34.25,Note,Parte_1,0.25,82,
34.5,Note,Parte_1,0.25,78,
34.5,Note,Parte_3,0.5,49,
34.75,Note,Parte_1,0.25,85,
35.0,Note,Parte_1,0.25,78,
35.0,Note,Parte_3,0.5,46,
35.25,Note,Parte_1,0.25,85,
35.5,Note,Parte_1,0.25,82,
35.5,Note,Parte_3,0.5,49,
35.75,Note,Parte_1,0.25,85,
36.0,Note,Parte_1,0.25,82,
36.0,Rest,Parte_2,2.0,0,
36.0,Note,Parte_3,0.5,42,
36.0,Rest,Parte_4,2.0,0,
36.0,Rest,Parte_5,2.0,0,
36.25,Note,Parte_1,0.25,85,
36.5,Note,Parte_1,0.25,82,
36.5,Note,Parte_3,0.5,49,
36.75,Note,Parte_1,0.25,85,
37.0,Note,Parte_1,0.25,80,
37.0,Note,Parte_3,0.5,37,
37.25,Note,Parte_1,0.25,83,
37.5,Note,Parte_1,0.25,77,
37.5,Note,Parte_3,0.5,49,
37.75,Note,Parte_1,0.25,85,
38.0,Note,Parte_1,0.25,82,
38.0,Rest,Parte_2,2.0,0,
38.0,Note,Parte_3,0.5,42,
38.0,Rest,Parte_4,2.0,0,
38.0,Rest,Parte_5,2.0,0,
38.25,Note,Parte_1,0.25,85,
38.5,Chord,Parte_1,0.25,"[78, 82]",
38.5,Note,Parte_3,0.5,58,
38.75,Note,Parte_1,0.25,85,
39.0,Note,Parte_1,0.25,78,
39.0,Note,Parte_3,0.5,35,
39.25,Note,Parte_1,0.25,80,
39.5,Note,Parte_1,0.25,78,
39.5,Note,Parte_3,0.5,47,
39.75,Note,Parte_1,0.25,84,
40.0,Note,Parte_1,0.25,78,
40.0,Rest,Parte_2,2.0,0,
40.0,Note,Parte_3,0.5,36,
40.0,Rest,Parte_4,2.0,0,
40.0,Rest,Parte_5,2.0,0,
40.25,Note,Parte_1,0.25,80,
40.5,Note,Parte_1,0.25,78,
40.5,Note,Parte_3,0.5,48,
40.75,Note,Parte_1,0.25,87,
41.0,Note,Parte_1,0.25,78,
41.0,Note,Parte_3,0.5,32,
41.25,Note,Parte_1,0.25,80,
41.5,Note,Parte_1,0.25,78,
41.5,Note,Parte_3,0.5,44,
41.75,Note,Parte_1,0.25,87,
42.0,Chord,Parte_1,0.5,"[77, 80, 85]",
42.0,Rest,Parte_2,2.0,0,
42.0,Chord,Parte_3,0.5,"[37, 49]",
42.0,Rest,Parte_4,2.0,0,
42.0,Rest,Parte_5,2.0,0,
42.5,Note,Parte_1,0.25,60,
42.5,Rest,Parte_3,0.5,0,
42.75,Note,Parte_1,0.25,61,
43.0,Rest,Parte_1,0.5,0,
43.0,Note,Parte_3,0.25,60,
43.25,Note,Parte_3,0.25,61,
43.5,Note,Parte_1,0.25,64,
43.5,Rest,Parte_3,0.5,0,
43.75,Note,Parte_1,0.25,65,
44.0,Rest,Parte_1,0.5,0,
44.0,Rest,Parte_2,2.0,0,
44.0,Note,Parte_3,0.25,64,
44.0,Rest,Parte_4,2.0,0,
44.0,Rest,Parte_5,2.0,0,
44.25,Note,Parte_3,0.25,65,
44.5,Note,Parte_1,0.25,67,
44.5,Rest,Parte_3,0.5,0,
44.75,Note,Parte_1,0.25,68,
45.0,Rest,Parte_1,0.5,0,
45.0,Note,Parte_3,0.25,67,
45.25,Note,Parte_3,0.25,68,
45.5,Note,Parte_1,0.25,72,
45.5,Rest,Parte_3,0.5,0,
45.75,Note,Parte_1,0.25,73,
46.0,Rest,Parte_1,0.5,0,
46.0,Rest,Parte_2,2.0,0,
46.0,Note,Parte_3,0.25,72,
46.0,Rest,Parte_4,2.0,0,
46.0,Rest,Parte_5,2.0,0,
46.25,Note,Parte_3,0.25,73,
46.5,Note,Parte_1,0.25,76,
46.5,Rest,Parte_3,0.5,0,
46.75,Note,Parte_1,0.25,77,
47.0,Rest,Parte_1,0.5,0,
47.0,Note,Parte_3,0.25,76,
47.25,Note,Parte_3,0.25,77,
47.5,Note,Parte_1,0.25,79,
47.5,Rest,Parte_3,0.5,0,
47.75,Note,Parte_1,0.25,80,
48.0,Rest,Parte_1,0.5,0,
48.0,Rest,Parte_2,2.0,0,
48.0,Note,Parte_3,0.25,79,
48.0,Rest,Parte_4,2.0,0,
48.0,Rest,Parte_5,2.0,0,
48.25,Note,Parte_3,0.25,80,
48.5,Note,Parte_1,0.25,84,
48.5,Rest,Parte_3,0.5,0,
48.75,Note,Parte_1,0.25,85,
49.0,Rest,Parte_1,0.5,0,
49.0,Note,Parte_3,0.25,84,
49.25,Note,Parte_3,0.25,85,
49.5,Note,Parte_1,0.25,88,
49.5,Rest,Parte_3,0.5,0,
49.75,Note,Parte_1,0.25,89,
50.0,Rest,Parte_1,0.5,0,
50.0,Rest,Parte_2,2.0,0,
50.0,Note,Parte_3,0.25,88,
50.0,Rest,Parte_4,2.0,0,
50.0,Rest,Parte_5,2.0,0,
50.25,Note,Parte_3,0.25,89,
50.5,Note,Parte_1,0.25,91,
50.5,Rest,Parte_3,0.5,0,
50.75,Note,Parte_1,0.25,92,
51.0,Rest,Parte_1,0.5,0,
51.0,Note,Parte_3,0.25,84,
51.25,Note,Parte_3,0.25,85,
51.5,Note,Parte_1,0.25,88,
51.5,Rest,Parte_3,0.5,0,
51.75,Note,Parte_1,0.25,89,
52.0,Rest,Parte_1,0.5,0,
52.0,Rest,Parte_2,2.0,0,
52.0,Note,Parte_3,0.25,79,
52.0,Rest,Parte_4,2.0,0,
52.0,Rest,Parte_5,2.0,0,
52.25,Note,Parte_3,0.25,80,
52.5,Note,Parte_1,0.25,84,
52.5,Rest,Parte_3,0.5,0,
52.75,Note,Parte_1,0.25,85,
53.0,Rest,Parte_1,0.5,0,
53.0,Note,Parte_3,0.25,76,
53.25,Note,Parte_3,0.25,77,
53.5,Note,Parte_1,0.25,79,
53.5,Rest,Parte_3,0.5,0,
53.75,Note,Parte_1,0.25,80,
54.0,Rest,Parte_1,0.5,0,
54.0,Rest,Parte_2,2.0,0,
54.0,Note,Parte_3,0.25,72,
54.0,Rest,Parte_4,2.0,0,
54.0,Rest,Parte_5,2.0,0,
54.25,Note,Parte_3,0.25,73,
54.5,Note,Parte_1,0.25,76,
54.5,Rest,Parte_3,0.5,0,
54.75,Note,Parte_1,0.25,77,
55.0,Rest,Parte_1,0.5,0,
55.0,Note,Parte_3,0.25,67,
55.25,Note,Parte_3,0.25,68,
55.5,Note,Parte_1,0.25,72,
55.5,Rest,Parte_3,0.5,0,
55.75,Note,Parte_1,0.25,73,
56.0,Rest,Parte_1,0.5,0,
56.0,Rest,Parte_2,2.0,0,
56.0,Note,Parte_3,0.25,64,
56.0,Rest,Parte_4,2.0,0,
56.0,Rest,Parte_5,2.0,0,
56.25,Note,Parte_3,0.25,65,
56.5,Note,Parte_1,0.25,72,
56.5,Rest,Parte_3,0.5,0,
56.75,Note,Parte_1,0.25,73,
57.0,Rest,Parte_1,0.5,0,
57.0,Note,Parte_3,0.25,60,
57.25,Note,Parte_3,0.25,61,
57.5,Note,Parte_1,0.25,72,
57.5,Rest,Parte_3,0.5,0,
57.75,Note,Parte_1,0.25,73,
58.0,Rest,Parte_1,0.5,0,
58.0,Rest,Parte_2,2.0,0,
58.0,Note,Parte_3,0.25,60,
58.0,Rest,Parte_4,2.0,0,
58.0,Rest,Parte_5,2.0,0,
58.25,Note,Parte_3,0.25,61,
58.5,Note,Parte_1,0.25,72,
58.5,Rest,Parte_3,0.5,0,
58.75,Note,Parte_1,0.25,73,
59.0,Rest,Parte_1,0.5,0,
59.0,Note,Parte_3,0.25,48,
59.25,Note,Parte_3,0.25,49,
59.5,Note,Parte_1,0.25,60,
59.5,Rest,Parte_3,0.5,0,
59.75,Note,Parte_1,0.25,61,
60.0,Rest,Parte_1,0.5,0,
60.0,Rest,Parte_2,2.0,0,
60.0,Note,Parte_3,0.25,60,
60.0,Rest,Parte_4,2.0,0,
60.0,Rest,Parte_5,2.0,0,
60.25,Note,Parte_3,0.25,61,
60.5,Note,Parte_1,0.25,72,
60.5,Rest,Parte_3,0.5,0,
60.75,Note,Parte_1,0.25,73,
61.0,Rest,Parte_1,0.5,0,
61.0,Note,Parte_3,0.25,48,
61.25,Note,Parte_3,0.25,49,
61.5,Note,Parte_1,0.25,60,
61.5,Rest,Parte_3,0.5,0,
61.75,Note,Parte_1,0.25,61,
62.0,Chord,Parte_1,1.5,"[66, 72]",
62.0,Rest,Parte_2,2.0,0,
62.0,Chord,Parte_3,1.5,"[50, 54]",
62.0,Rest,Parte_4,2.0,0,
62.0,Rest,Parte_5,2.0,0,
63.5,Chord,Parte_1,0.5,"[65, 73]",
63.5,Chord,Parte_3,0.5,"[49, 56]",
64.0,Chord,Parte_1,0.5,"[65, 68]",
64.0,Rest,Parte_2,2.0,0,
64.0,Chord,Parte_3,0.5,"[47, 49]",
64.0,Rest,Parte_4,2.0,0,
64.0,Rest,Parte_5,2.0,0,
64.5,Rest,Parte_1,0.5,0,
64.5,Rest,Parte_3,0.5,0,
65.0,Rest,Parte_1,0.5,0,
65.0,Rest,Parte_3,0.5,0,
65.5,Chord,Parte_1,0.5,"[66, 70]",
65.5,Chord,Parte_3,0.5,"[46, 49]",
66.0,Chord,Parte_1,0.75,"[63, 71]",
66.0,Rest,Parte_2,2.0,0,
66.0,Note,Parte_3,0.75,44,
66.0,Rest,Parte_4,2.0,0,
66.0,Rest,Parte_5,2.0,0,
66.75,Chord,Parte_1,0.25,"[61, 70]",
66.75,Note,Parte_3,0.25,46,
67.0,Chord,Parte_1,0.5,"[59, 68]",
67.0,Note,Parte_3,0.5,47,
67.5,Chord,Parte_1,0.5,"[58, 66]",
67.5,Note,Parte_3,0.5,48,
68.0,Chord,Parte_1,1.0,"[56, 65]",
68.0,Rest,Parte_2,2.0,0,
68.0,Note,Parte_3,1.0,49,
68.0,Rest,Parte_4,2.0,0,
68.0,Rest,Parte_5,2.0,0,
69.0,Rest,Parte_1,1.0,0,
69.0,Rest,Parte_3,1.0,0,
70.0,Chord,Parte_1,1.5,"[70, 73]",
70.0,Rest,Parte_2,2.0,0,
70.0,Chord,Parte_3,1.5,"[64, 67]",
70.0,Rest,Parte_4,2.0,0,
70.0,Rest,Parte_5,2.0,0,
71.5,Chord,Parte_1,0.5,"[71, 75]",
71.5,Chord,Parte_3,0.5,"[63, 66]",
72.0,Chord,Parte_1,1.0,"[73, 76]",
72.0,Rest,Parte_2,2.0,0,
72.0,Chord,Parte_3,1.0,"[61, 64]",
72.0,Rest,Parte_4,2.0,0,
72.0,Rest,Parte_5,2.0,0,
73.0,Rest,Parte_1,0.5,0,
73.0,Rest,Parte_3,0.5,0,
73.5,Chord,Parte_1,0.5,"[75, 78]",
73.5,Chord,Parte_3,0.5,"[59, 63]",
74.0,Chord,Parte_1,0.75,"[76, 80]",
74.0,Rest,Parte_2,2.0,0,
74.0,Note,Parte_3,0.75,56,
74.0,Note,Parte_4,1.0,52,
74.0,Rest,Parte_5,2.0,0,
74.75,Chord,Parte_1,0.25,"[73, 76]",
74.75,Note,Parte_3,0.25,61,
75.0,Chord,Parte_1,0.5,"[71, 75]",
75.0,Note,Parte_3,0.5,63,
75.0,Note,Parte_4,0.5,54,
75.5,Chord,Parte_1,0.5,"[70, 73]",
75.5,Note,Parte_3,0.5,64,
75.5,Note,Parte_4,0.5,54,
76.0,Chord,Parte_1,1.0,"[71, 75]",
76.0,Rest,Parte_2,1.0,0,
76.0,Note,Parte_3,1.0,63,
76.0,Note,Parte_4,1.0,59,
76.0,Rest,Parte_5,2.0,0,
77.0,Rest,Parte_1,1.0,0,
77.0,Rest,Parte_2,1.0,0,
77.0,Rest,Parte_3,1.0,0,
77.0,Rest,Parte_4,1.0,0,
78.0,Chord,Parte_1,1.5,"[66, 71]",
78.0,Rest,Parte_2,2.0,0,
78.0,Note,Parte_3,1.5,63,
78.0,Rest,Parte_4,2.0,0,
78.0,Rest,Parte_5,2.0,0,
79.5,Chord,Parte_1,0.5,"[66, 70]",
79.5,Note,Parte_3,0.5,61,
80.0,Chord,Parte_1,1.0,"[66, 75]",
80.0,Rest,Parte_2,2.0,0,
80.0,Note,Parte_3,1.0,59,
80.0,Rest,Parte_4,2.0,0,
80.0,Rest,Parte_5,2.0,0,
81.0,Rest,Parte_1,0.5,0,
81.0,Rest,Parte_3,0.5,0,
81.5,Chord,Parte_1,0.5,"[66, 73]",
81.5,Note,Parte_3,0.5,58,
82.0,Note,Parte_1,0.75,71,
82.0,Note,Parte_2,1.0,66,
82.0,Note,Parte_3,0.75,56,
82.0,Rest,Parte_4,2.0,0,
82.0,Rest,Parte_5,2.0,0,
82.75,Note,Parte_1,0.25,70,
82.75,Note,Parte_3,0.25,58,
83.0,Note,Parte_1,0.5,68,
83.0,Note,Parte_2,0.5,66,
83.0,Note,Parte_3,0.5,59,
83.5,Note,Parte_1,0.5,73,
83.5,Note,Parte_2,0.5,65,
83.5,Note,Parte_3,0.5,49,
84.0,Note,Parte_1,0.25,70,
84.0,Rest,Parte_2,2.0,0,
84.0,Note,Parte_3,0.5,54,
84.0,Rest,Parte_4,2.0,0,
84.0,Rest,Parte_5,2.0,0,
84.25,Note,Parte_1,0.25,66,
84.5,Note,Parte_1,0.25,65,
84.5,Note,Parte_3,0.5,61,
84.75,Note,Parte_1,0.25,66,
85.0,Note,Parte_1,0.25,71,
85.0,Note,Parte_3,0.5,63,
85.25,Note,Parte_1,0.25,78,
85.5,Note,Parte_1,0.25,70,
85.5,Note,Parte_3,0.5,61,
85.75,Note,Parte_1,0.25,78,
86.0,Note,Parte_1,0.25,75,
86.0,Rest,Parte_2,2.0,0,
86.0,Note,Parte_3,0.5,59,
86.0,Rest,Parte_4,2.0,0,
86.0,Rest,Parte_5,2.0,0,
86.25,Note,Parte_1,0.25,78,
86.5,Note,Parte_1,0.25,73,
86.5,Note,Parte_3,0.5,58,
86.75,Note,Parte_1,0.25,78,
87.0,Note,Parte_1,0.25,77,
87.0,Note,Parte_3,0.5,56,
87.25,Note,Parte_1,0.25,80,
87.5,Note,Parte_1,0.25,77,
87.5,Note,Parte_3,0.5,49,
87.75,Note,Parte_1,0.25,85,
88.0,Note,Parte_1,0.25,78,
88.0,Rest,Parte_2,2.0,0,
88.0,Note,Parte_3,0.5,54,
88.0,Rest,Parte_4,2.0,0,
88.0,Rest,Parte_5,2.0,0,
88.25,Note,Parte_1,0.25,82,
88.5,Note,Parte_1,0.25,78,
88.5,Note,Parte_3,0.5,49,
88.75,Note,Parte_1,0.25,85,
89.0,Note,Parte_1,0.25,78,
89.0,Note,Parte_3,0.5,46,
89.25,Note,Parte_1,0.25,85,
89.5,Note,Parte_1,0.25,82,
89.5,Note,Parte_3,0.5,49,
89.75,Note,Parte_1,0.25,85,
90.0,Note,Parte_1,0.25,82,
90.0,Rest,Parte_2,2.0,0,
90.0,Note,Parte_3,0.5,42,
90.0,Rest,Parte_4,2.0,0,
90.0,Rest,Parte_5,2.0,0,
90.25,Note,Parte_1,0.25,85,
90.5,Note,Parte_1,0.25,82,
90.5,Note,Parte_3,0.5,49,
90.75,Note,Parte_1,0.25,85,
91.0,Note,Parte_1,0.25,80,
91.0,Note,Parte_3,0.5,37,
91.25,Note,Parte_1,0.25,83,
91.5,Note,Parte_1,0.25,77,
91.5,Note,Parte_3,0.5,49,
91.75,Note,Parte_1,0.25,85,
92.0,Note,Parte_1,0.25,82,
92.0,Rest,Parte_2,2.0,0,
92.0,Note,Parte_3,0.5,54,
92.0,Rest,Parte_4,2.0,0,
92.0,Rest,Parte_5,2.0,0,
92.25,Note,Parte_1,0.25,78,
92.5,Note,Parte_1,0.25,70,
92.5,Note,Parte_3,0.5,61,
92.75,Note,Parte_1,0.25,78,
93.0,Note,Parte_1,0.25,71,
93.0,Note,Parte_3,0.5,63,
93.25,Note,Parte_1,0.25,78,
93.5,Note,Parte_1,0.25,70,
93.5,Note,Parte_3,0.5,61,
93.75,Note,Parte_1,0.25,78,
94.0,Note,Parte_1,0.25,75,
94.0,Rest,Parte_2,2.0,0,
94.0,Note,Parte_3,0.5,59,
94.0,Rest,Parte_4,2.0,0,
94.0,Rest,Parte_5,2.0,0,
94.25,Note,Parte_1,0.25,78,
94.5,Note,Parte_1,0.25,73,
94.5,Note,Parte_3,0.5,58,
94.75,Note,Parte_1,0.25,78,
95.0,Note,Parte_1,0.25,77,
95.0,Note,Parte_3,0.5,56,
95.25,Note,Parte_1,0.25,80,
95.5,Note,Parte_1,0.25,77,
95.5,Note,Parte_3,0.5,49,
95.75,Note,Parte_1,0.25,85,
96.0,Note,Parte_1,0.25,78,
96.0,Rest,Parte_2,2.0,0,
96.0,Note,Parte_3,0.5,54,
96.0,Rest,Parte_4,2.0,0,
96.0,Rest,Parte_5,2.0,0,
96.25,Note,Parte_1,0.25,82,
96.5,Note,Parte_1,0.25,78,
96.5,Note,Parte_3,0.5,42,
96.75,Note,Parte_1,0.25,85,
97.0,Note,Parte_1,0.25,78,
97.0,Note,Parte_3,0.5,51,
97.25,Note,Parte_1,0.25,82,
97.5,Note,Parte_1,0.25,78,
97.5,Note,Parte_3,0.5,39,
97.75,Note,Parte_1,0.25,87,
98.0,Note,Parte_1,0.25,78,
98.0,Rest,Parte_2,2.0,0,
98.0,Note,Parte_3,0.5,47,
98.0,Rest,Parte_4,2.0,0,
98.0,Rest,Parte_5,2.0,0,
98.25,Note,Parte_1,0.25,87,
98.5,Note,Parte_1,0.25,78,
98.5,Note,Parte_3,0.5,35,
98.75,Note,Parte_1,0.25,87,
99.0,Note,Parte_1,0.25,78,
99.0,Note,Parte_3,0.5,45,
99.25,Note,Parte_1,0.25,87,
99.5,Note,Parte_1,0.25,78,
99.5,Note,Parte_3,0.5,33,
99.75,Note,Parte_1,0.25,87,
100.0,Chord,Parte_1,0.5,"[77, 86]",
100.0,Rest,Parte_2,2.0,0,
100.0,Chord,Parte_3,0.5,"[34, 46]",
100.0,Rest,Parte_4,2.0,0,
100.0,Rest,Parte_5,2.0,0,
100.5,Note,Parte_1,0.25,71,
100.5,Rest,Parte_3,0.5,0,
100.75,Note,Parte_1,0.25,70,
101.0,Rest,Parte_1,0.5,0,
101.0,Note,Parte_3,0.25,70,
101.25,Note,Parte_3,0.25,68,
101.5,Note,Parte_1,0.25,70,
101.5,Rest,Parte_3,0.5,0,
101.75,Note,Parte_1,0.25,68,
102.0,Rest,Parte_1,0.5,0,
102.0,Rest,Parte_2,2.0,0,
102.0,Note,Parte_3,0.25,68,
102.0,Rest,Parte_4,2.0,0,
102.0,Rest,Parte_5,2.0,0,
102.25,Note,Parte_3,0.25,66,
102.5,Note,Parte_1,0.25,68,
102.5,Rest,Parte_3,0.5,0,
102.75,Note,Parte_1,0.25,66,
103.0,Rest,Parte_1,0.5,0,
103.0,Note,Parte_3,0.25,66,
103.25,Note,Parte_3,0.25,65,
103.5,Note,Parte_1,0.25,66,
103.5,Rest,Parte_3,0.5,0,
103.75,Note,Parte_1,0.25,65,
104.0,Rest,Parte_1,0.5,0,
104.0,Rest,Parte_2,2.0,0,
104.0,Note,Parte_3,0.25,65,
104.0,Rest,Parte_4,2.0,0,
104.0,Rest,Parte_5,2.0,0,
104.25,Note,Parte_3,0.25,63,
104.5,Note,Parte_1,0.25,65,
104.5,Rest,Parte_3,0.5,0,
104.75,Note,Parte_1,0.25,63,
105.0,Rest,Parte_1,0.5,0,
105.0,Note,Parte_3,0.25,63,
105.25,Note,Parte_3,0.25,61,
105.5,Note,Parte_1,0.25,63,
105.5,Rest,Parte_3,0.5,0,
105.75,Note,Parte_1,0.25,61,
106.0,Rest,Parte_1,0.5,0,
106.0,Rest,Parte_2,2.0,0,
106.0,Note,Parte_3,0.25,61,
106.0,Rest,Parte_4,2.0,0,
106.0,Rest,Parte_5,2.0,0,
106.25,Note,Parte_3,0.25,59,
106.5,Note,Parte_1,0.25,61,
106.5,Rest,Parte_3,0.5,0,
106.75,Note,Parte_1,0.25,59,
107.0,Rest,Parte_1,0.5,0,
107.0,Note,Parte_3,0.25,59,
107.25,Note,Parte_3,0.25,58,
107.5,Note,Parte_1,0.25,59,
107.5,Rest,Parte_3,0.5,0,
107.75,Note,Parte_1,0.25,58,
108.0,Rest,Parte_1,0.5,0,
108.0,Rest,Parte_2,2.0,0,
108.0,Note,Parte_3,0.25,58,
108.0,Rest,Parte_4,2.0,0,
108.0,Rest,Parte_5,2.0,0,
108.25,Note,Parte_3,0.25,57,
108.5,Note,Parte_1,0.25,58,
108.5,Rest,Parte_3,0.5,0,
108.75,Note,Parte_1,0.25,57,
109.0,Rest,Parte_1,0.5,0,
109.0,Note,Parte_3,0.25,58,
109.25,Note,Parte_3,0.25,56,
109.5,Note,Parte_1,0.25,58,
109.5,Rest,Parte_3,0.5,0,
109.75,Note,Parte_1,0.25,56,
110.0,Rest,Parte_1,0.5,0,
110.0,Rest,Parte_2,2.0,0,
110.0,Note,Parte_3,0.25,58,
110.0,Rest,Parte_4,2.0,0,
110.0,Rest,Parte_5,2.0,0,
110.25,Note,Parte_3,0.25,54,
110.5,Note,Parte_1,0.25,58,
110.5,Rest,Parte_3,0.5,0,
110.75,Note,Parte_1,0.25,54,
111.0,Rest,Parte_1,0.5,0,
111.0,Note,Parte_3,0.25,58,
111.25,Note,Parte_3,0.25,53,
111.5,Note,Parte_1,0.25,58,
111.5,Rest,Parte_3,0.5,0,
111.75,Note,Parte_1,0.25,53,
112.0,Rest,Parte_1,0.5,0,
112.0,Rest,Parte_2,2.0,0,
112.0,Note,Parte_3,0.5,39,
112.0,Rest,Parte_4,2.0,0,
112.0,Rest,Parte_5,2.0,0,
112.5,Note,Parte_1,0.25,58,
112.5,Note,Parte_3,0.5,55,
112.75,Note,Parte_1,0.25,63,
113.0,Note,Parte_1,0.25,63,
113.0,Note,Parte_3,0.5,58,
113.25,Note,Parte_1,0.25,67,
113.5,Note,Parte_1,0.25,67,
113.5,Note,Parte_3,0.5,63,
113.75,Note,Parte_1,0.25,70,
114.0,Note,Parte_1,0.25,70,
114.0,Rest,Parte_2,2.0,0,
114.0,Note,Parte_3,0.5,67,
114.0,Rest,Parte_4,2.0,0,
114.0,Rest,Parte_5,2.0,0,
114.25,Note,Parte_1,0.25,75,
114.5,Note,Parte_1,0.25,75,
114.5,Note,Parte_3,0.5,70,
114.75,Note,Parte_1,0.25,79,
115.0,Note,Parte_1,0.25,79,
115.0,Note,Parte_3,0.5,75,
115.25,Note,Parte_1,0.25,82,
115.5,Note,Parte_1,0.25,82,
115.5,Note,Parte_3,0.5,79,
115.75,Note,Parte_1,0.25,87,
116.0,Note,Parte_1,0.5,91,
116.0,Rest,Parte_2,2.0,0,
116.0,Note,Parte_3,0.5,82,
116.0,Rest,Parte_4,2.0,0,
116.0,Rest,Parte_5,2.0,0,
116.5,Note,Parte_1,0.25,66,
116.5,Note,Parte_3,0.5,51,
116.75,Note,Parte_1,0.25,70,
117.0,Note,Parte_1,0.25,63,
117.0,Note,Parte_3,0.5,54,
117.25,Note,Parte_1,0.25,70,
117.5,Note,Parte_1,0.25,66,
117.5,Note,Parte_3,0.5,51,
117.75,Note,Parte_1,0.25,70,
118.0,Note,Parte_1,0.25,63,
118.0,Rest,Parte_2,2.0,0,
118.0,Note,Parte_3,0.5,54,
118.0,Rest,Parte_4,1.0,0,
118.0,Rest,Parte_5,2.0,0,
118.25,Note,Parte_1,0.25,70,
118.5,Note,Parte_1,0.25,66,
118.5,Note,Parte_3,0.5,51,
118.75,Note,Parte_1,0.25,70,
119.0,Note,Parte_1,0.25,68,
119.0,Note,Parte_3,0.5,53,
119.0,Note,Parte_4,1.0,46,
119.25,Note,Parte_1,0.25,70,
119.5,Note,Parte_1,0.25,65,
119.5,Note,Parte_3,0.5,50,
119.75,Note,Parte_1,0.25,70,
120.0,Rest,Parte_1,0.5,0,
120.0,Rest,Parte_2,2.0,0,
120.0,Note,Parte_3,0.5,39,
120.0,Rest,Parte_4,2.0,0,
120.0,Rest,Parte_5,2.0,0,
120.5,Note,Parte_1,0.25,58,
120.5,Note,Parte_3,0.5,55,
120.75,Note,Parte_1,0.25,63,
121.0,Note,Parte_1,0.25,63,
121.0,Note,Parte_3,0.5,58,
121.25,Note,Parte_1,0.25,67,
121.5,Note,Parte_1,0.25,67,
121.5,Note,Parte_3,0.5,63,
121.75,Note,Parte_1,0.25,70,
122.0,Note,Parte_1,0.25,70,
122.0,Rest,Parte_2,2.0,0,
122.0,Note,Parte_3,0.5,67,
122.0,Rest,Parte_4,2.0,0,
122.0,Rest,Parte_5,2.0,0,
122.25,Note,Parte_1,0.25,75,
122.5,Note,Parte_1,0.25,75,
122.5,Note,Parte_3,0.5,70,
122.75,Note,Parte_1,0.25,79,
123.0,Note,Parte_1,0.25,79,
123.0,Note,Parte_3,0.5,75,
123.25,Note,Parte_1,0.25,82,
123.5,Note,Parte_1,0.25,82,
123.5,Note,Parte_3,0.5,79,
123.75,Note,Parte_1,0.25,87,
124.0,Note,Parte_1,0.5,91,
124.0,Rest,Parte_2,2.0,0,
124.0,Note,Parte_3,0.5,82,
124.0,Rest,Parte_4,2.0,0,
124.0,Rest,Parte_5,2.0,0,
124.5,Note,Parte_1,0.25,66,
124.5,Note,Parte_3,0.5,51,
124.75,Note,Parte_1,0.25,70,
125.0,Note,Parte_1,0.25,63,
125.0,Note,Parte_3,0.5,54,
125.25,Note,Parte_1,0.25,70,
125.5,Note,Parte_1,0.25,66,
125.5,Note,Parte_3,0.5,51,
125.75,Note,Parte_1,0.25,70,
126.0,Note,Parte_1,0.25,63,
126.0,Rest,Parte_2,2.0,0,
126.0,Note,Parte_3,0.5,54,
126.0,Rest,Parte_4,1.0,0,
126.0,Rest,Parte_5,2.0,0,
126.25,Note,Parte_1,0.25,70,
126.5,Note,Parte_1,0.25,66,
126.5,Note,Parte_3,0.5,51,
126.75,Note,Parte_1,0.25,70,
127.0,Note,Parte_1,0.25,68,
127.0,Note,Parte_3,0.5,53,
127.0,Note,Parte_4,1.0,46,
127.25,Note,Parte_1,0.25,70,
127.5,Note,Parte_1,0.25,65,
127.5,Note,Parte_3,0.5,50,
127.75,Note,Parte_1,0.25,70,
128.0,Note,Parte_1,0.25,63,
128.0,Rest,Parte_2,2.0,0,
128.0,Note,Parte_3,0.5,51,
128.0,Rest,Parte_4,2.0,0,
128.0,Rest,Parte_5,2.0,0,
128.25,Note,Parte_1,0.25,66,
128.5,Note,Parte_1,0.25,66,
128.5,Note,Parte_3,0.5,51,
128.75,Note,Parte_1,0.25,75,
129.0,Note,Parte_1,0.25,65,
129.0,Note,Parte_3,0.5,58,
129.25,Note,Parte_1,0.25,74,
129.5,Note,Parte_1,0.25,74,
129.5,Note,Parte_3,0.5,46,
129.75,Note,Parte_1,0.25,77,
130.0,Note,Parte_1,0.25,66,
130.0,Rest,Parte_2,2.0,0,
130.0,Note,Parte_3,0.5,51,
130.0,Rest,Parte_4,2.0,0,
130.0,Rest,Parte_5,2.0,0,
130.25,Note,Parte_1,0.25,75,
130.5,Note,Parte_1,0.25,75,
130.5,Note,Parte_3,0.5,39,
130.75,Note,Parte_1,0.25,78,
131.0,Note,Parte_1,0.25,74,
131.0,Note,Parte_3,0.5,46,
131.25,Note,Parte_1,0.25,77,
131.5,Note,Parte_1,0.25,77,
131.5,Note,Parte_3,0.5,34,
131.75,Note,Parte_1,0.25,80,
132.0,Note,Parte_1,0.25,66,
132.0,Rest,Parte_2,2.0,0,
132.0,Note,Parte_3,0.5,51,
132.0,Rest,Parte_4,2.0,0,
132.0,Rest,Parte_5,2.0,0,
132.25,Note,Parte_1,0.25,75,
132.5,Note,Parte_1,0.25,75,
132.5,Note,Parte_3,0.5,51,
132.75,Note,Parte_1,0.25,78,
133.0,Note,Parte_1,0.25,74,
133.0,Note,Parte_3,0.5,58,
133.25,Note,Parte_1,0.25,77,
133.5,Note,Parte_1,0.25,77,
133.5,Note,Parte_3,0.5,46,
133.75,Note,Parte_1,0.25,80,
134.0,Note,Parte_1,0.25,75,
134.0,Rest,Parte_2,2.0,0,
134.0,Note,Parte_3,0.5,51,
134.0,Rest,Parte_4,2.0,0,
134.0,Rest,Parte_5,2.0,0,
134.25,Note,Parte_1,0.25,78,
134.5,Note,Parte_1,0.25,78,
134.5,Note,Parte_3,0.5,39,
134.75,Note,Parte_1,0.25,87,
135.0,Note,Parte_1,0.25,77,
135.0,Note,Parte_3,0.5,46,
135.25,Note,Parte_1,0.25,86,
135.5,Note,Parte_1,0.25,80,
135.5,Note,Parte_3,0.5,34,
135.75,Note,Parte_1,0.25,89,
136.0,Note,Parte_1,0.25,63,
136.0,Rest,Parte_2,2.0,0,
136.0,Note,Parte_3,0.5,51,
136.0,Rest,Parte_4,2.0,0,
136.0,Rest,Parte_5,2.0,0,
136.25,Note,Parte_1,0.25,66,
136.5,Note,Parte_1,0.25,66,
136.5,Note,Parte_3,0.5,51,
136.75,Note,Parte_1,0.25,75,
137.0,Note,Parte_1,0.25,65,
137.0,Note,Parte_3,0.5,58,
137.25,Note,Parte_1,0.25,74,
137.5,Note,Parte_1,0.25,74,
137.5,Note,Parte_3,0.5,46,
137.75,Note,Parte_1,0.25,77,
138.0,Note,Parte_1,0.25,66,
138.0,Rest,Parte_2,2.0,0,
138.0,Note,Parte_3,0.5,51,
138.0,Rest,Parte_4,2.0,0,
138.0,Rest,Parte_5,2.0,0,
138.25,Note,Parte_1,0.25,75,
138.5,Note,Parte_1,0.25,75,
138.5,Note,Parte_3,0.5,39,
138.75,Note,Parte_1,0.25,78,
139.0,Note,Parte_1,0.25,74,
139.0,Note,Parte_3,0.5,46,
139.25,Note,Parte_1,0.25,77,
139.5,Note,Parte_1,0.25,77,
139.5,Note,Parte_3,0.5,34,
139.75,Note,Parte_1,0.25,80,
140.0,Note,Parte_1,0.25,66,
140.0,Rest,Parte_2,2.0,0,
140.0,Note,Parte_3,0.5,39,
140.0,Rest,Parte_4,2.0,0,
140.0,Rest,Parte_5,2.0,0,
140.25,Note,Parte_1,0.25,75,
140.5,Note,Parte_1,0.25,75,
140.5,Note,Parte_3,0.5,51,
140.75,Note,Parte_1,0.25,78,
141.0,Note,Parte_1,0.25,74,
141.0,Note,Parte_3,0.5,58,
141.25,Note,Parte_1,0.25,77,
141.5,Note,Parte_1,0.25,77,
141.5,Note,Parte_3,0.5,46,
141.75,Note,Parte_1,0.25,80,
142.0,Note,Parte_1,0.25,75,
142.0,Rest,Parte_2,2.0,0,
142.0,Note,Parte_3,0.5,51,
142.0,Rest,Parte_4,2.0,0,
142.0,Rest,Parte_5,2.0,0,
142.25,Note,Parte_1,0.25,78,
142.5,Note,Parte_1,0.25,78,
142.5,Note,Parte_3,0.5,39,
142.75,Note,Parte_1,0.25,87,
143.0,Note,Parte_1,0.25,76,
143.0,Note,Parte_3,0.5,49,
143.25,Note,Parte_1,0.25,78,
143.5,Note,Parte_1,0.25,78,
143.5,Note,Parte_3,0.5,37,
143.75,Note,Parte_1,0.25,88,
144.0,Note,Parte_1,0.25,75,
144.0,Rest,Parte_2,2.0,0,
144.0,Note,Parte_3,0.5,47,
144.0,Rest,Parte_4,2.0,0,
144.0,Rest,Parte_5,2.0,0,
144.25,Note,Parte_1,0.25,78,
144.5,Note,Parte_1,0.25,83,
144.5,Note,Parte_3,0.5,35,
144.75,Note,Parte_1,0.25,87,
145.0,Note,Parte_1,0.25,83,
145.0,Note,Parte_3,0.5,47,
145.25,Note,Parte_1,0.25,87,
145.5,Note,Parte_1,0.25,83,
145.5,Note,Parte_3,0.5,35,
145.75,Note,Parte_1,0.25,87,
146.0,Chord,Parte_1,0.5,"[77, 83, 86, 89]",
146.0,Rest,Parte_2,2.0,0,
146.0,Chord,Parte_3,0.5,"[29, 43]",
146.0,Rest,Parte_4,2.0,0,
146.0,Rest,Parte_5,2.0,0,
146.5,Rest,Parte_1,0.5,0,
146.5,Rest,Parte_3,0.5,0,
147.0,Rest,Parte_1,0.5,0,
147.0,Rest,Parte_3,1.0,0,
147.5,Note,Parte_1,0.25,58,
147.75,Note,Parte_1,0.25,59,
148.0,Rest,Parte_1,0.5,0,
148.0,Rest,Parte_2,2.0,0,
148.0,Note,Parte_3,0.25,58,
148.0,Rest,Parte_4,2.0,0,
148.0,Rest,Parte_5,2.0,0,
148.25,Note,Parte_3,0.25,59,
148.5,Note,Parte_1,0.25,58,
148.5,Rest,Parte_3,0.5,0,
148.75,Note,Parte_1,0.25,59,
149.0,Rest,Parte_1,0.5,0,
149.0,Note,Parte_3,0.25,61,
149.25,Note,Parte_3,0.25,62,
149.5,Note,Parte_1,0.25,61,
149.5,Rest,Parte_3,0.5,0,
149.75,Note,Parte_1,0.25,62,
150.0,Rest,Parte_1,0.5,0,
150.0,Rest,Parte_2,2.0,0,
150.0,Note,Parte_3,0.25,64,
150.0,Rest,Parte_4,2.0,0,
150.0,Rest,Parte_5,2.0,0,
150.25,Note,Parte_3,0.25,65,
150.5,Note,Parte_1,0.25,64,
150.5,Rest,Parte_3,0.5,0,
150.75,Note,Parte_1,0.25,65,
151.0,Rest,Parte_1,0.5,0,
151.0,Note,Parte_3,0.25,70,
151.25,Note,Parte_3,0.25,71,
151.5,Note,Parte_1,0.25,70,
151.5,Rest,Parte_3,0.5,0,
151.75,Note,Parte_1,0.25,71,
152.0,Rest,Parte_1,0.5,0,
152.0,Rest,Parte_2,2.0,0,
152.0,Note,Parte_3,0.25,73,
152.0,Rest,Parte_4,2.0,0,
152.0,Rest,Parte_5,2.0,0,
152.25,Note,Parte_3,0.25,74,
152.5,Note,Parte_1,0.25,73,
152.5,Rest,Parte_3,0.5,0,
152.75,Note,Parte_1,0.25,74,
153.0,Rest,Parte_1,0.5,0,
153.0,Note,Parte_3,0.25,76,
153.25,Note,Parte_3,0.25,77,
153.5,Note,Parte_1,0.25,76,
153.5,Rest,Parte_3,0.5,0,
153.75,Note,Parte_1,0.25,77,
154.0,Rest,Parte_1,0.5,0,
154.0,Rest,Parte_2,2.0,0,
154.0,Note,Parte_3,0.25,82,
154.0,Rest,Parte_4,2.0,0,
154.0,Rest,Parte_5,2.0,0,
154.25,Note,Parte_3,0.25,83,
154.5,Note,Parte_1,0.25,82,
154.5,Rest,Parte_3,0.5,0,
154.75,Note,Parte_1,0.25,83,
155.0,Rest,Parte_1,0.5,0,
155.0,Note,Parte_3,0.25,85,
155.25,Note,Parte_3,0.25,86,
155.5,Note,Parte_1,0.25,85,
155.5,Rest,Parte_3,0.5,0,
155.75,Note,Parte_1,0.25,86,
156.0,Rest,Parte_1,0.5,0,
156.0,Rest,Parte_2,2.0,0,
156.0,Note,Parte_3,0.25,85,
156.0,Rest,Parte_4,2.0,0,
156.0,Rest,Parte_5,2.0,0,
156.25,Note,Parte_3,0.25,86,
156.5,Note,Parte_1,0.25,88,
156.5,Rest,Parte_3,0.5,0,
156.75,Note,Parte_1,0.25,89,
157.0,Rest,Parte_1,0.5,0,
157.0,Note,Parte_3,0.25,83,
157.25,Note,Parte_3,0.25,86,
157.5,Note,Parte_1,0.25,86,
157.5,Rest,Parte_3,0.5,0,
157.75,Note,Parte_1,0.25,89,
158.0,Rest,Parte_1,0.5,0,
158.0,Rest,Parte_2,2.0,0,
158.0,Note,Parte_3,0.25,85,
158.0,Rest,Parte_4,2.0,0,
158.0,Rest,Parte_5,2.0,0,
158.25,Note,Parte_3,0.25,86,
158.5,Note,Parte_1,0.25,88,
158.5,Rest,Parte_3,0.5,0,
158.75,Note,Parte_1,0.25,89,
159.0,Rest,Parte_1,0.5,0,
159.0,Note,Parte_3,0.25,83,
159.25,Note,Parte_3,0.25,86,
159.5,Note,Parte_1,0.25,86,
159.5,Rest,Parte_3,0.5,0,
159.75,Note,Parte_1,0.25,89,
160.0,Rest,Parte_1,0.5,0,
160.0,Rest,Parte_2,2.0,0,
160.0,Note,Parte_3,0.25,85,
160.0,Rest,Parte_4,2.0,0,
160.0,Rest,Parte_5,2.0,0,
160.25,Note,Parte_3,0.25,86,
160.5,Note,Parte_1,0.25,88,
160.5,Rest,Parte_3,0.5,0,
160.75,Note,Parte_1,0.25,89,
161.0,Rest,Parte_1,0.5,0,
161.0,Note,Parte_3,0.25,82,
161.25,Note,Parte_3,0.25,83,
161.5,Note,Parte_1,0.25,86,
161.5,Rest,Parte_3,0.5,0,
161.75,Note,Parte_1,0.25,89,
162.0,Rest,Parte_1,0.5,0,
162.0,Rest,Parte_2,2.0,0,
162.0,Note,Parte_3,0.25,78,
162.0,Rest,Parte_4,2.0,0,
162.0,Rest,Parte_5,2.0,0,
162.25,Note,Parte_3,0.25,79,
162.5,Note,Parte_1,0.25,86,
162.5,Rest,Parte_3,0.5,0,
162.75,Note,Parte_1,0.25,89,
163.0,Rest,Parte_1,0.5,0,
163.0,Note,Parte_3,0.25,76,
163.25,Note,Parte_3,0.25,77,
163.5,Note,Parte_1,0.25,76,
163.5,Rest,Parte_3,0.5,0,
163.75,Note,Parte_1,0.25,77,
164.0,Rest,Parte_1,0.5,0,
164.0,Rest,Parte_2,2.0,0,
164.0,Note,Parte_3,0.25,73,
164.0,Rest,Parte_4,2.0,0,
164.0,Rest,Parte_5,2.0,0,
164.25,Note,Parte_3,0.25,74,
164.5,Note,Parte_1,0.25,76,
164.5,Rest,Parte_3,0.5,0,
164.75,Note,Parte_1,0.25,77,
165.0,Rest,Parte_1,0.5,0,
165.0,Note,Parte_3,0.25,70,
165.25,Note,Parte_3,0.25,71,
165.5,Note,Parte_1,0.25,74,
165.5,Rest,Parte_3,0.5,0,
165.75,Note,Parte_1,0.25,77,
166.0,Rest,Parte_1,0.5,0,
166.0,Rest,Parte_2,2.0,0,
166.0,Note,Parte_3,0.25,73,
166.0,Rest,Parte_4,2.0,0,
166.0,Rest,Parte_5,2.0,0,
166.25,Note,Parte_3,0.25,74,
166.5,Note,Parte_1,0.25,76,
166.5,Rest,Parte_3,0.5,0,
166.75,Note,Parte_1,0.25,77,
167.0,Rest,Parte_1,0.5,0,
167.0,Note,Parte_3,0.25,70,
167.25,Note,Parte_3,0.25,71,
167.5,Note,Parte_1,0.25,74,
167.5,Rest,Parte_3,0.5,0,
167.75,Note,Parte_1,0.25,77,
168.0,Rest,Parte_1,0.5,0,
168.0,Rest,Parte_2,2.0,0,
168.0,Note,Parte_3,0.25,73,
168.0,Rest,Parte_4,2.0,0,
168.0,Rest,Parte_5,2.0,0,
168.25,Note,Parte_3,0.25,74,
168.5,Note,Parte_1,0.25,76,
168.5,Rest,Parte_3,0.5,0,
168.75,Note,Parte_1,0.25,77,
169.0,Rest,Parte_1,0.5,0,
169.0,Note,Parte_3,0.25,82,
169.25,Note,Parte_3,0.25,83,
169.5,Note,Parte_1,0.25,74,
169.5,Rest,Parte_3,0.5,0,
169.75,Note,Parte_1,0.25,77,
170.0,Rest,Parte_1,0.5,0,
170.0,Rest,Parte_2,2.0,0,
170.0,Note,Parte_3,0.25,85,
170.0,Rest,Parte_4,2.0,0,
170.0,Rest,Parte_5,2.0,0,
170.25,Note,Parte_3,0.25,86,
170.5,Note,Parte_1,0.25,76,
170.5,Rest,Parte_3,0.5,0,
170.75,Note,Parte_1,0.25,77,
171.0,Rest,Parte_1,0.5,0,
171.0,Note,Parte_3,0.25,82,
171.25,Note,Parte_3,0.25,83,
171.5,Note,Parte_1,0.25,74,
171.5,Rest,Parte_3,0.5,0,
171.75,Note,Parte_1,0.25,77,
172.0,Rest,Parte_1,0.5,0,
172.0,Rest,Parte_2,2.0,0,
172.0,Note,Parte_3,0.25,73,
172.0,Rest,Parte_4,2.0,0,
172.0,Rest,Parte_5,2.0,0,
172.25,Note,Parte_3,0.25,74,
172.5,Note,Parte_1,0.25,85,
172.5,Rest,Parte_3,0.5,0,
172.75,Note,Parte_1,0.25,86,
173.0,Rest,Parte_1,0.5,0,
173.0,Note,Parte_3,0.25,70,
173.25,Note,Parte_3,0.25,71,
173.5,Note,Parte_1,0.25,82,
173.5,Rest,Parte_3,0.5,0,
173.75,Note,Parte_1,0.25,83,
174.0,Rest,Parte_1,0.5,0,
174.0,Rest,Parte_2,2.0,0,
174.0,Note,Parte_3,0.25,73,
174.0,Rest,Parte_4,2.0,0,
174.0,Rest,Parte_5,2.0,0,
174.25,Note,Parte_3,0.25,74,
174.5,Note,Parte_1,0.25,85,
174.5,Rest,Parte_3,0.5,0,
174.75,Note,Parte_1,0.25,86,
175.0,Rest,Parte_1,0.5,0,
175.0,Note,Parte_3,0.25,70,
175.25,Note,Parte_3,0.25,71,
175.5,Note,Parte_1,0.25,82,
175.5,Rest,Parte_3,0.5,0,
175.75,Note,Parte_1,0.25,83,
176.0,Chord,Parte_1,1.5,"[77, 83, 89]",
176.0,Rest,Parte_2,2.0,0,
176.0,Chord,Parte_3,1.5,"[67, 71]",
176.0,Rest,Parte_4,2.0,0,
176.0,Rest,Parte_5,2.0,0,
177.5,Chord,Parte_1,0.5,"[78, 82, 90]",
177.5,Chord,Parte_3,0.5,"[66, 70, 73]",
178.0,Chord,Parte_1,0.5,"[78, 82, 85]",
178.0,Rest,Parte_2,2.0,0,
178.0,Chord,Parte_3,0.5,"[66, 70, 73]",
178.0,Rest,Parte_4,2.0,0,
178.0,Rest,Parte_5,2.0,0,
178.5,Rest,Parte_1,0.5,0,
178.5,Rest,Parte_3,0.5,0,
179.0,Rest,Parte_1,0.5,0,
179.0,Rest,Parte_3,0.5,0,
179.5,Chord,Parte_1,0.5,"[59, 63]",
179.5,Note,Parte_3,0.5,35,
180.0,Note,Parte_1,0.75,64,
180.0,Rest,Parte_2,1.0,0,
180.0,Rest,Parte_3,1.0,0,
180.0,Note,Parte_4,0.75,56,
180.0,Note,Parte_5,0.75,37,
180.75,Note,Parte_1,0.25,63,
180.75,Note,Parte_4,0.25,54,
180.75,Note,Parte_5,0.25,39,
181.0,Rest,Parte_1,1.0,0,
181.0,Rest,Parte_2,1.0,0,
181.0,Chord,Parte_3,0.5,"[52, 61]",
181.0,Rest,Parte_4,1.0,0,
181.0,Note,Parte_5,0.5,40,
181.5,Chord,Parte_3,0.5,"[51, 59]",
181.5,Note,Parte_5,0.5,41,
182.0,Rest,Parte_1,1.0,0,
182.0,Rest,Parte_2,2.0,0,
182.0,Chord,Parte_3,1.0,"[49, 58]",
182.0,Note,Parte_4,1.0,42,
182.0,Rest,Parte_5,2.0,0,
183.0,Rest,Parte_1,1.0,0,
183.0,Rest,Parte_3,1.0,0,
183.0,Rest,Parte_4,1.0,0,
184.0,Chord,Parte_1,1.5,"[75, 78, 83, 87]",
184.0,Rest,Parte_2,2.0,0,
184.0,Chord,Parte_3,1.5,"[69, 71]",
184.0,Rest,Parte_4,2.0,0,
184.0,Rest,Parte_5,2.0,0,
185.5,Chord,Parte_1,0.5,"[76, 80, 83, 88]",
185.5,Chord,Parte_3,0.5,"[68, 71]",
186.0,Chord,Parte_1,1.0,"[78, 81, 87, 90]",
186.0,Rest,Parte_2,2.0,0,
186.0,Rest,Parte_3,1.5,0,
186.0,Chord,Parte_4,1.0,"[66, 69, 71]",
186.0,Rest,Parte_5,1.5,0,
187.0,Rest,Parte_1,0.5,0,
187.0,Rest,Parte_4,0.5,0,
187.5,Rest,Parte_1,0.5,0,
187.5,Chord,Parte_3,0.5,"[56, 59]",
187.5,Note,Parte_4,0.5,40,
187.5,Rest,Parte_5,0.5,0,
188.0,Rest,Parte_1,2.0,0,
188.0,Rest,Parte_2,2.0,0,
188.0,Chord,Parte_3,0.75,"[57, 61]",
188.0,Note,Parte_4,0.75,33,
188.0,Rest,Parte_5,2.0,0,
188.75,Chord,Parte_3,0.25,"[54, 57]",
188.75,Note,Parte_4,0.25,45,
189.0,Chord,Parte_3,0.5,"[52, 56]",
189.0,Note,Parte_4,0.5,47,
189.5,Chord,Parte_3,0.5,"[51, 54]",
189.5,Note,Parte_4,0.5,35,
190.0,Rest,Parte_1,1.0,0,
190.0,Rest,Parte_2,2.0,0,
190.0,Chord,Parte_3,1.0,"[52, 56]",
190.0,Note,Parte_4,1.0,40,
190.0,Rest,Parte_5,2.0,0,
191.0,Rest,Parte_1,1.0,0,
191.0,Rest,Parte_3,1.0,0,
191.0,Rest,Parte_4,1.0,0,
192.0,Chord,Parte_1,1.5,"[76, 83, 88]",
192.0,Rest,Parte_2,2.0,0,
192.0,Chord,Parte_3,1.5,"[68, 71]",
192.0,Rest,Parte_4,2.0,0,
192.0,Rest,Parte_5,2.0,0,
193.5,Chord,Parte_1,0.5,"[75, 83, 87]",
193.5,Chord,Parte_3,0.5,"[66, 71]",
194.0,Chord,Parte_1,0.5,"[80, 83, 92]",
194.0,Rest,Parte_2,1.5,0,
194.0,Rest,Parte_3,1.5,0,
194.0,Chord,Parte_4,0.5,"[64, 71]",
194.0,Rest,Parte_5,1.5,0,
194.5,Rest,Parte_1,0.5,0,
194.5,Rest,Parte_4,0.5,0,
195.0,Rest,Parte_1,0.5,0,
195.0,Rest,Parte_4,0.5,0,
195.5,Note,Parte_1,0.5,66,
195.5,Rest,Parte_2,0.5,0,
195.5,Chord,Parte_3,0.5,"[54, 59]",
195.5,Note,Parte_4,0.5,39,
195.5,Rest,Parte_5,0.5,0,
196.0,Note,Parte_1,0.75,64,
196.0,Rest,Parte_2,2.0,0,
196.0,Chord,Parte_3,1.0,"[56, 59]",
196.0,Note,Parte_4,0.75,37,
196.0,Rest,Parte_5,2.0,0,
196.75,Note,Parte_1,0.25,63,
196.75,Note,Parte_4,0.25,39,
197.0,Note,Parte_1,0.5,61,
197.0,Chord,Parte_3,0.5,"[56, 59]",
197.0,Note,Parte_4,0.5,40,
197.5,Note,Parte_1,0.5,66,
197.5,Note,Parte_3,0.5,58,
197.5,Note,Parte_4,0.5,42,
198.0,Note,Parte_1,0.25,63,
198.0,Rest,Parte_2,2.0,0,
198.0,Note,Parte_3,0.5,51,
198.0,Rest,Parte_4,2.0,0,
198.0,Rest,Parte_5,2.0,0,
198.25,Note,Parte_1,0.25,59,
198.5,Note,Parte_1,0.25,58,
198.5,Note,Parte_3,0.5,54,
198.75,Note,Parte_1,0.25,59,
199.0,Note,Parte_1,0.25,64,
199.0,Note,Parte_3,0.5,56,
199.25,Note,Parte_1,0.25,71,
199.5,Note,Parte_1,0.25,63,
199.5,Note,Parte_3,0.5,54,
199.75,Note,Parte_1,0.25,71,
200.0,Note,Parte_1,0.25,68,
200.0,Rest,Parte_2,2.0,0,
200.0,Note,Parte_3,0.5,52,
200.0,Rest,Parte_4,2.0,0,
200.0,Rest,Parte_5,2.0,0,
200.25,Note,Parte_1,0.25,71,
200.5,Note,Parte_1,0.25,66,
200.5,Note,Parte_3,0.5,51,
200.75,Note,Parte_1,0.25,71,
201.0,Note,Parte_1,0.25,70,
201.0,Note,Parte_3,0.5,49,
201.25,Note,Parte_1,0.25,73,
201.5,Note,Parte_1,0.25,70,
201.5,Note,Parte_3,0.5,42,
201.75,Note,Parte_1,0.25,78,
202.0,Note,Parte_1,0.25,71,
202.0,Rest,Parte_2,2.0,0,
202.0,Note,Parte_3,0.5,47,
202.0,Rest,Parte_4,2.0,0,
202.0,Rest,Parte_5,2.0,0,
202.25,Note,Parte_1,0.25,75,
202.5,Note,Parte_1,0.25,71,
202.5,Note,Parte_3,0.5,42,
202.75,Note,Parte_1,0.25,78,
203.0,Note,Parte_1,0.25,71,
203.0,Note,Parte_3,0.5,39,
203.25,Note,Parte_1,0.25,78,
203.5,Note,Parte_1,0.25,75,
203.5,Note,Parte_3,0.5,42,
203.75,Note,Parte_1,0.25,78,
204.0,Note,Parte_1,0.25,75,
204.0,Rest,Parte_2,2.0,0,
204.0,Note,Parte_3,0.5,35,
204.0,Rest,Parte_4,2.0,0,
204.0,Rest,Parte_5,2.0,0,
204.25,Note,Parte_1,0.25,78,
204.5,Note,Parte_1,0.25,75,
204.5,Note,Parte_3,0.5,42,
204.75,Note,Parte_1,0.25,78,
205.0,Note,Parte_1,0.25,73,
205.0,Note,Parte_3,0.5,30,
205.25,Note,Parte_1,0.25,76,
205.5,Note,Parte_1,0.25,70,
205.5,Note,Parte_3,0.5,42,
205.75,Note,Parte_1,0.25,78,
206.0,Note,Parte_1,0.25,75,
206.0,Rest,Parte_2,2.0,0,
206.0,Note,Parte_3,0.5,51,
206.0,Rest,Parte_4,2.0,0,
206.0,Rest,Parte_5,2.0,0,
206.25,Note,Parte_1,0.25,71,
206.5,Note,Parte_1,0.25,63,
206.5,Note,Parte_3,0.5,54,
206.75,Note,Parte_1,0.25,71,
207.0,Note,Parte_1,0.25,64,
207.0,Note,Parte_3,0.5,56,
207.25,Note,Parte_1,0.25,71,
207.5,Note,Parte_1,0.25,63,
207.5,Note,Parte_3,0.5,54,
207.75,Note,Parte_1,0.25,71,
208.0,Note,Parte_1,0.25,68,
208.0,Rest,Parte_2,2.0,0,
208.0,Note,Parte_3,0.5,52,
208.0,Rest,Parte_4,2.0,0,
208.0,Rest,Parte_5,2.0,0,
208.25,Note,Parte_1,0.25,71,
208.5,Note,Parte_1,0.25,66,
208.5,Note,Parte_3,0.5,51,
208.75,Note,Parte_1,0.25,71,
209.0,Note,Parte_1,0.25,70,
209.0,Note,Parte_3,0.5,49,
209.25,Note,Parte_1,0.25,73,
209.5,Note,Parte_1,0.25,70,
209.5,Note,Parte_3,0.5,46,
209.75,Note,Parte_1,0.25,78,
210.0,Note,Parte_1,0.25,71,
210.0,Rest,Parte_2,2.0,0,
210.0,Note,Parte_3,0.5,47,
210.0,Rest,Parte_4,2.0,0,
210.0,Rest,Parte_5,2.0,0,
210.25,Note,Parte_1,0.25,75,
210.5,Note,Parte_1,0.25,71,
210.5,Note,Parte_3,0.5,42,
210.75,Note,Parte_1,0.25,78,
211.0,Note,Parte_1,0.25,71,
211.0,Note,Parte_3,0.5,38,
211.25,Note,Parte_1,0.25,78,
211.5,Note,Parte_1,0.25,74,
211.5,Note,Parte_3,0.5,42,
211.75,Note,Parte_1,0.25,78,
212.0,Note,Parte_1,0.25,74,
212.0,Rest,Parte_2,2.0,0,
212.0,Note,Parte_3,0.5,35,
212.0,Rest,Parte_4,2.0,0,
212.0,Rest,Parte_5,2.0,0,
212.25,Note,Parte_1,0.25,83,
212.5,Note,Parte_1,0.25,74,
212.5,Note,Parte_3,0.5,42,
212.75,Note,Parte_1,0.25,83,
213.0,Chord,Parte_1,0.25,"[73, 77]",
213.0,Note,Parte_3,0.5,37,
213.25,Note,Parte_1,0.25,83,
213.5,Chord,Parte_1,0.25,"[73, 80]",
213.5,Note,Parte_3,0.5,41,
213.75,Note,Parte_1,0.25,83,
214.0,Chord,Parte_1,0.25,"[73, 78]",
214.0,Rest,Parte_2,2.0,0,
214.0,Note,Parte_3,0.5,42,
214.0,Rest,Parte_4,2.0,0,
214.0,Rest,Parte_5,2.0,0,
214.25,Note,Parte_1,0.25,81,
214.5,Chord,Parte_1,0.25,"[73, 78]",
214.5,Note,Parte_3,0.5,49,
214.75,Note,Parte_1,0.25,81,
215.0,Chord,Parte_1,0.25,"[73, 78]",
215.0,Note,Parte_3,0.5,44,
215.25,Note,Parte_1,0.25,81,
215.5,Chord,Parte_1,0.25,"[73, 78]",
215.5,Note,Parte_3,0.5,49,
215.75,Note,Parte_1,0.25,81,
216.0,Chord,Parte_1,0.25,"[73, 78]",
216.0,Rest,Parte_2,2.0,0,
216.0,Note,Parte_3,0.5,42,
216.0,Rest,Parte_4,2.0,0,
216.0,Rest,Parte_5,2.0,0,
216.25,Note,Parte_1,0.25,81,
216.5,Chord,Parte_1,0.25,"[69, 73]",
216.5,Note,Parte_3,0.5,54,
216.75,Note,Parte_1,0.25,78,
217.0,Chord,Parte_1,0.25,"[66, 73]",
217.0,Note,Parte_3,0.5,38,
217.25,Note,Parte_1,0.25,78,
217.5,Chord,Parte_1,0.25,"[66, 72]",
217.5,Note,Parte_3,0.5,50,
217.75,Note,Parte_1,0.25,78,
218.0,Chord,Parte_1,0.5,"[65, 73, 77]",
218.0,Rest,Parte_2,2.0,0,
218.0,Chord,Parte_3,0.5,"[37, 49]",
218.0,Rest,Parte_4,2.0,0,
218.0,Rest,Parte_5,2.0,0,
218.5,Note,Parte_1,0.25,73,
218.5,Rest,Parte_3,0.5,0,
218.75,Note,Parte_1,0.25,71,
219.0,Rest,Parte_1,0.5,0,
219.0,Note,Parte_3,0.25,73,
219.25,Note,Parte_3,0.25,71,
219.5,Note,Parte_1,0.25,71,
219.5,Rest,Parte_3,0.5,0,
219.75,Note,Parte_1,0.25,69,
220.0,Rest,Parte_1,0.5,0,
220.0,Rest,Parte_2,2.0,0,
220.0,Note,Parte_3,0.25,71,
220.0,Rest,Parte_4,2.0,0,
220.0,Rest,Parte_5,2.0,0,
220.25,Note,Parte_3,0.25,69,
220.5,Note,Parte_1,0.25,69,
220.5,Rest,Parte_3,0.5,0,
220.75,Note,Parte_1,0.25,68,
221.0,Rest,Parte_1,0.5,0,
221.0,Note,Parte_3,0.25,69,
221.25,Note,Parte_3,0.25,68,
221.5,Note,Parte_1,0.25,68,
221.5,Rest,Parte_3,0.5,0,
221.75,Note,Parte_1,0.25,66,
222.0,Rest,Parte_1,0.5,0,
222.0,Rest,Parte_2,2.0,0,
222.0,Note,Parte_3,0.25,68,
222.0,Rest,Parte_4,2.0,0,
222.0,Rest,Parte_5,2.0,0,
222.25,Note,Parte_3,0.25,66,
222.5,Note,Parte_1,0.25,66,
222.5,Rest,Parte_3,0.5,0,
222.75,Note,Parte_1,0.25,65,
223.0,Rest,Parte_1,0.5,0,
223.0,Note,Parte_3,0.25,66,
223.25,Note,Parte_3,0.25,65,
223.5,Note,Parte_1,0.25,65,
223.5,Rest,Parte_3,0.5,0,
223.75,Note,Parte_1,0.25,62,
224.0,Rest,Parte_1,0.5,0,
224.0,Rest,Parte_2,2.0,0,
224.0,Note,Parte_3,0.25,65,
224.0,Rest,Parte_4,2.0,0,
224.0,Rest,Parte_5,2.0,0,
224.25,Note,Parte_3,0.25,62,
224.5,Note,Parte_1,0.25,62,
224.5,Rest,Parte_3,0.5,0,
224.75,Note,Parte_1,0.25,61,
225.0,Rest,Parte_1,0.5,0,
225.0,Note,Parte_3,0.25,62,
225.25,Note,Parte_3,0.25,61,
225.5,Note,Parte_1,0.25,61,
225.5,Rest,Parte_3,0.5,0,
225.75,Note,Parte_1,0.25,60,
226.0,Rest,Parte_1,0.5,0,
226.0,Rest,Parte_2,2.0,0,
226.0,Note,Parte_3,0.25,61,
226.0,Rest,Parte_4,2.0,0,
226.0,Rest,Parte_5,2.0,0,
226.25,Note,Parte_3,0.25,60,
226.5,Note,Parte_1,0.25,61,
226.5,Rest,Parte_3,0.5,0,
226.75,Note,Parte_1,0.25,60,
227.0,Rest,Parte_1,0.5,0,
227.0,Note,Parte_3,0.25,61,
227.25,Note,Parte_3,0.25,59,
227.5,Note,Parte_1,0.25,61,
227.5,Rest,Parte_3,0.5,0,
227.75,Note,Parte_1,0.25,59,
228.0,Rest,Parte_1,0.5,0,
228.0,Rest,Parte_2,2.0,0,
228.0,Note,Parte_3,0.25,61,
228.0,Rest,Parte_4,2.0,0,
228.0,Rest,Parte_5,2.0,0,
228.25,Note,Parte_3,0.25,57,
228.5,Note,Parte_1,0.25,61,
228.5,Rest,Parte_3,0.5,0,
228.75,Note,Parte_1,0.25,57,
229.0,Rest,Parte_1,0.5,0,
229.0,Note,Parte_3,0.25,61,
229.25,Note,Parte_3,0.25,56,
229.5,Note,Parte_1,0.25,61,
229.5,Rest,Parte_3,0.5,0,
229.75,Note,Parte_1,0.25,56,
230.0,Rest,Parte_1,0.5,0,
230.0,Rest,Parte_2,2.0,0,
230.0,Note,Parte_3,0.5,42,
230.0,Rest,Parte_4,2.0,0,
230.0,Rest,Parte_5,2.0,0,
230.5,Note,Parte_1,0.25,61,
230.5,Note,Parte_3,0.5,58,
230.75,Note,Parte_1,0.25,66,
231.0,Note,Parte_1,0.25,66,
231.0,Note,Parte_3,0.5,61,
231.25,Note,Parte_1,0.25,70,
231.5,Note,Parte_1,0.25,70,
231.5,Note,Parte_3,0.5,66,
231.75,Note,Parte_1,0.25,73,
232.0,Note,Parte_1,0.25,73,
232.0,Rest,Parte_2,2.0,0,
232.0,Note,Parte_3,0.5,70,
232.0,Rest,Parte_4,2.0,0,
232.0,Rest,Parte_5,2.0,0,
232.25,Note,Parte_1,0.25,78,
232.5,Note,Parte_1,0.25,78,
232.5,Note,Parte_3,0.5,73,
232.75,Note,Parte_1,0.25,82,
233.0,Note,Parte_1,0.25,82,
233.0,Note,Parte_3,0.5,78,
233.25,Note,Parte_1,0.25,85,
233.5,Note,Parte_1,0.25,85,
233.5,Note,Parte_3,0.5,82,
233.75,Note,Parte_1,0.25,90,
234.0,Note,Parte_1,0.5,94,
234.0,Rest,Parte_2,2.0,0,
234.0,Note,Parte_3,0.5,85,
234.0,Rest,Parte_4,2.0,0,
234.0,Rest,Parte_5,2.0,0,
234.5,Note,Parte_1,0.25,69,
234.5,Note,Parte_3,0.5,54,
234.75,Note,Parte_1,0.25,73,
235.0,Note,Parte_1,0.25,66,
235.0,Note,Parte_3,0.5,57,
235.25,Note,Parte_1,0.25,73,
235.5,Note,Parte_1,0.25,69,
235.5,Note,Parte_3,0.5,54,
235.75,Note,Parte_1,0.25,73,
236.0,Note,Parte_1,0.25,66,
236.0,Rest,Parte_2,2.0,0,
236.0,Note,Parte_3,0.5,57,
236.0,Rest,Parte_4,1.0,0,
236.0,Rest,Parte_5,2.0,0,
236.25,Note,Parte_1,0.25,73,
236.5,Note,Parte_1,0.25,69,
236.5,Note,Parte_3,0.5,54,
236.75,Note,Parte_1,0.25,73,
237.0,Note,Parte_1,0.25,71,
237.0,Note,Parte_3,0.5,56,
237.0,Note,Parte_4,1.0,49,
237.25,Note,Parte_1,0.25,73,
237.5,Note,Parte_1,0.25,68,
237.5,Note,Parte_3,0.5,53,
237.75,Note,Parte_1,0.25,73,
238.0,Rest,Parte_1,0.5,0,
238.0,Rest,Parte_2,2.0,0,
238.0,Note,Parte_3,0.5,42,
238.0,Rest,Parte_4,2.0,0,
238.0,Rest,Parte_5,2.0,0,
238.5,Note,Parte_1,0.25,61,
238.5,Note,Parte_3,0.5,58,
238.75,Note,Parte_1,0.25,66,
239.0,Note,Parte_1,0.25,66,
239.0,Note,Parte_3,0.5,61,
239.25,Note,Parte_1,0.25,70,
239.5,Note,Parte_1,0.25,70,
239.5,Note,Parte_3,0.5,66,
239.75,Note,Parte_1,0.25,73,
240.0,Note,Parte_1,0.25,73,
240.0,Rest,Parte_2,2.0,0,
240.0,Note,Parte_3,0.5,70,
240.0,Rest,Parte_4,2.0,0,
240.0,Rest,Parte_5,2.0,0,
240.25,Note,Parte_1,0.25,78,
240.5,Note,Parte_1,0.25,78,
240.5,Note,Parte_3,0.5,73,
240.75,Note,Parte_1,0.25,82,
241.0,Note,Parte_1,0.25,82,
241.0,Note,Parte_3,0.5,78,
241.25,Note,Parte_1,0.25,85,
241.5,Note,Parte_1,0.25,85,
241.5,Note,Parte_3,0.5,82,
241.75,Note,Parte_1,0.25,90,
242.0,Note,Parte_1,0.5,94,
242.0,Rest,Parte_2,2.0,0,
242.0,Note,Parte_3,0.5,85,
242.0,Rest,Parte_4,2.0,0,
242.0,Rest,Parte_5,2.0,0,
242.5,Note,Parte_1,0.25,69,
242.5,Note,Parte_3,0.5,54,
242.75,Note,Parte_1,0.25,73,
243.0,Note,Parte_1,0.25,66,
243.0,Note,Parte_3,0.5,57,
243.25,Note,Parte_1,0.25,73,
243.5,Note,Parte_1,0.25,69,
243.5,Note,Parte_3,0.5,54,
243.75,Note,Parte_1,0.25,73,
244.0,Note,Parte_1,0.25,66,
244.0,Rest,Parte_2,2.0,0,
244.0,Note,Parte_3,0.5,57,
244.0,Rest,Parte_4,1.0,0,
244.0,Rest,Parte_5,2.0,0,
244.25,Note,Parte_1,0.25,73,
244.5,Note,Parte_1,0.25,69,
244.5,Note,Parte_3,0.5,54,
244.75,Note,Parte_1,0.25,73,
245.0,Note,Parte_1,0.25,71,
245.0,Note,Parte_3,0.5,56,
245.0,Note,Parte_4,1.0,49,
245.25,Note,Parte_1,0.25,73,
245.5,Note,Parte_1,0.25,68,
245.5,Note,Parte_3,0.5,53,
245.75,Note,Parte_1,0.25,73,
246.0,Note,Parte_1,0.25,66,
246.0,Rest,Parte_2,2.0,0,
246.0,Note,Parte_3,0.5,54,
246.0,Rest,Parte_4,2.0,0,
246.0,Rest,Parte_5,2.0,0,
246.25,Note,Parte_1,0.25,69,
246.5,Note,Parte_1,0.25,69,
246.5,Note,Parte_3,0.5,54,
246.75,Note,Parte_1,0.25,78,
247.0,Note,Parte_1,0.25,68,
247.0,Note,Parte_3,0.5,61,
247.25,Note,Parte_1,0.25,77,
247.5,Note,Parte_1,0.25,77,
247.5,Note,Parte_3,0.5,49,
247.75,Note,Parte_1,0.25,80,
248.0,Note,Parte_1,0.25,69,
248.0,Rest,Parte_2,2.0,0,
248.0,Note,Parte_3,0.5,54,
248.0,Rest,Parte_4,2.0,0,
248.0,Rest,Parte_5,2.0,0,
248.25,Note,Parte_1,0.25,78,
248.5,Note,Parte_1,0.25,78,
248.5,Note,Parte_3,0.5,42,
248.75,Note,Parte_1,0.25,81,
249.0,Note,Parte_1,0.25,77,
249.0,Note,Parte_3,0.5,49,
249.25,Note,Parte_1,0.25,80,
249.5,Note,Parte_1,0.25,80,
249.5,Note,Parte_3,0.5,37,
249.75,Note,Parte_1,0.25,83,
250.0,Note,Parte_1,0.25,69,
250.0,Rest,Parte_2,2.0,0,
250.0,Note,Parte_3,0.5,54,
250.0,Rest,Parte_4,2.0,0,
250.0,Rest,Parte_5,2.0,0,
250.25,Note,Parte_1,0.25,78,
250.5,Note,Parte_1,0.25,78,
250.5,Note,Parte_3,0.5,54,
250.75,Note,Parte_1,0.25,81,
251.0,Note,Parte_1,0.25,77,
251.0,Note,Parte_3,0.5,61,
251.25,Note,Parte_1,0.25,80,
251.5,Note,Parte_1,0.25,80,
251.5,Note,Parte_3,0.5,49,
251.75,Note,Parte_1,0.25,83,
252.0,Note,Parte_1,0.25,78,
252.0,Rest,Parte_2,2.0,0,
252.0,Note,Parte_3,0.5,54,
252.0,Rest,Parte_4,2.0,0,
252.0,Rest,Parte_5,2.0,0,
252.25,Note,Parte_1,0.25,81,
252.5,Note,Parte_1,0.25,81,
252.5,Note,Parte_3,0.5,42,
252.75,Note,Parte_1,0.25,90,
253.0,Note,Parte_1,0.25,78,
253.0,Note,Parte_3,0.5,52,
253.25,Note,Parte_1,0.25,81,
253.5,Note,Parte_1,0.25,81,
253.5,Note,Parte_3,0.5,40,
253.75,Note,Parte_1,0.25,90,
254.0,Note,Parte_1,0.25,78,
254.0,Rest,Parte_2,2.0,0,
254.0,Note,Parte_3,0.5,50,
254.0,Rest,Parte_4,2.0,0,
254.0,Rest,Parte_5,2.0,0,
254.25,Note,Parte_1,0.25,81,
254.5,Note,Parte_1,0.25,81,
254.5,Note,Parte_3,0.5,38,
254.75,Note,Parte_1,0.25,90,
255.0,Note,Parte_1,0.25,78,
255.0,Note,Parte_3,0.5,50,
255.25,Note,Parte_1,0.25,81,
255.5,Note,Parte_1,0.25,81,
255.5,Note,Parte_3,0.5,38,
255.75,Note,Parte_1,0.25,90,
256.0,Chord,Parte_1,0.5,"[78, 81, 84, 90]",
256.0,Rest,Parte_2,2.0,0,
256.0,Chord,Parte_3,0.5,"[38, 50]",
256.0,Rest,Parte_4,2.0,0,
256.0,Rest,Parte_5,2.0,0,
256.5,Rest,Parte_1,0.5,0,
256.5,Rest,Parte_3,0.5,0,
257.0,Rest,Parte_1,0.5,0,
257.0,Rest,Parte_3,1.0,0,
257.5,Note,Parte_1,0.25,59,
257.75,Note,Parte_1,0.25,60,
258.0,Rest,Parte_1,0.5,0,
258.0,Rest,Parte_2,2.0,0,
258.0,Note,Parte_3,0.25,59,
258.0,Rest,Parte_4,2.0,0,
258.0,Rest,Parte_5,2.0,0,
258.25,Note,Parte_3,0.25,60,
258.5,Note,Parte_1,0.25,59,
258.5,Rest,Parte_3,0.5,0,
258.75,Note,Parte_1,0.25,60,
259.0,Rest,Parte_1,0.5,0,
259.0,Note,Parte_3,0.25,65,
259.25,Note,Parte_3,0.25,66,
259.5,Note,Parte_1,0.25,65,
259.5,Rest,Parte_3,0.5,0,
259.75,Note,Parte_1,0.25,66,
260.0,Rest,Parte_1,0.5,0,
260.0,Rest,Parte_2,2.0,0,
260.0,Note,Parte_3,0.25,68,
260.0,Rest,Parte_4,2.0,0,
260.0,Rest,Parte_5,2.0,0,
260.25,Note,Parte_3,0.25,69,
260.5,Note,Parte_1,0.25,68,
260.5,Rest,Parte_3,0.5,0,
260.75,Note,Parte_1,0.25,69,
261.0,Rest,Parte_1,0.5,0,
261.0,Note,Parte_3,0.25,71,
261.25,Note,Parte_3,0.25,72,
261.5,Note,Parte_1,0.25,71,
261.5,Rest,Parte_3,0.5,0,
261.75,Note,Parte_1,0.25,72,
262.0,Rest,Parte_1,0.5,0,
262.0,Rest,Parte_2,2.0,0,
262.0,Note,Parte_3,0.25,77,
262.0,Rest,Parte_4,2.0,0,
262.0,Rest,Parte_5,2.0,0,
262.25,Note,Parte_3,0.25,78,
262.5,Note,Parte_1,0.25,77,
262.5,Rest,Parte_3,0.5,0,
262.75,Note,Parte_1,0.25,78,
263.0,Rest,Parte_1,0.5,0,
263.0,Note,Parte_3,0.25,80,
263.25,Note,Parte_3,0.25,81,
263.5,Note,Parte_1,0.25,80,
263.5,Rest,Parte_3,0.5,0,
263.75,Note,Parte_1,0.25,81,
264.0,Rest,Parte_1,0.5,0,
264.0,Rest,Parte_2,2.0,0,
264.0,Note,Parte_3,0.25,83,
264.0,Rest,Parte_4,2.0,0,
264.0,Rest,Parte_5,2.0,0,
264.25,Note,Parte_3,0.25,84,
264.5,Note,Parte_1,0.25,83,
264.5,Rest,Parte_3,0.5,0,
264.75,Note,Parte_1,0.25,84,
265.0,Rest,Parte_1,0.5,0,
265.0,Note,Parte_3,0.25,89,
265.25,Note,Parte_3,0.25,90,
265.5,Note,Parte_1,0.25,89,
265.5,Rest,Parte_3,0.5,0,
265.75,Note,Parte_1,0.25,90,
266.0,Rest,Parte_1,0.5,0,
266.0,Rest,Parte_2,2.0,0,
266.0,Note,Parte_3,0.25,92,
266.0,Rest,Parte_4,2.0,0,
266.0,Rest,Parte_5,2.0,0,
266.25,Note,Parte_3,0.25,93,
266.5,Note,Parte_1,0.25,92,
266.5,Rest,Parte_3,0.5,0,
266.75,Note,Parte_1,0.25,93,
267.0,Rest,Parte_1,0.5,0,
267.0,Note,Parte_3,0.25,89,
267.25,Note,Parte_3,0.25,90,
267.5,Note,Parte_1,0.25,89,
267.5,Rest,Parte_3,0.5,0,
267.75,Note,Parte_1,0.25,90,
268.0,Rest,Parte_1,0.5,0,
268.0,Rest,Parte_2,2.0,0,
268.0,Note,Parte_3,0.25,83,
268.0,Rest,Parte_4,2.0,0,
268.0,Rest,Parte_5,2.0,0,
268.25,Note,Parte_3,0.25,84,
268.5,Note,Parte_1,0.25,92,
268.5,Rest,Parte_3,0.5,0,
268.75,Note,Parte_1,0.25,93,
269.0,Rest,Parte_1,0.5,0,
269.0,Note,Parte_3,0.25,80,
269.25,Note,Parte_3,0.25,81,
269.5,Note,Parte_1,0.25,89,
269.5,Rest,Parte_3,0.5,0,
269.75,Note,Parte_1,0.25,90,
270.0,Rest,Parte_1,0.5,0,
270.0,Rest,Parte_2,2.0,0,
270.0,Note,Parte_3,0.25,80,
270.0,Rest,Parte_4,2.0,0,
270.0,Rest,Parte_5,2.0,0,
270.25,Note,Parte_3,0.25,81,
270.5,Note,Parte_1,0.25,83,
270.5,Rest,Parte_3,0.5,0,
270.75,Note,Parte_1,0.25,84,
271.0,Rest,Parte_1,0.5,0,
271.0,Note,Parte_3,0.25,77,
271.25,Note,Parte_3,0.25,78,
271.5,Note,Parte_1,0.25,81,
271.5,Rest,Parte_3,0.5,0,
271.75,Note,Parte_1,0.25,84,
272.0,Rest,Parte_1,0.5,0,
272.0,Rest,Parte_2,2.0,0,
272.0,Note,Parte_3,0.25,71,
272.0,Rest,Parte_4,2.0,0,
272.0,Rest,Parte_5,2.0,0,
272.25,Note,Parte_3,0.25,72,
272.5,Note,Parte_1,0.25,83,
272.5,Rest,Parte_3,0.5,0,
272.75,Note,Parte_1,0.25,84,
273.0,Rest,Parte_1,0.5,0,
273.0,Note,Parte_3,0.25,68,
273.25,Note,Parte_3,0.25,69,
273.5,Note,Parte_1,0.25,83,
273.5,Rest,Parte_3,0.5,0,
273.75,Note,Parte_1,0.25,84,
274.0,Rest,Parte_1,0.5,0,
274.0,Rest,Parte_2,2.0,0,
274.0,Note,Parte_3,0.25,65,
274.0,Rest,Parte_4,2.0,0,
274.0,Rest,Parte_5,2.0,0,
274.25,Note,Parte_3,0.25,66,
274.5,Note,Parte_1,0.25,81,
274.5,Rest,Parte_3,0.5,0,
274.75,Note,Parte_1,0.25,84,
275.0,Rest,Parte_1,0.5,0,
275.0,Note,Parte_3,0.25,68,
275.25,Note,Parte_3,0.25,69,
275.5,Note,Parte_1,0.25,83,
275.5,Rest,Parte_3,0.5,0,
275.75,Note,Parte_1,0.25,84,
276.0,Rest,Parte_1,0.5,0,
276.0,Rest,Parte_2,2.0,0,
276.0,Note,Parte_3,0.25,66,
276.0,Rest,Parte_4,2.0,0,
276.0,Rest,Parte_5,2.0,0,
276.25,Note,Parte_3,0.25,69,
276.5,Note,Parte_1,0.25,81,
276.5,Rest,Parte_3,0.5,0,
276.75,Note,Parte_1,0.25,84,
277.0,Rest,Parte_1,0.5,0,
277.0,Note,Parte_3,0.25,80,
277.25,Note,Parte_3,0.25,81,
277.5,Note,Parte_1,0.25,71,
277.5,Rest,Parte_3,0.5,0,
277.75,Note,Parte_1,0.25,72,
278.0,Rest,Parte_1,0.5,0,
278.0,Rest,Parte_2,2.0,0,
278.0,Note,Parte_3,0.25,77,
278.0,Rest,Parte_4,2.0,0,
278.0,Rest,Parte_5,2.0,0,
278.25,Note,Parte_3,0.25,78,
278.5,Note,Parte_1,0.25,69,
278.5,Rest,Parte_3,0.5,0,
278.75,Note,Parte_1,0.25,72,
279.0,Rest,Parte_1,0.5,0,
279.0,Note,Parte_3,0.25,80,
279.25,Note,Parte_3,0.25,81,
279.5,Note,Parte_1,0.25,71,
279.5,Rest,Parte_3,0.5,0,
279.75,Note,Parte_1,0.25,72,
280.0,Rest,Parte_1,0.5,0,
280.0,Rest,Parte_2,2.0,0,
280.0,Note,Parte_3,0.25,77,
280.0,Rest,Parte_4,2.0,0,
280.0,Rest,Parte_5,2.0,0,
280.25,Note,Parte_3,0.25,78,
280.5,Note,Parte_1,0.25,69,
280.5,Rest,Parte_3,0.5,0,
280.75,Note,Parte_1,0.25,72,
281.0,Rest,Parte_1,0.5,0,
281.0,Note,Parte_3,0.25,80,
281.25,Note,Parte_3,0.25,81,
281.5,Note,Parte_1,0.25,71,
281.5,Rest,Parte_3,0.5,0,
281.75,Note,Parte_1,0.25,72,
282.0,Rest,Parte_1,0.5,0,
282.0,Rest,Parte_2,2.0,0,
282.0,Note,Parte_3,0.25,77,
282.0,Rest,Parte_4,2.0,0,
282.0,Rest,Parte_5,2.0,0,
282.25,Note,Parte_3,0.25,78,
282.5,Note,Parte_1,0.25,69,
282.5,Rest,Parte_3,0.5,0,
282.75,Note,Parte_1,0.25,72,
283.0,Rest,Parte_1,0.5,0,
283.0,Note,Parte_3,0.25,80,
283.25,Note,Parte_3,0.25,81,
283.5,Note,Parte_1,0.25,69,
283.5,Rest,Parte_3,0.5,0,
283.75,Note,Parte_1,0.25,72,
284.0,Rest,Parte_1,0.5,0,
284.0,Rest,Parte_2,2.0,0,
284.0,Note,Parte_3,0.25,77,
284.0,Rest,Parte_4,2.0,0,
284.0,Rest,Parte_5,2.0,0,
284.25,Note,Parte_3,0.25,78,
284.5,Note,Parte_1,0.25,69,
284.5,Rest,Parte_3,0.5,0,
284.75,Note,Parte_1,0.25,72,
285.0,Rest,Parte_1,0.5,0,
285.0,Note,Parte_3,0.25,80,
285.25,Note,Parte_3,0.25,81,
285.5,Note,Parte_1,0.25,69,
285.5,Rest,Parte_3,0.5,0,
285.75,Note,Parte_1,0.25,72,
286.0,Rest,Parte_1,0.5,0,
286.0,Rest,Parte_2,2.0,0,
286.0,Note,Parte_3,0.25,68,
286.0,Rest,Parte_4,2.0,0,
286.0,Rest,Parte_5,2.0,0,
286.25,Note,Parte_3,0.25,69,
286.5,Note,Parte_1,0.25,80,
286.5,Rest,Parte_3,0.5,0,
286.75,Note,Parte_1,0.25,81,
287.0,Rest,Parte_1,0.5,0,
287.0,Note,Parte_3,0.25,71,
287.25,Note,Parte_3,0.25,72,
287.5,Note,Parte_1,0.25,83,
287.5,Rest,Parte_3,0.5,0,
287.75,Note,Parte_1,0.25,84,
288.0,Rest,Parte_1,0.5,0,
288.0,Rest,Parte_2,2.0,0,
288.0,Note,Parte_3,0.25,68,
288.0,Rest,Parte_4,2.0,0,
288.0,Rest,Parte_5,2.0,0,
288.25,Note,Parte_3,0.25,69,
288.5,Note,Parte_1,0.25,80,
288.5,Rest,Parte_3,0.5,0,
288.75,Note,Parte_1,0.25,81,
289.0,Rest,Parte_1,0.5,0,
289.0,Note,Parte_3,0.25,71,
289.25,Note,Parte_3,0.25,72,
289.5,Note,Parte_1,0.25,83,
289.5,Rest,Parte_3,0.5,0,
289.75,Note,Parte_1,0.25,84,
290.0,Chord,Parte_1,1.5,"[72, 78, 84]",
290.0,Rest,Parte_2,2.0,0,
290.0,Chord,Parte_3,1.5,"[62, 66]",
290.0,Rest,Parte_4,2.0,0,
290.0,Rest,Parte_5,2.0,0,
291.5,Chord,Parte_1,0.5,"[73, 77, 85]",
291.5,Chord,Parte_3,0.5,"[61, 65, 68]",
292.0,Chord,Parte_1,1.0,"[73, 77, 80]",
292.0,Rest,Parte_2,2.0,0,
292.0,Rest,Parte_3,1.0,0,
292.0,Chord,Parte_4,1.0,"[61, 65, 68]",
292.0,Rest,Parte_5,1.0,0,
293.0,Rest,Parte_1,0.5,0,
293.0,Rest,Parte_3,0.5,0,
293.0,Rest,Parte_4,0.5,0,
293.0,Rest,Parte_5,1.0,0,
293.5,Rest,Parte_1,0.5,0,
293.5,Chord,Parte_3,0.5,"[49, 58]",
293.5,Note,Parte_4,0.5,42,
294.0,Rest,Parte_1,2.0,0,
294.0,Rest,Parte_2,2.0,0,
294.0,Chord,Parte_3,0.75,"[51, 59]",
294.0,Note,Parte_4,0.75,35,
294.0,Rest,Parte_5,2.0,0,
294.75,Chord,Parte_3,0.25,"[49, 58]",
294.75,Note,Parte_4,0.25,37,
295.0,Chord,Parte_3,0.5,"[47, 56]",
295.0,Note,Parte_4,0.5,39,
295.5,Chord,Parte_3,0.5,"[46, 54]",
295.5,Note,Parte_4,0.5,36,
296.0,Rest,Parte_1,1.0,0,
296.0,Rest,Parte_2,2.0,0,
296.0,Chord,Parte_3,1.0,"[44, 53]",
296.0,Note,Parte_4,1.0,34,
296.0,Rest,Parte_5,2.0,0,
297.0,Rest,Parte_1,1.0,0,
297.0,Rest,Parte_3,1.0,0,
297.0,Rest,Parte_4,1.0,0,
298.0,Chord,Parte_1,1.5,"[73, 82, 85]",
298.0,Rest,Parte_2,2.0,0,
298.0,Chord,Parte_3,1.5,"[61, 64, 66]",
298.0,Rest,Parte_4,2.0,0,
298.0,Rest,Parte_5,2.0,0,
299.5,Chord,Parte_1,0.5,"[75, 83, 87]",
299.5,Chord,Parte_3,0.5,"[59, 63, 66]",
300.0,Chord,Parte_1,1.0,"[76, 85, 88]",
300.0,Rest,Parte_2,2.0,0,
300.0,Rest,Parte_3,1.5,0,
300.0,Chord,Parte_4,1.0,"[58, 61, 66]",
300.0,Rest,Parte_5,1.5,0,
301.0,Rest,Parte_1,0.5,0,
301.0,Rest,Parte_4,0.5,0,
301.5,Rest,Parte_1,0.5,0,
301.5,Chord,Parte_3,0.5,"[51, 54]",
301.5,Note,Parte_4,0.5,35,
301.5,Rest,Parte_5,0.5,0,
302.0,Rest,Parte_1,2.0,0,
302.0,Rest,Parte_2,2.0,0,
302.0,Chord,Parte_3,0.75,"[52, 56]",
302.0,Note,Parte_4,0.75,40,
302.0,Rest,Parte_5,2.0,0,
302.75,Chord,Parte_3,0.25,"[49, 52]",
302.75,Note,Parte_4,0.25,37,
303.0,Chord,Parte_3,0.5,"[47, 51]",
303.0,Note,Parte_4,0.5,42,
303.5,Chord,Parte_3,0.5,"[49, 52]",
303.5,Note,Parte_4,0.5,42,
304.0,Rest,Parte_1,1.0,0,
304.0,Rest,Parte_2,2.0,0,
304.0,Chord,Parte_3,1.0,"[47, 51]",
304.0,Note,Parte_4,1.0,35,
304.0,Rest,Parte_5,2.0,0,
305.0,Rest,Parte_1,0.5,0,
305.0,Rest,Parte_3,1.0,0,
305.0,Rest,Parte_4,0.5,0,
305.5,Rest,Parte_1,0.5,0,
305.5,Rest,Parte_4,0.5,0,
306.0,Chord,Parte_1,1.5,"[71, 83]",
306.0,Rest,Parte_2,2.0,0,
306.0,Chord,Parte_3,1.5,"[63, 66]",
306.0,Rest,Parte_4,2.0,0,
306.0,Rest,Parte_5,2.0,0,
307.5,Chord,Parte_1,0.5,"[70, 82]",
307.5,Chord,Parte_3,0.5,"[61, 66]",
308.0,Chord,Parte_1,1.0,"[75, 87]",
308.0,Rest,Parte_2,1.5,0,
308.0,Rest,Parte_3,1.5,0,
308.0,Rest,Parte_4,1.5,0,
308.0,Chord,Parte_5,1.0,"[59, 66]",
309.0,Rest,Parte_1,0.5,0,
309.0,Rest,Parte_5,0.5,0,
309.5,Rest,Parte_1,0.5,0,
309.5,Rest,Parte_2,0.5,0,
309.5,Note,Parte_3,0.5,61,
309.5,Note,Parte_4,0.5,54,
309.5,Note,Parte_5,0.5,46,
310.0,Rest,Parte_1,2.0,0,
310.0,Rest,Parte_2,2.0,0,
310.0,Note,Parte_3,0.75,59,
310.0,Note,Parte_4,1.5,54,
310.0,Note,Parte_5,0.75,44,
310.75,Note,Parte_3,0.25,58,
310.75,Note,Parte_5,0.25,46,
311.0,Note,Parte_3,0.5,56,
311.0,Note,Parte_5,0.5,47,
311.5,Note,Parte_3,0.5,61,
311.5,Note,Parte_4,0.5,53,
311.5,Note,Parte_5,0.5,49,
312.0,Rest,Parte_1,2.0,0,
312.0,Rest,Parte_2,2.0,0,
312.0,Note,Parte_3,1.5,58,
312.0,Note,Parte_4,1.5,54,
312.0,Note,Parte_5,0.75,42,
312.75,Note,Parte_5,0.25,44,
313.0,Note,Parte_5,0.5,46,
313.5,Note,Parte_3,0.5,63,
313.5,Note,Parte_4,0.5,54,
313.5,Note,Parte_5,0.5,47,
314.0,Rest,Parte_1,2.0,0,
314.0,Rest,Parte_2,2.0,0,
314.0,Note,Parte_3,0.75,59,
314.0,Note,Parte_4,1.5,54,
314.0,Note,Parte_5,0.75,44,
314.75,Note,Parte_3,0.25,58,
314.75,Note,Parte_5,0.25,46,
315.0,Note,Parte_3,0.5,56,
315.0,Note,Parte_5,0.5,47,
315.5,Note,Parte_3,0.5,61,
315.5,Chord,Parte_4,0.5,"[53, 56]",
315.5,Note,Parte_5,0.5,49,
316.0,Rest,Parte_1,1.5,0,
316.0,Rest,Parte_2,2.0,0,
316.0,Note,Parte_3,1.5,58,
316.0,Note,Parte_4,1.5,54,
316.0,Note,Parte_5,0.75,42,
316.75,Note,Parte_5,0.25,44,
317.0,Note,Parte_5,0.5,46,
317.5,Chord,Parte_1,0.5,"[63, 66]",
317.5,Rest,Parte_3,0.5,0,
317.5,Note,Parte_4,0.5,54,
317.5,Note,Parte_5,0.5,47,
318.0,Note,Parte_1,0.75,64,
318.0,Rest,Parte_2,2.0,0,
318.0,Chord,Parte_3,1.5,"[54, 58]",
318.0,Note,Parte_4,0.75,49,
318.0,Rest,Parte_5,2.0,0,
318.75,Note,Parte_1,0.25,63,
318.75,Note,Parte_4,0.25,51,
319.0,Note,Parte_1,0.5,61,
319.0,Note,Parte_4,0.5,52,
319.5,Note,Parte_1,0.5,66,
319.5,Chord,Parte_3,0.5,"[58, 61]",
319.5,Note,Parte_4,0.5,54,
320.0,Chord,Parte_1,1.5,"[58, 61, 64]",
320.0,Rest,Parte_2,1.5,0,
320.0,Rest,Parte_3,1.5,0,
320.0,Note,Parte_4,0.75,56,
320.0,Rest,Parte_5,2.0,0,
320.75,Note,Parte_4,0.25,58,
321.0,Note,Parte_4,0.5,59,
321.5,Note,Parte_1,0.5,78,
321.5,Chord,Parte_2,0.5,"[70, 76]",
321.5,Rest,Parte_3,0.5,0,
321.5,Note,Parte_4,0.5,61,
322.0,Note,Parte_1,0.75,78,
322.0,Chord,Parte_2,1.5,"[71, 75]",
322.0,Note,Parte_3,0.75,63,
322.0,Rest,Parte_4,2.0,0,
322.0,Rest,Parte_5,2.0,0,
322.75,Note,Parte_1,0.25,76,
322.75,Note,Parte_3,0.25,64,
323.0,Note,Parte_1,0.5,75,
323.0,Note,Parte_3,0.5,66,
323.5,Note,Parte_1,0.5,78,
323.5,Note,Parte_2,0.5,75,
323.5,Note,Parte_3,0.5,71,
324.0,Note,Parte_1,0.75,80,
324.0,Chord,Parte_2,1.5,"[71, 73]",
324.0,Note,Parte_3,0.75,65,
324.0,Rest,Parte_4,2.0,0,
324.0,Rest,Parte_5,2.0,0,
324.75,Note,Parte_1,0.25,78,
324.75,Note,Parte_3,0.25,66,
325.0,Note,Parte_1,0.5,77,
325.0,Note,Parte_3,0.5,68,
325.5,Note,Parte_1,0.5,80,
325.5,Note,Parte_2,0.5,77,
325.5,Note,Parte_3,0.5,73,
326.0,Note,Parte_1,0.75,80,
326.0,Rest,Parte_2,2.0,0,
326.0,Note,Parte_3,0.75,65,
326.0,Rest,Parte_4,2.0,0,
326.0,Rest,Parte_5,2.0,0,
326.75,Note,Parte_1,0.25,78,
326.75,Note,Parte_3,0.25,66,
327.0,Note,Parte_1,0.5,77,
327.0,Note,Parte_3,0.5,68,
327.5,Note,Parte_1,0.5,85,
327.5,Note,Parte_3,0.5,73,
328.0,Note,Parte_1,0.75,82,
328.0,Rest,Parte_2,2.0,0,
328.0,Note,Parte_3,0.75,66,
328.0,Rest,Parte_4,2.0,0,
328.0,Rest,Parte_5,2.0,0,
328.75,Note,Parte_1,0.25,80,
328.75,Note,Parte_3,0.25,68,
329.0,Note,Parte_1,0.5,78,
329.0,Note,Parte_3,0.5,70,
329.5,Note,Parte_1,0.5,85,
329.5,Note,Parte_3,0.5,73,
330.0,Note,Parte_1,0.75,80,
330.0,Rest,Parte_2,2.0,0,
330.0,Note,Parte_3,0.75,65,
330.0,Rest,Parte_4,2.0,0,
330.0,Rest,Parte_5,2.0,0,
330.75,Note,Parte_1,0.25,78,
330.75,Note,Parte_3,0.25,66,
331.0,Note,Parte_1,0.5,77,
331.0,Note,Parte_3,0.5,68,
331.5,Note,Parte_1,0.5,85,
331.5,Note,Parte_3,0.5,73,
332.0,Note,Parte_1,0.75,78,
332.0,Rest,Parte_2,2.0,0,
332.0,Note,Parte_3,0.75,63,
332.0,Rest,Parte_4,2.0,0,
332.0,Rest,Parte_5,2.0,0,
332.75,Note,Parte_1,0.25,77,
332.75,Note,Parte_3,0.25,65,
333.0,Note,Parte_1,0.5,75,
333.0,Note,Parte_3,0.5,66,
333.5,Note,Parte_1,0.5,85,
333.5,Note,Parte_3,0.5,73,
334.0,Note,Parte_1,0.75,77,
334.0,Rest,Parte_2,2.0,0,
334.0,Note,Parte_3,0.75,61,
334.0,Rest,Parte_4,2.0,0,
334.0,Rest,Parte_5,2.0,0,
334.75,Note,Parte_1,0.25,75,
334.75,Note,Parte_3,0.25,63,
335.0,Chord,Parte_1,0.5,"[73, 85]",
335.0,Note,Parte_3,0.5,65,
335.5,Chord,Parte_1,0.5,"[73, 83]",
335.5,Chord,Parte_3,0.5,"[65, 68]",
336.0,Note,Parte_1,0.75,83,
336.0,Note,Parte_2,1.5,73,
336.0,Chord,Parte_3,0.75,"[65, 68]",
336.0,Rest,Parte_4,2.0,0,
336.0,Rest,Parte_5,2.0,0,
336.75,Note,Parte_1,0.25,82,
336.75,Chord,Parte_3,0.25,"[66, 70]",
337.0,Note,Parte_1,0.5,80,
337.0,Chord,Parte_3,0.5,"[68, 71]",
337.5,Note,Parte_1,0.5,73,
337.5,Note,Parte_2,0.5,71,
337.5,Chord,Parte_3,0.5,"[53, 56]",
338.0,Note,Parte_1,1.0,73,
338.0,Note,Parte_2,0.75,71,
338.0,Chord,Parte_3,0.75,"[53, 56]",
338.0,Rest,Parte_4,2.0,0,
338.0,Rest,Parte_5,2.0,0,
338.75,Note,Parte_2,0.25,70,
338.75,Chord,Parte_3,0.25,"[54, 58]",
339.0,Note,Parte_1,0.5,73,
339.0,Chord,Parte_2,0.5,"[68, 71]",
339.0,Chord,Parte_3,0.5,"[56, 59]",
339.5,Note,Parte_1,0.5,73,
339.5,Chord,Parte_2,0.5,"[66, 70]",
339.5,Chord,Parte_3,0.5,"[58, 61]",
340.0,Tempo,65.0
340.0,Chord,Parte_1,2.0,"[65, 68, 73]",
340.0,Rest,Parte_2,2.0,0,
340.0,Chord,Parte_3,2.0,"[59, 61]",
340.0,Rest,Parte_4,2.0,0,
340.0,Rest,Parte_5,2.0,0,
342.0,Tempo,45.0
342.0,Chord,Parte_1,2.0,"[66, 69, 75]",
342.0,Rest,Parte_2,2.0,0,
342.0,Chord,Parte_3,2.0,"[57, 60]",
342.0,Rest,Parte_4,2.0,0,
342.0,Rest,Parte_5,2.0,0,
344.0,Tempo,45.0
344.0,Rest,Parte_1,0.25,0,
344.0,Rest,Parte_2,2.0,0,
344.0,Rest,Parte_3,0.25,0,
344.0,Tuplet 5:1,Parte_4,"[['Note', 0.25, 37, None], ['Note', 0.25, 41, None], ['Note', 0.25, 44, None], ['Note', 0.25, 47, None], ['Note', 0.25, 49, None]]"
344.0,Rest,Parte_5,1.0,0,
344.25,Rest,Parte_1,0.25,0,
344.25,Tuplet 5:1,Parte_3,"[['Note', 0.25, 53, None], ['Note', 0.25, 56, None], ['Note', 0.25, 59, None], ['Note', 0.25, 61, None], ['Note', 0.25, 65, None]]"
344.25,Rest,Parte_4,0.25,0,
344.5,Tempo,50.0
344.5,Rest,Parte_1,0.25,0,
344.5,Rest,Parte_3,0.5,0,
344.5,Tuplet 5:1,Parte_4,"[['Note', 0.25, 49, None], ['Note', 0.25, 53, None], ['Note', 0.25, 56, None], ['Note', 0.25, 59, None], ['Note', 0.25, 61, None]]"
344.75,Tuplet 5:1,Parte_1,"[['Note', 0.25, 65, None], ['Note', 0.25, 68, None], ['Note', 0.25, 71, None], ['Note', 0.25, 73, None], ['Note', 0.25, 77, None]]"
344.75,Rest,Parte_4,0.25,0,
345.0,Tempo,60.0
345.0,Rest,Parte_1,0.25,0,
345.0,Rest,Parte_3,1.0,0,
345.0,Tuplet 5:1,Parte_4,"[['Note', 0.25, 61, None], ['Note', 0.25, 65, None], ['Note', 0.25, 68, None], ['Note', 0.25, 71, None], ['Note', 0.25, 73, None]]"
345.0,Rest,Parte_5,1.0,0,
345.25,Tuplet 5:1,Parte_1,"[['Note', 0.25, 77, None], ['Note', 0.25, 80, None], ['Note', 0.25, 83, None], ['Note', 0.25, 85, None], ['Note', 0.25, 89, None]]"
345.25,Rest,Parte_4,0.25,0,
345.5,Rest,Parte_1,0.5,0,
345.5,Rest,Parte_4,0.5,0,
346.0,Tempo,152.0
346.0,Note,Parte_1,0.25,57,
346.0,Rest,Parte_2,2.0,0,
346.0,Note,Parte_3,1.5,48,
346.0,Note,Parte_4,2.0,42,start
346.0,Rest,Parte_5,2.0,0,
346.25,Note,Parte_1,0.25,66,
346.5,Note,Parte_1,0.25,57,
346.75,Note,Parte_1,0.25,66,
347.0,Note,Parte_1,0.25,57,
347.25,Note,Parte_1,0.25,66,
347.5,Note,Parte_1,0.25,58,
347.5,Note,Parte_3,0.5,49,
347.75,Note,Parte_1,0.25,66,
348.0,Note,Parte_1,0.25,59,
348.0,Rest,Parte_2,2.0,0,
348.0,Note,Parte_3,0.5,51,
348.0,Note,Parte_4,2.0,42,stop
348.0,Rest,Parte_5,2.0,0,
348.25,Note,Parte_1,0.25,66,
348.5,Note,Parte_1,0.25,63,
348.5,Note,Parte_3,0.5,47,
348.75,Note,Parte_1,0.25,71,
349.0,Note,Parte_1,0.25,68,
349.0,Note,Parte_3,0.5,53,
349.25,Note,Parte_1,0.25,71,
349.5,Note,Parte_1,0.25,65,
349.5,Note,Parte_3,0.5,49,
349.75,Note,Parte_1,0.25,73,
350.0,Note,Parte_1,0.25,69,
350.0,Rest,Parte_2,2.0,0,
350.0,Note,Parte_3,1.5,60,
350.0,Note,Parte_4,2.0,54,start
350.0,Rest,Parte_5,2.0,0,
350.25,Note,Parte_1,0.25,78,
350.5,Note,Parte_1,0.25,69,
350.75,Note,Parte_1,0.25,78,
351.0,Note,Parte_1,0.25,69,
351.25,Note,Parte_1,0.25,78,
351.5,Note,Parte_1,0.25,70,
351.5,Note,Parte_3,0.5,61,
351.75,Note,Parte_1,0.25,78,
352.0,Note,Parte_1,0.25,71,
352.0,Rest,Parte_2,2.0,0,
352.0,Note,Parte_3,0.5,63,
352.0,Note,Parte_4,2.0,54,stop
352.0,Rest,Parte_5,2.0,0,
352.25,Note,Parte_1,0.25,78,
352.5,Note,Parte_1,0.25,75,
352.5,Note,Parte_3,0.5,59,
352.75,Note,Parte_1,0.25,83,
353.0,Note,Parte_1,0.25,80,
353.0,Note,Parte_3,0.5,65,
353.25,Note,Parte_1,0.25,83,
353.5,Note,Parte_1,0.25,77,
353.5,Note,Parte_3,0.5,61,
353.75,Note,Parte_1,0.25,85,
354.0,Note,Parte_1,0.25,78,
354.0,Rest,Parte_2,2.0,0,
354.0,Note,Parte_3,0.5,66,
354.0,Rest,Parte_4,2.0,0,
354.0,Rest,Parte_5,2.0,0,
354.25,Note,Parte_1,0.25,82,
354.5,Note,Parte_1,0.25,82,
354.5,Note,Parte_3,0.5,61,
354.75,Note,Parte_1,0.25,85,
355.0,Note,Parte_1,0.25,82,
355.0,Note,Parte_3,0.5,54,
355.25,Note,Parte_1,0.25,85,
355.5,Chord,Parte_1,0.25,"[80, 83]",
355.5,Note,Parte_3,0.5,49,
355.75,Note,Parte_1,0.25,89,
356.0,Chord,Parte_1,0.5,"[78, 82, 90]",
356.0,Rest,Parte_2,2.0,0,
356.0,Note,Parte_3,0.5,42,
356.0,Rest,Parte_4,2.0,0,
356.0,Rest,Parte_5,2.0,0,
356.5,Rest,Parte_1,0.5,0,
356.5,Rest,Parte_3,0.5,0,
357.0,Rest,Parte_1,1.0,0,
357.0,Rest,Parte_3,1.0,0,
