0.0,Tempo,180.0
0.0,Formula de Compasso,2/2
0.0,Rest,Parte_1,2.0,0,
0.0,Rest,Parte_2,4.0,0,
0.0,Rest,Parte_3,4.0,0,
0.0,Rest,Parte_4,4.0,0,
2.0,Rest,Parte_1,0.5,0,
2.5,Note,Parte_1,0.5,67,
3.0,Note,Parte_1,0.5,72,
3.5,Note,Parte_1,0.5,74,
4.0,Note,Parte_1,1.5,75,
4.0,Rest,Parte_2,4.0,0,
4.0,Note,Parte_3,0.5,48,
4.0,Rest,Parte_4,4.0,0,
4.5,Note,Parte_3,0.5,51,
5.0,Note,Parte_3,0.5,55,
5.5,Note,Parte_1,0.5,77,
5.5,Note,Parte_3,0.5,60,
6.0,Note,Parte_1,1.5,74,
6.0,Note,Parte_3,0.5,48,
6.5,Note,Parte_3,0.5,53,
7.0,Note,Parte_3,0.5,55,
7.5,Note,Parte_1,0.5,75,
7.5,Note,Parte_3,0.5,59,
8.0,Note,Parte_1,2.0,72,
8.0,Rest,Parte_2,4.0,0,
8.0,Note,Parte_3,0.5,48,
8.0,Rest,Parte_4,4.0,0,
8.5,Note,Parte_3,0.5,51,
9.0,Note,Parte_3,0.5,55,
9.5,Note,Parte_3,0.5,60,
10.0,Note,Parte_1,0.0,74,
10.0,Note,Parte_1,0.5,72,
10.0,Note,Parte_3,0.5,63,
10.5,Note,Parte_1,0.5,71,
10.5,Note,Parte_3,0.5,67,
11.0,Note,Parte_1,0.5,72,
11.0,Note,Parte_3,0.5,63,
11.5,Note,Parte_1,0.5,74,
11.5,Note,Parte_3,0.5,62,
12.0,Note,Parte_1,0.0,77,
12.0,Note,Parte_1,0.5,75,
12.0,Rest,Parte_2,4.0,0,
12.0,Note,Parte_3,0.5,60,
12.0,Rest,Parte_4,4.0,0,
12.5,Note,Parte_1,0.5,74,
12.5,Note,Parte_3,0.5,67,
13.0,Note,Parte_1,0.5,75,
13.0,Chord,Parte_3,0.5,"[60, 63]",
13.5,Note,Parte_1,0.5,77,
13.5,Note,Parte_3,0.5,67,
14.0,Note,Parte_1,1.0,79,
14.0,Chord,Parte_3,0.5,"[59, 62]",
14.5,Note,Parte_3,0.5,67,
15.0,Note,Parte_1,1.0,79,
15.0,Chord,Parte_3,0.5,"[60, 63]",
15.5,Note,Parte_3,0.5,67,
16.0,Note,Parte_1,3.0,79,
16.0,Rest,Parte_2,4.0,0,
16.0,Note,Parte_3,0.5,55,
16.0,Rest,Parte_4,4.0,0,
16.5,Note,Parte_3,0.5,59,
17.0,Note,Parte_3,0.5,62,
17.5,Note,Parte_3,0.5,67,
18.0,Note,Parte_3,0.5,55,
18.5,Note,Parte_3,0.5,59,
19.0,Note,Parte_1,0.5,77,
19.0,Note,Parte_3,0.5,62,
19.5,Note,Parte_1,0.5,79,
19.5,Note,Parte_3,0.5,67,
20.0,Note,Parte_1,0.25,77,
20.0,Rest,Parte_2,4.0,0,
20.0,Note,Parte_3,0.5,53,
20.0,Rest,Parte_4,4.0,0,
20.25,Note,Parte_1,0.25,79,
20.5,Note,Parte_1,1.5,80,
20.5,Note,Parte_3,0.5,56,
21.0,Note,Parte_3,0.5,59,
21.5,Note,Parte_3,0.5,62,
22.0,Note,Parte_1,1.0,74,
22.0,Note,Parte_3,0.5,53,
22.5,Note,Parte_3,0.5,56,
23.0,Note,Parte_1,0.5,75,
23.0,Note,Parte_3,0.5,59,
23.5,Note,Parte_1,0.5,77,
23.5,Note,Parte_3,0.5,62,
24.0,Note,Parte_1,0.25,75,
24.0,Rest,Parte_2,4.0,0,
24.0,Note,Parte_3,0.5,51,
24.0,Rest,Parte_4,4.0,0,
24.25,Note,Parte_1,0.25,77,
24.5,Note,Parte_1,1.5,79,
24.5,Note,Parte_3,0.5,55,
25.0,Note,Parte_3,0.5,60,
25.5,Note,Parte_3,0.5,63,
26.0,Note,Parte_1,1.0,72,
26.0,Note,Parte_3,0.5,56,
26.5,Note,Parte_3,0.5,60,
27.0,Note,Parte_1,0.5,72,
27.0,Note,Parte_3,0.5,63,
27.5,Note,Parte_1,0.5,74,
27.5,Note,Parte_3,0.5,66,
28.0,Note,Parte_1,1.0,75,
28.0,Rest,Parte_2,4.0,0,
28.0,Note,Parte_3,0.5,55,
28.0,Rest,Parte_4,4.0,0,
28.5,Note,Parte_3,0.5,60,
29.0,Note,Parte_1,0.5,75,
29.0,Note,Parte_3,0.5,63,
29.5,Note,Parte_1,0.5,77,
29.5,Note,Parte_3,0.5,67,
30.0,Note,Parte_1,1.0,74,
30.0,Note,Parte_3,0.5,55,
30.5,Note,Parte_3,0.5,59,
31.0,Note,Parte_1,0.5,74,
31.0,Note,Parte_3,0.5,62,
31.5,Note,Parte_1,0.5,75,
31.5,Note,Parte_3,0.5,67,
32.0,Note,Parte_1,1.0,72,
32.0,Rest,Parte_2,4.0,0,
32.0,Rest,Parte_3,0.5,0,
32.0,Rest,Parte_4,4.0,0,
32.5,Note,Parte_3,0.5,48,
33.0,Rest,Parte_1,1.0,0,
33.0,Note,Parte_3,0.5,51,
33.5,Note,Parte_3,0.5,55,
34.0,Rest,Parte_1,1.0,0,
34.0,Note,Parte_3,1.0,60,
35.0,Note,Parte_1,0.5,77,
35.0,Rest,Parte_3,1.0,0,
35.5,Note,Parte_1,0.5,79,
36.0,Chord,Parte_1,2.0,"[68, 80]",
36.0,Rest,Parte_2,4.0,0,
36.0,Rest,Parte_3,0.5,0,
36.0,Rest,Parte_4,4.0,0,
36.5,Note,Parte_3,0.5,41,
37.0,Note,Parte_3,0.5,47,
37.5,Note,Parte_3,0.5,50,
38.0,Note,Parte_1,1.0,74,
38.0,Note,Parte_3,0.5,53,
38.5,Note,Parte_3,0.5,56,
39.0,Note,Parte_1,0.5,75,
39.0,Note,Parte_3,0.5,55,
39.5,Note,Parte_1,0.5,77,
39.5,Note,Parte_3,0.5,53,
40.0,Chord,Parte_1,2.0,"[67, 79]",
40.0,Rest,Parte_2,4.0,0,
40.0,Rest,Parte_3,0.5,0,
40.0,Rest,Parte_4,4.0,0,
40.5,Note,Parte_3,0.5,39,
41.0,Note,Parte_3,0.5,43,
41.5,Note,Parte_3,0.5,48,
42.0,Note,Parte_1,1.0,72,
42.0,Note,Parte_3,0.5,51,
42.5,Note,Parte_3,0.5,55,
43.0,Note,Parte_1,0.5,72,
43.0,Note,Parte_3,0.5,56,
43.5,Note,Parte_1,0.5,74,
43.5,Note,Parte_3,0.5,54,
44.0,Note,Parte_1,1.0,75,
44.0,Rest,Parte_2,4.0,0,
44.0,Note,Parte_3,0.5,43,
44.0,Rest,Parte_4,4.0,0,
44.5,Note,Parte_3,0.5,55,
45.0,Note,Parte_1,0.5,75,
45.0,Note,Parte_3,0.5,60,
45.5,Note,Parte_1,0.5,77,
45.5,Note,Parte_3,0.5,55,
46.0,Note,Parte_1,1.0,74,
46.0,Note,Parte_3,0.5,43,
46.5,Note,Parte_3,0.5,55,
47.0,Note,Parte_1,0.5,74,
47.0,Note,Parte_3,0.5,59,
47.5,Note,Parte_1,0.5,75,
47.5,Note,Parte_3,0.5,55,
48.0,Note,Parte_1,1.0,72,
48.0,Rest,Parte_2,4.0,0,
48.0,Note,Parte_3,0.5,48,
48.0,Rest,Parte_4,4.0,0,
48.5,Note,Parte_3,0.5,60,
49.0,Note,Parte_1,2.0,82,
49.0,Note,Parte_3,0.5,59,
49.5,Note,Parte_3,0.5,60,
50.0,Note,Parte_3,0.5,52,
50.5,Note,Parte_3,0.5,60,
51.0,Note,Parte_1,1.0,82,start
51.0,Note,Parte_3,0.5,55,
51.5,Note,Parte_3,0.5,60,
52.0,Note,Parte_1,0.5,82,stop
52.0,Rest,Parte_2,4.0,0,
52.0,Note,Parte_3,0.5,53,
52.0,Rest,Parte_4,4.0,0,
52.5,Note,Parte_1,0.5,80,
52.5,Note,Parte_3,0.5,60,
53.0,Note,Parte_1,0.5,79,
53.0,Note,Parte_3,0.5,56,
53.5,Note,Parte_1,0.5,77,
53.5,Note,Parte_3,0.5,60,
54.0,Note,Parte_1,0.5,75,
54.0,Note,Parte_3,0.5,55,
54.5,Note,Parte_1,0.5,74,
54.5,Note,Parte_3,0.5,65,
55.0,Note,Parte_1,0.5,72,
55.0,Note,Parte_3,0.5,59,
55.5,Note,Parte_1,0.5,71,
55.5,Note,Parte_3,0.5,65,
56.0,Note,Parte_1,1.0,72,
56.0,Rest,Parte_2,4.0,0,
56.0,Note,Parte_3,0.5,56,
56.0,Rest,Parte_4,4.0,0,
56.5,Note,Parte_3,0.5,63,
57.0,Chord,Parte_1,2.0,"[72, 84]",
57.0,Note,Parte_3,0.5,60,
57.5,Note,Parte_3,0.5,63,
58.0,Note,Parte_3,0.5,55,
58.5,Note,Parte_3,0.5,64,
59.0,Note,Parte_1,1.0,82,start
59.0,Note,Parte_3,0.5,60,
59.5,Note,Parte_3,0.5,64,
60.0,Note,Parte_1,0.5,82,stop
60.0,Rest,Parte_2,4.0,0,
60.0,Note,Parte_3,0.5,53,
60.0,Rest,Parte_4,4.0,0,
60.5,Note,Parte_1,0.5,80,
60.5,Note,Parte_3,0.5,65,
61.0,Note,Parte_1,0.5,79,
61.0,Note,Parte_3,0.5,60,
61.5,Note,Parte_1,0.5,77,
61.5,Note,Parte_3,0.5,65,
62.0,Note,Parte_1,0.5,75,
62.0,Note,Parte_3,0.5,55,
62.5,Note,Parte_1,0.5,74,
62.5,Note,Parte_3,0.5,67,
63.0,Note,Parte_1,0.5,74,
63.0,Note,Parte_3,0.5,55,
63.5,Note,Parte_1,0.5,71,
63.5,Note,Parte_3,0.5,67,
64.0,Note,Parte_1,1.0,72,
64.0,Rest,Parte_2,4.0,0,
64.0,Note,Parte_3,1.0,60,
64.0,Rest,Parte_4,4.0,0,
65.0,Note,Parte_1,1.0,74,
65.0,Chord,Parte_3,1.0,"[55, 59]",
66.0,Note,Parte_1,0.25,72,
66.0,Chord,Parte_3,1.0,"[48, 60]",
66.25,Note,Parte_1,0.25,74,
66.5,Note,Parte_1,0.5,75,
67.0,Chord,Parte_1,1.0,"[71, 74, 83]",
67.0,Chord,Parte_3,1.0,"[43, 55]",
68.0,Chord,Parte_1,1.0,"[72, 75, 84]",
68.0,Rest,Parte_2,4.0,0,
68.0,Chord,Parte_3,1.0,"[36, 48]",
68.0,Rest,Parte_4,4.0,0,
69.0,Rest,Parte_1,1.0,0,
69.0,Rest,Parte_3,1.0,0,
70.0,Rest,Parte_1,2.0,0,
70.0,Rest,Parte_3,2.0,0,
72.0,Chord,Parte_1,4.0,"[55, 60, 64]",
72.0,Rest,Parte_2,4.0,0,
72.0,Chord,Parte_3,4.0,"[34, 46]",
72.0,Rest,Parte_4,4.0,0,
76.0,Note,Parte_1,0.5,65,
76.0,Rest,Parte_2,4.0,0,
76.0,Chord,Parte_3,1.0,"[32, 44]",
76.0,Rest,Parte_4,4.0,0,
76.5,Note,Parte_1,0.5,72,
77.0,Note,Parte_1,0.5,68,
77.0,Rest,Parte_3,1.0,0,
77.5,Note,Parte_1,0.5,77,
78.0,Note,Parte_1,0.5,72,
78.0,Rest,Parte_3,2.0,0,
78.5,Note,Parte_1,0.5,80,
79.0,Note,Parte_1,0.5,77,
79.5,Note,Parte_1,0.5,84,
80.0,Note,Parte_1,0.5,82,
80.0,Rest,Parte_2,4.0,0,
80.0,Rest,Parte_3,1.0,0,
80.0,Rest,Parte_4,4.0,0,
80.5,Note,Parte_1,0.5,79,
81.0,Note,Parte_1,0.5,76,
81.0,Chord,Parte_3,1.0,"[52, 60]",
81.5,Note,Parte_1,0.5,72,
82.0,Note,Parte_1,0.5,70,
82.0,Chord,Parte_3,1.0,"[52, 60]",
82.5,Note,Parte_1,0.5,71,
83.0,Note,Parte_1,0.5,72,
83.0,Chord,Parte_3,1.0,"[52, 60]",
83.5,Note,Parte_1,0.5,67,
84.0,Note,Parte_1,2.0,70,
84.0,Rest,Parte_2,4.0,0,
84.0,Chord,Parte_3,3.0,"[53, 60]",
84.0,Rest,Parte_4,4.0,0,
86.0,Note,Parte_1,1.0,68,
87.0,Rest,Parte_1,1.0,0,
87.0,Rest,Parte_3,1.0,0,
88.0,Chord,Parte_1,4.0,"[53, 58, 62]",
88.0,Rest,Parte_2,4.0,0,
88.0,Chord,Parte_3,4.0,"[32, 44]",
88.0,Rest,Parte_4,4.0,0,
92.0,Note,Parte_1,0.5,63,
92.0,Rest,Parte_2,4.0,0,
92.0,Chord,Parte_3,1.0,"[31, 43]",
92.0,Rest,Parte_4,4.0,0,
92.5,Note,Parte_1,0.5,70,
93.0,Note,Parte_1,0.5,67,
93.0,Rest,Parte_3,1.0,0,
93.5,Note,Parte_1,0.5,75,
94.0,Note,Parte_1,0.5,70,
94.0,Rest,Parte_3,2.0,0,
94.5,Note,Parte_1,0.5,79,
95.0,Note,Parte_1,0.5,75,
95.5,Note,Parte_1,0.5,82,
96.0,Note,Parte_1,0.5,80,
96.0,Rest,Parte_2,4.0,0,
96.0,Rest,Parte_3,1.0,0,
96.0,Rest,Parte_4,4.0,0,
96.5,Note,Parte_1,0.5,79,
97.0,Note,Parte_1,0.5,77,
97.0,Chord,Parte_3,1.0,"[50, 58]",
97.5,Note,Parte_1,0.5,75,
98.0,Note,Parte_1,0.5,74,
98.0,Chord,Parte_3,1.0,"[50, 58]",
98.5,Note,Parte_1,0.5,72,
99.0,Note,Parte_1,0.5,70,
99.0,Chord,Parte_3,1.0,"[50, 58]",
99.5,Note,Parte_1,0.5,68,
100.0,Note,Parte_1,1.0,67,
100.0,Rest,Parte_2,4.0,0,
100.0,Note,Parte_3,0.5,51,
100.0,Rest,Parte_4,4.0,0,
100.5,Note,Parte_3,0.5,58,
101.0,Note,Parte_1,2.0,70,
101.0,Note,Parte_3,0.5,63,
101.5,Note,Parte_3,0.5,58,
102.0,Note,Parte_3,0.5,56,
102.5,Note,Parte_3,0.5,58,
103.0,Note,Parte_1,1.0,70,start
103.0,Note,Parte_3,0.5,62,
103.5,Note,Parte_3,0.5,58,
104.0,Note,Parte_1,0.5,70,stop
104.0,Rest,Parte_2,4.0,0,
104.0,Note,Parte_3,0.5,55,
104.0,Rest,Parte_4,4.0,0,
104.5,Note,Parte_1,0.5,72,
104.5,Note,Parte_3,0.5,58,
105.0,Note,Parte_1,0.5,74,
105.0,Note,Parte_3,0.5,62,
105.5,Note,Parte_1,0.5,75,
105.5,Note,Parte_3,0.5,58,
106.0,Note,Parte_1,0.5,77,
106.0,Note,Parte_3,0.5,50,
106.5,Note,Parte_1,0.5,79,
106.5,Note,Parte_3,0.5,58,
107.0,Note,Parte_1,0.5,80,
107.0,Note,Parte_3,0.5,62,
107.5,Note,Parte_1,0.5,77,
107.5,Note,Parte_3,0.5,58,
108.0,Note,Parte_1,0.5,80,
108.0,Rest,Parte_2,4.0,0,
108.0,Note,Parte_3,0.5,51,
108.0,Rest,Parte_4,4.0,0,
108.5,Note,Parte_1,0.5,79,
108.5,Note,Parte_3,0.5,58,
109.0,Note,Parte_1,0.5,77,
109.0,Note,Parte_3,0.5,63,
109.5,Note,Parte_1,0.5,75,
109.5,Note,Parte_3,0.5,58,
110.0,Note,Parte_1,0.5,75,
110.0,Note,Parte_3,0.5,56,
110.5,Note,Parte_1,0.5,74,
110.5,Note,Parte_3,0.5,58,
111.0,Note,Parte_1,0.5,72,
111.0,Note,Parte_3,0.5,65,
111.5,Note,Parte_1,0.5,74,
111.5,Note,Parte_3,0.5,58,
112.0,Note,Parte_1,0.5,77,
112.0,Rest,Parte_2,2.0,0,
112.0,Note,Parte_3,0.5,55,
112.0,Rest,Parte_4,4.0,0,
112.5,Note,Parte_1,0.5,75,
112.5,Note,Parte_3,0.5,58,
113.0,Note,Parte_1,0.5,74,
113.0,Note,Parte_3,0.5,63,
113.5,Note,Parte_1,0.5,72,
113.5,Note,Parte_3,0.5,58,
114.0,Note,Parte_1,1.0,70,
114.0,Note,Parte_2,1.0,68,
114.0,Note,Parte_3,0.5,50,
114.5,Note,Parte_3,0.5,58,
115.0,Note,Parte_1,1.0,70,
115.0,Note,Parte_2,1.0,68,
115.0,Note,Parte_3,0.5,50,
115.5,Note,Parte_3,0.5,58,
116.0,Note,Parte_1,4.0,70,start
116.0,Note,Parte_2,0.5,68,
116.0,Note,Parte_3,0.5,51,
116.0,Rest,Parte_4,4.0,0,
116.5,Note,Parte_2,0.5,67,
116.5,Note,Parte_3,0.5,58,
117.0,Note,Parte_2,0.5,65,
117.0,Note,Parte_3,0.5,51,
117.5,Note,Parte_2,0.5,63,
117.5,Note,Parte_3,0.5,58,
118.0,Note,Parte_2,0.5,63,
118.0,Note,Parte_3,0.5,56,
118.5,Note,Parte_2,0.5,62,
118.5,Note,Parte_3,0.5,58,
119.0,Note,Parte_2,0.5,60,
119.0,Note,Parte_3,0.5,56,
119.5,Note,Parte_2,0.5,62,
119.5,Note,Parte_3,0.5,58,
120.0,Chord,Parte_1,0.5,"[63, 70]",stop
120.0,Rest,Parte_2,4.0,0,
120.0,Note,Parte_3,0.5,54,
120.0,Rest,Parte_4,4.0,0,
120.5,Note,Parte_1,0.5,72,
120.5,Note,Parte_3,0.5,58,
121.0,Note,Parte_1,0.5,74,
121.0,Note,Parte_3,0.5,54,
121.5,Note,Parte_1,0.5,75,
121.5,Note,Parte_3,0.5,58,
122.0,Note,Parte_1,0.5,77,
122.0,Note,Parte_3,0.5,50,
122.5,Note,Parte_1,0.5,78,
122.5,Note,Parte_3,0.5,58,
123.0,Note,Parte_1,0.5,80,
123.0,Note,Parte_3,0.5,50,
123.5,Note,Parte_1,0.5,77,
123.5,Note,Parte_3,0.5,58,
124.0,Note,Parte_1,1.0,78,
124.0,Rest,Parte_2,4.0,0,
124.0,Note,Parte_3,0.5,51,
124.0,Rest,Parte_4,4.0,0,
124.5,Note,Parte_3,0.5,58,
125.0,Note,Parte_1,2.0,82,
125.0,Note,Parte_3,0.5,54,
125.5,Note,Parte_3,0.5,58,
126.0,Note,Parte_3,0.5,46,
126.5,Note,Parte_3,0.5,58,
127.0,Note,Parte_1,1.0,82,start
127.0,Note,Parte_3,0.5,50,
127.5,Note,Parte_3,0.5,58,
128.0,Note,Parte_1,1.0,82,stop
128.0,Rest,Parte_2,4.0,0,
128.0,Note,Parte_3,0.5,47,
128.0,Rest,Parte_4,4.0,0,
128.5,Note,Parte_3,0.5,58,
129.0,Note,Parte_1,2.0,87,
129.0,Note,Parte_3,0.5,51,
129.5,Note,Parte_3,0.5,58,
130.0,Note,Parte_3,0.5,47,
130.5,Note,Parte_3,0.5,57,
131.0,Note,Parte_1,1.0,81,
131.0,Note,Parte_3,0.5,51,
131.5,Note,Parte_3,0.5,57,
132.0,Note,Parte_1,2.0,82,start
132.0,Rest,Parte_2,4.0,0,
132.0,Note,Parte_3,1.0,46,
132.0,Rest,Parte_4,4.0,0,
133.0,Chord,Parte_3,1.0,"[58, 62, 65]",
134.0,Tuplet 3:2,Parte_1,"[['Note', 0.5, 82, 'stop'], ['Note', 0.5, 81, None], ['Note', 0.5, 82, None]]"
134.0,Chord,Parte_3,2.0,"[58, 63, 66]",
135.0,Tuplet 3:2,Parte_1,"[['Note', 0.5, 84, None], ['Note', 0.5, 82, None], ['Note', 0.5, 81, None]]"
136.0,Note,Parte_1,2.0,82,start
136.0,Rest,Parte_2,4.0,0,
136.0,Rest,Parte_3,1.0,0,
136.0,Rest,Parte_4,4.0,0,
137.0,Chord,Parte_3,1.0,"[58, 62, 65]",
138.0,Tuplet 3:2,Parte_1,"[['Note', 0.5, 82, 'stop'], ['Note', 0.5, 81, None], ['Note', 0.5, 82, None]]"
138.0,Chord,Parte_3,2.0,"[58, 63, 66]",
139.0,Tuplet 3:2,Parte_1,"[['Note', 0.5, 84, None], ['Note', 0.5, 82, None], ['Note', 0.5, 81, None]]"
140.0,Tuplet 3:2,Parte_1,"[['Rest', 0.5, 0, None], ['Note', 0.5, 82, None], ['Note', 0.5, 84, None]]"
140.0,Rest,Parte_2,4.0,0,
140.0,Chord,Parte_3,1.0,"[58, 62, 65]",
140.0,Rest,Parte_4,4.0,0,
141.0,Tuplet 3:2,Parte_1,"[['Note', 0.5, 86, None], ['Note', 0.5, 84, None], ['Note', 0.5, 82, None]]"
141.0,Rest,Parte_3,1.0,0,
142.0,Tuplet 3:2,Parte_1,"[['Rest', 0.5, 0, None], ['Note', 0.5, 86, None], ['Note', 0.5, 87, None]]"
142.0,Chord,Parte_3,1.0,"[58, 65, 68]",
143.0,Tuplet 3:2,Parte_1,"[['Note', 0.5, 89, None], ['Note', 0.5, 87, None], ['Note', 0.5, 86, None]]"
143.0,Rest,Parte_3,1.0,0,
144.0,Tuplet 3:2,Parte_1,"[['Note', 0.5, 89, None], ['Note', 0.5, 87, None], ['Note', 0.5, 86, None]]"
144.0,Rest,Parte_2,4.0,0,
144.0,Chord,Parte_3,1.0,"[58, 62, 65, 68]",
144.0,Rest,Parte_4,4.0,0,
145.0,Tuplet 3:2,Parte_1,"[['Note', 0.5, 84, None], ['Note', 0.5, 82, None], ['Note', 0.5, 80, None]]"
145.0,Rest,Parte_3,1.0,0,
146.0,Tuplet 3:2,Parte_1,"[['Note', 0.5, 79, None], ['Note', 0.5, 77, None], ['Note', 0.5, 75, None]]"
146.0,Rest,Parte_3,2.0,0,
147.0,Note,Parte_1,0.25,74,
147.25,Note,Parte_1,0.25,72,
147.5,Note,Parte_1,0.25,70,
147.75,Note,Parte_1,0.25,68,
148.0,Tuplet 3:2,Parte_1,"[['Note', 0.5, 67, None], ['Note', 0.5, 63, None], ['Note', 0.5, 65, None]]"
148.0,Rest,Parte_2,4.0,0,
148.0,Note,Parte_3,1.0,51,
148.0,Rest,Parte_4,4.0,0,
149.0,Tuplet 3:2,Parte_1,"[['Note', 0.5, 67, None], ['Note', 0.5, 65, None], ['Note', 0.5, 63, None]]"
149.0,Rest,Parte_3,1.0,0,
150.0,Note,Parte_1,2.0,68,
150.0,Tuplet 3:2,Parte_3,"[['Rest', 0.5, 0, None], ['Note', 0.5, 58, None], ['Note', 0.5, 60, None]]"
151.0,Tuplet 3:2,Parte_3,"[['Note', 0.5, 62, None], ['Note', 0.5, 60, None], ['Note', 0.5, 58, None]]"
152.0,Tuplet 3:2,Parte_1,"[['Note', 0.5, 67, None], ['Note', 0.5, 75, None], ['Note', 0.5, 77, None]]"
152.0,Rest,Parte_2,4.0,0,
152.0,Note,Parte_3,1.0,63,
152.0,Rest,Parte_4,4.0,0,
153.0,Tuplet 3:2,Parte_1,"[['Note', 0.5, 79, None], ['Note', 0.5, 77, None], ['Note', 0.5, 75, None]]"
153.0,Rest,Parte_3,1.0,0,
154.0,Note,Parte_1,2.0,80,
154.0,Tuplet 3:2,Parte_3,"[['Rest', 0.5, 0, None], ['Note', 0.5, 58, None], ['Note', 0.5, 60, None]]"
155.0,Tuplet 3:2,Parte_3,"[['Note', 0.5, 62, None], ['Note', 0.5, 60, None], ['Note', 0.5, 58, None]]"
156.0,Tuplet 3:2,Parte_1,"[['Note', 0.5, 79, None], ['Note', 0.5, 75, None], ['Note', 0.5, 77, None]]"
156.0,Rest,Parte_2,4.0,0,
156.0,Note,Parte_3,1.0,63,
156.0,Rest,Parte_4,4.0,0,
157.0,Tuplet 3:2,Parte_1,"[['Note', 0.5, 79, None], ['Note', 0.5, 77, None], ['Note', 0.5, 75, None]]"
157.0,Rest,Parte_3,1.0,0,
158.0,Tuplet 3:2,Parte_1,"[['Note', 0.5, 82, None], ['Note', 0.5, 79, None], ['Note', 0.5, 80, None]]"
158.0,Note,Parte_3,1.0,63,
159.0,Tuplet 3:2,Parte_1,"[['Note', 0.5, 82, None], ['Note', 0.5, 80, None], ['Note', 0.5, 79, None]]"
159.0,Rest,Parte_3,1.0,0,
160.0,Tuplet 3:2,Parte_1,"[['Note', 0.5, 85, None], ['Note', 0.5, 84, None], ['Note', 0.5, 82, None]]"
160.0,Rest,Parte_2,4.0,0,
160.0,Chord,Parte_3,1.0,"[55, 58, 61, 63]",
160.0,Rest,Parte_4,4.0,0,
161.0,Tuplet 3:2,Parte_1,"[['Note', 0.5, 80, None], ['Note', 0.5, 79, None], ['Note', 0.5, 77, None]]"
161.0,Rest,Parte_3,1.0,0,
162.0,Tuplet 3:2,Parte_1,"[['Note', 0.5, 75, None], ['Note', 0.5, 74, None], ['Note', 0.5, 75, None]]"
162.0,Rest,Parte_3,2.0,0,
163.0,Tuplet 3:2,Parte_1,"[['Note', 0.5, 76, None], ['Note', 0.5, 77, None], ['Note', 0.5, 73, None]]"
164.0,Rest,Parte_1,1.0,0,
164.0,Rest,Parte_2,4.0,0,
164.0,Tuplet 3:2,Parte_3,"[['Note', 0.5, 44, None], ['Note', 0.5, 48, None], ['Note', 0.5, 51, None]]"
164.0,Rest,Parte_4,4.0,0,
165.0,Tuplet 3:2,Parte_1,"[['Note', 0.5, 60, None], ['Note', 0.5, 63, None], ['Note', 0.5, 68, None]]"
165.0,Note,Parte_3,1.0,56,
166.0,Tuplet 3:2,Parte_1,"[['Note', 0.5, 72, None], ['Note', 0.5, 75, None], ['Note', 0.5, 80, None]]"
166.0,Rest,Parte_3,2.0,0,
167.0,Note,Parte_1,0.5,84,
167.5,Note,Parte_1,0.5,84,
168.0,Note,Parte_1,0.5,84,
168.0,Rest,Parte_2,4.0,0,
168.0,Chord,Parte_3,1.0,"[58, 63, 67]",
168.0,Rest,Parte_4,4.0,0,
168.5,Note,Parte_1,0.5,82,
169.0,Note,Parte_1,0.5,80,
169.0,Rest,Parte_3,1.0,0,
169.5,Note,Parte_1,0.5,79,
170.0,Note,Parte_1,0.5,79,
170.0,Chord,Parte_3,1.0,"[58, 65, 68]",
170.5,Note,Parte_1,0.5,77,
171.0,Note,Parte_1,0.5,75,
171.0,Rest,Parte_3,1.0,0,
171.5,Note,Parte_1,0.5,74,
172.0,Note,Parte_1,1.0,75,
172.0,Rest,Parte_2,4.0,0,
172.0,Chord,Parte_3,1.0,"[63, 67]",
172.0,Rest,Parte_4,4.0,0,
173.0,Rest,Parte_1,1.0,0,
173.0,Rest,Parte_3,1.0,0,
174.0,Rest,Parte_1,1.0,0,
174.0,Rest,Parte_3,2.0,0,
175.0,Note,Parte_1,1.0,58,
176.0,Chord,Parte_1,1.0,"[62, 65]",
176.0,Rest,Parte_2,4.0,0,
176.0,Chord,Parte_3,1.0,"[56, 58]",
176.0,Rest,Parte_4,4.0,0,
177.0,Chord,Parte_1,1.0,"[62, 65]",
177.0,Chord,Parte_3,1.0,"[56, 58]",
178.0,Chord,Parte_1,1.0,"[62, 65]",
178.0,Chord,Parte_3,1.0,"[56, 58]",
179.0,Chord,Parte_1,1.0,"[62, 65]",
179.0,Chord,Parte_3,1.0,"[56, 58]",
180.0,Chord,Parte_1,3.0,"[63, 70]",
180.0,Rest,Parte_2,4.0,0,
180.0,Chord,Parte_3,3.0,"[55, 58]",
180.0,Rest,Parte_4,4.0,0,
183.0,Chord,Parte_1,1.0,"[63, 70]",
183.0,Note,Parte_3,1.0,55,
184.0,Chord,Parte_1,2.0,"[63, 68]",
184.0,Rest,Parte_2,4.0,0,
184.0,Note,Parte_3,2.0,60,
184.0,Rest,Parte_4,4.0,0,
186.0,Chord,Parte_1,2.0,"[63, 65, 69]",
186.0,Note,Parte_3,2.0,59,
188.0,Chord,Parte_1,3.0,"[62, 65, 70]",
188.0,Rest,Parte_2,4.0,0,
188.0,Note,Parte_3,3.0,58,
188.0,Rest,Parte_4,4.0,0,
191.0,Note,Parte_1,1.0,70,
191.0,Rest,Parte_3,1.0,0,
192.0,Chord,Parte_1,1.0,"[70, 77]",
192.0,Rest,Parte_2,4.0,0,
192.0,Chord,Parte_3,1.0,"[56, 62]",
192.0,Rest,Parte_4,4.0,0,
193.0,Chord,Parte_1,1.0,"[70, 77]",
193.0,Chord,Parte_3,1.0,"[56, 62]",
194.0,Chord,Parte_1,1.0,"[70, 77]",
194.0,Chord,Parte_3,1.0,"[56, 62]",
195.0,Chord,Parte_1,1.0,"[70, 77]",
195.0,Chord,Parte_3,1.0,"[56, 62]",
196.0,Note,Parte_1,3.0,82,
196.0,Note,Parte_2,2.0,70,
196.0,Chord,Parte_3,4.0,"[55, 63]",
196.0,Rest,Parte_4,4.0,0,
198.0,Note,Parte_2,2.0,73,
199.0,Note,Parte_1,1.0,83,
200.0,Chord,Parte_1,1.0,"[72, 84]",
200.0,Rest,Parte_2,4.0,0,
200.0,Chord,Parte_3,1.0,"[56, 63]",
200.0,Rest,Parte_4,4.0,0,
201.0,Rest,Parte_1,1.0,0,
201.0,Rest,Parte_3,1.0,0,
202.0,Chord,Parte_1,1.0,"[65, 68, 74]",
202.0,Chord,Parte_3,1.0,"[46, 58]",
203.0,Rest,Parte_1,1.0,0,
203.0,Rest,Parte_3,1.0,0,
204.0,Chord,Parte_1,1.0,"[67, 75]",
204.0,Rest,Parte_2,4.0,0,
204.0,Tuplet 3:2,Parte_3,"[['Rest', 0.5, 0, None], ['Note', 0.5, 63, None], ['Note', 0.5, 65, None]]"
204.0,Rest,Parte_4,4.0,0,
205.0,Rest,Parte_1,1.0,0,
205.0,Tuplet 3:2,Parte_3,"[['Note', 0.5, 67, None], ['Note', 0.5, 65, None], ['Note', 0.5, 63, None]]"
206.0,Tuplet 3:2,Parte_1,"[['Rest', 0.5, 0, None], ['Note', 0.5, 70, None], ['Note', 0.5, 72, None]]"
206.0,Note,Parte_3,2.0,68,
207.0,Tuplet 3:2,Parte_1,"[['Note', 0.5, 74, None], ['Note', 0.5, 72, None], ['Note', 0.5, 70, None]]"
208.0,Note,Parte_1,1.0,75,
208.0,Rest,Parte_2,4.0,0,
208.0,Tuplet 3:2,Parte_3,"[['Note', 0.5, 67, None], ['Note', 0.5, 63, None], ['Note', 0.5, 65, None]]"
208.0,Rest,Parte_4,4.0,0,
209.0,Rest,Parte_1,1.0,0,
209.0,Tuplet 3:2,Parte_3,"[['Note', 0.5, 67, None], ['Note', 0.5, 65, None], ['Note', 0.5, 63, None]]"
210.0,Tuplet 3:2,Parte_1,"[['Rest', 0.5, 0, None], ['Note', 0.5, 70, None], ['Note', 0.5, 72, None]]"
210.0,Note,Parte_3,2.0,68,
211.0,Tuplet 3:2,Parte_1,"[['Note', 0.5, 74, None], ['Note', 0.5, 72, None], ['Note', 0.5, 70, None]]"
212.0,Tuplet 3:2,Parte_1,"[['Note', 0.5, 75, None], ['Note', 0.5, 79, None], ['Note', 0.5, 77, None]]"
212.0,Rest,Parte_2,4.0,0,
212.0,Chord,Parte_3,1.0,"[63, 67]",
212.0,Rest,Parte_4,4.0,0,
213.0,Tuplet 3:2,Parte_1,"[['Note', 0.5, 75, None], ['Note', 0.5, 74, None], ['Note', 0.5, 72, None]]"
213.0,Note,Parte_3,1.0,60,
214.0,Tuplet 3:2,Parte_1,"[['Note', 0.5, 71, None], ['Note', 0.5, 72, None], ['Note', 0.5, 70, None]]"
214.0,Note,Parte_3,1.0,56,
215.0,Tuplet 3:2,Parte_1,"[['Note', 0.5, 68, None], ['Note', 0.5, 67, None], ['Note', 0.5, 65, None]]"
215.0,Note,Parte_3,1.0,58,
216.0,Note,Parte_1,1.0,63,
216.0,Rest,Parte_2,4.0,0,
216.0,Tuplet 3:2,Parte_3,"[['Rest', 0.5, 0, None], ['Note', 0.5, 39, None], ['Note', 0.5, 41, None]]"
216.0,Rest,Parte_4,4.0,0,
217.0,Rest,Parte_1,1.0,0,
217.0,Tuplet 3:2,Parte_3,"[['Note', 0.5, 43, None], ['Note', 0.5, 41, None], ['Note', 0.5, 39, None]]"
218.0,Tuplet 3:2,Parte_1,"[['Rest', 0.5, 0, None], ['Note', 0.5, 58, None], ['Note', 0.5, 60, None]]"
218.0,Note,Parte_3,2.0,44,
219.0,Tuplet 3:2,Parte_1,"[['Note', 0.5, 62, None], ['Note', 0.5, 60, None], ['Note', 0.5, 58, None]]"
220.0,Note,Parte_1,1.0,63,
220.0,Rest,Parte_2,4.0,0,
220.0,Tuplet 3:2,Parte_3,"[['Note', 0.5, 43, None], ['Note', 0.5, 39, None], ['Note', 0.5, 41, None]]"
220.0,Rest,Parte_4,4.0,0,
221.0,Rest,Parte_1,1.0,0,
221.0,Tuplet 3:2,Parte_3,"[['Note', 0.5, 43, None], ['Note', 0.5, 41, None], ['Note', 0.5, 39, None]]"
222.0,Tuplet 3:2,Parte_1,"[['Rest', 0.5, 0, None], ['Note', 0.5, 58, None], ['Note', 0.5, 60, None]]"
222.0,Note,Parte_3,2.0,44,
223.0,Tuplet 3:2,Parte_1,"[['Note', 0.5, 62, None], ['Note', 0.5, 60, None], ['Note', 0.5, 58, None]]"
224.0,Note,Parte_1,1.0,63,
224.0,Rest,Parte_2,4.0,0,
224.0,Tuplet 3:2,Parte_3,"[['Note', 0.5, 43, None], ['Note', 0.5, 39, None], ['Note', 0.5, 41, None]]"
224.0,Rest,Parte_4,4.0,0,
225.0,Rest,Parte_1,1.0,0,
225.0,Tuplet 3:2,Parte_3,"[['Note', 0.5, 43, None], ['Note', 0.5, 41, None], ['Note', 0.5, 39, None]]"
226.0,Tuplet 3:2,Parte_1,"[['Rest', 0.5, 0, None], ['Note', 0.5, 59, None], ['Note', 0.5, 60, None]]"
226.0,Note,Parte_3,2.0,44,start
227.0,Tuplet 3:2,Parte_1,"[['Note', 0.5, 62, None], ['Note', 0.5, 60, None], ['Note', 0.5, 59, None]]"
228.0,Tuplet 3:2,Parte_1,"[['Note', 0.5, 65, None], ['Note', 0.5, 63, None], ['Note', 0.5, 62, None]]"
228.0,Rest,Parte_2,4.0,0,
228.0,Note,Parte_3,4.0,44,stop
228.0,Rest,Parte_4,4.0,0,
229.0,Tuplet 3:2,Parte_1,"[['Note', 0.5, 68, None], ['Note', 0.5, 67, None], ['Note', 0.5, 65, None]]"
230.0,Tuplet 3:2,Parte_1,"[['Note', 0.5, 74, None], ['Note', 0.5, 72, None], ['Note', 0.5, 71, None]]"
231.0,Tuplet 3:2,Parte_1,"[['Note', 0.5, 77, None], ['Note', 0.5, 75, None], ['Note', 0.5, 74, None]]"
232.0,Note,Parte_1,3.0,89,
232.0,Rest,Parte_2,4.0,0,
232.0,Chord,Parte_3,4.0,"[31, 43]",start
232.0,Rest,Parte_4,4.0,0,
235.0,Tuplet 3:2,Parte_1,"[['Note', 0.5, 87, None], ['Note', 0.5, 86, None], ['Note', 0.5, 84, None]]"
236.0,Tuplet 3:2,Parte_1,"[['Note', 0.5, 83, None], ['Note', 0.5, 80, None], ['Note', 0.5, 79, None]]"
236.0,Rest,Parte_2,4.0,0,
236.0,Chord,Parte_3,4.0,"[31, 43]",stop
236.0,Rest,Parte_4,4.0,0,
237.0,Tuplet 3:2,Parte_1,"[['Note', 0.5, 77, None], ['Note', 0.5, 75, None], ['Note', 0.5, 74, None]]"
238.0,Tuplet 3:2,Parte_1,"[['Note', 0.5, 72, None], ['Note', 0.5, 71, None], ['Note', 0.5, 68, None]]"
239.0,Tuplet 5:4,Parte_1,"[['Note', 0.25, 67, None], ['Note', 0.25, 65, None], ['Note', 0.25, 63, None], ['Note', 0.25, 62, None], ['Note', 0.25, 60, None]]"
240.0,Note,Parte_1,4.0,59,start
240.0,Rest,Parte_2,4.0,0,
240.0,Chord,Parte_3,4.0,"[43, 50, 53]",start
240.0,Rest,Parte_4,4.0,0,
244.0,Note,Parte_1,2.0,59,stop
244.0,Rest,Parte_2,4.0,0,
244.0,Chord,Parte_3,2.0,"[43, 50, 53]",stop
244.0,Rest,Parte_4,4.0,0,
246.0,Rest,Parte_1,0.5,0,
246.0,Rest,Parte_3,2.0,0,
246.5,Note,Parte_1,0.5,67,
247.0,Note,Parte_1,0.5,72,
247.5,Note,Parte_1,0.5,74,
248.0,Note,Parte_1,1.5,75,
248.0,Rest,Parte_2,4.0,0,
248.0,Note,Parte_3,0.5,48,
248.0,Rest,Parte_4,4.0,0,
248.5,Note,Parte_3,0.5,51,
249.0,Note,Parte_3,0.5,55,
249.5,Note,Parte_1,0.5,77,
249.5,Note,Parte_3,0.5,60,
250.0,Note,Parte_1,1.5,74,
250.0,Note,Parte_3,0.5,48,
250.5,Note,Parte_3,0.5,53,
251.0,Note,Parte_3,0.5,55,
251.5,Note,Parte_1,0.5,75,
251.5,Note,Parte_3,0.5,59,
252.0,Note,Parte_1,2.0,72,
252.0,Rest,Parte_2,4.0,0,
252.0,Note,Parte_3,0.5,48,
252.0,Rest,Parte_4,4.0,0,
252.5,Note,Parte_3,0.5,51,
253.0,Note,Parte_3,0.5,55,
253.5,Note,Parte_3,0.5,60,
254.0,Note,Parte_1,0.0,74,
254.0,Note,Parte_1,0.5,72,
254.0,Note,Parte_3,0.5,63,
254.5,Note,Parte_1,0.5,71,
254.5,Note,Parte_3,0.5,67,
255.0,Note,Parte_1,0.5,72,
255.0,Note,Parte_3,0.5,63,
255.5,Note,Parte_1,0.5,74,
255.5,Note,Parte_3,0.5,62,
256.0,Note,Parte_1,0.5,75,
256.0,Rest,Parte_2,4.0,0,
256.0,Note,Parte_3,0.5,60,
256.0,Rest,Parte_4,4.0,0,
256.5,Note,Parte_1,0.5,74,
256.5,Note,Parte_3,0.5,67,
257.0,Note,Parte_1,0.5,75,
257.0,Chord,Parte_3,0.5,"[60, 63]",
257.5,Note,Parte_1,0.5,77,
257.5,Note,Parte_3,0.5,67,
258.0,Note,Parte_1,1.0,79,
258.0,Chord,Parte_3,0.5,"[59, 62]",
258.5,Note,Parte_3,0.5,67,
259.0,Note,Parte_1,1.0,79,
259.0,Chord,Parte_3,0.5,"[60, 63]",
259.5,Note,Parte_3,0.5,67,
260.0,Note,Parte_1,3.0,79,
260.0,Rest,Parte_2,4.0,0,
260.0,Note,Parte_3,0.5,55,
260.0,Rest,Parte_4,4.0,0,
260.5,Note,Parte_3,0.5,59,
261.0,Note,Parte_3,0.5,62,
261.5,Note,Parte_3,0.5,67,
262.0,Note,Parte_3,0.5,55,
262.5,Note,Parte_3,0.5,59,
263.0,Note,Parte_1,0.5,77,
263.0,Note,Parte_3,0.5,62,
263.5,Note,Parte_1,0.5,79,
263.5,Note,Parte_3,0.5,67,
264.0,Note,Parte_1,0.25,77,
264.0,Rest,Parte_2,4.0,0,
264.0,Note,Parte_3,0.5,53,
264.0,Rest,Parte_4,4.0,0,
264.25,Note,Parte_1,0.25,79,
264.5,Note,Parte_1,1.5,80,
264.5,Note,Parte_3,0.5,56,
265.0,Note,Parte_3,0.5,59,
265.5,Note,Parte_3,0.5,62,
266.0,Note,Parte_1,1.0,74,
266.0,Note,Parte_3,0.5,53,
266.5,Note,Parte_3,0.5,56,
267.0,Note,Parte_1,0.5,75,
267.0,Note,Parte_3,0.5,59,
267.5,Note,Parte_1,0.5,77,
267.5,Note,Parte_3,0.5,62,
268.0,Note,Parte_1,0.25,75,
268.0,Rest,Parte_2,4.0,0,
268.0,Note,Parte_3,0.5,51,
268.0,Rest,Parte_4,4.0,0,
268.25,Note,Parte_1,0.25,77,
268.5,Note,Parte_1,1.5,79,
268.5,Note,Parte_3,0.5,55,
269.0,Note,Parte_3,0.5,60,
269.5,Note,Parte_3,0.5,63,
270.0,Note,Parte_1,1.0,72,
270.0,Note,Parte_3,0.5,56,
270.5,Note,Parte_3,0.5,60,
271.0,Note,Parte_1,0.5,72,
271.0,Note,Parte_3,0.5,63,
271.5,Note,Parte_1,0.5,74,
271.5,Note,Parte_3,0.5,66,
272.0,Note,Parte_1,1.0,75,
272.0,Rest,Parte_2,4.0,0,
272.0,Note,Parte_3,0.5,55,
272.0,Rest,Parte_4,4.0,0,
272.5,Note,Parte_3,0.5,60,
273.0,Note,Parte_1,0.5,75,
273.0,Note,Parte_3,0.5,63,
273.5,Note,Parte_1,0.5,77,
273.5,Note,Parte_3,0.5,67,
274.0,Note,Parte_1,1.0,74,
274.0,Note,Parte_3,0.5,55,
274.5,Note,Parte_3,0.5,59,
275.0,Note,Parte_1,0.5,74,
275.0,Note,Parte_3,0.5,62,
275.5,Note,Parte_1,0.5,75,
275.5,Note,Parte_3,0.5,67,
276.0,Note,Parte_1,1.0,72,
276.0,Rest,Parte_2,4.0,0,
276.0,Rest,Parte_3,0.5,0,
276.0,Rest,Parte_4,4.0,0,
276.5,Note,Parte_3,0.5,48,
277.0,Rest,Parte_1,1.0,0,
277.0,Note,Parte_3,0.5,51,
277.5,Note,Parte_3,0.5,55,
278.0,Rest,Parte_1,1.0,0,
278.0,Note,Parte_3,1.0,60,
279.0,Note,Parte_1,0.5,77,
279.0,Rest,Parte_3,1.0,0,
279.5,Note,Parte_1,0.5,79,
280.0,Chord,Parte_1,2.0,"[68, 80]",
280.0,Rest,Parte_2,4.0,0,
280.0,Rest,Parte_3,0.5,0,
280.0,Rest,Parte_4,4.0,0,
280.5,Note,Parte_3,0.5,41,
281.0,Note,Parte_3,0.5,47,
281.5,Note,Parte_3,0.5,50,
282.0,Note,Parte_1,1.0,74,
282.0,Note,Parte_3,0.5,53,
282.5,Note,Parte_3,0.5,56,
283.0,Note,Parte_1,0.5,75,
283.0,Note,Parte_3,0.5,55,
283.5,Note,Parte_1,0.5,77,
283.5,Note,Parte_3,0.5,53,
284.0,Chord,Parte_1,2.0,"[67, 79]",
284.0,Rest,Parte_2,4.0,0,
284.0,Rest,Parte_3,0.5,0,
284.0,Rest,Parte_4,4.0,0,
284.5,Note,Parte_3,0.5,39,
285.0,Note,Parte_3,0.5,43,
285.5,Note,Parte_3,0.5,48,
286.0,Note,Parte_1,1.0,72,
286.0,Note,Parte_3,0.5,51,
286.5,Note,Parte_3,0.5,55,
287.0,Note,Parte_1,0.5,72,
287.0,Note,Parte_3,0.5,56,
287.5,Note,Parte_1,0.5,74,
287.5,Note,Parte_3,0.5,54,
288.0,Note,Parte_1,1.0,75,
288.0,Rest,Parte_2,4.0,0,
288.0,Note,Parte_3,0.5,43,
288.0,Rest,Parte_4,4.0,0,
288.5,Note,Parte_3,0.5,55,
289.0,Note,Parte_1,0.5,75,
289.0,Note,Parte_3,0.5,60,
289.5,Note,Parte_1,0.5,77,
289.5,Note,Parte_3,0.5,55,
290.0,Note,Parte_1,1.0,74,
290.0,Note,Parte_3,0.5,43,
290.5,Note,Parte_3,0.5,55,
291.0,Note,Parte_1,0.5,74,
291.0,Note,Parte_3,0.5,59,
291.5,Note,Parte_1,0.5,75,
291.5,Note,Parte_3,0.5,55,
292.0,Note,Parte_1,1.0,72,
292.0,Rest,Parte_2,4.0,0,
292.0,Note,Parte_3,0.5,48,
292.0,Rest,Parte_4,4.0,0,
292.5,Note,Parte_3,0.5,60,
293.0,Note,Parte_1,2.0,82,
293.0,Note,Parte_3,0.5,59,
293.5,Note,Parte_3,0.5,60,
294.0,Note,Parte_3,0.5,52,
294.5,Note,Parte_3,0.5,60,
295.0,Note,Parte_1,1.0,82,start
295.0,Note,Parte_3,0.5,55,
295.5,Note,Parte_3,0.5,60,
296.0,Note,Parte_1,0.5,82,stop
296.0,Rest,Parte_2,4.0,0,
296.0,Note,Parte_3,0.5,53,
296.0,Rest,Parte_4,4.0,0,
296.5,Note,Parte_1,0.5,80,
296.5,Note,Parte_3,0.5,60,
297.0,Note,Parte_1,0.5,79,
297.0,Note,Parte_3,0.5,56,
297.5,Note,Parte_1,0.5,77,
297.5,Note,Parte_3,0.5,60,
298.0,Note,Parte_1,0.5,75,
298.0,Note,Parte_3,0.5,55,
298.5,Note,Parte_1,0.5,74,
298.5,Note,Parte_3,0.5,65,
299.0,Note,Parte_1,0.5,72,
299.0,Note,Parte_3,0.5,59,
299.5,Note,Parte_1,0.5,71,
299.5,Note,Parte_3,0.5,65,
300.0,Note,Parte_1,1.0,72,
300.0,Rest,Parte_2,4.0,0,
300.0,Note,Parte_3,0.5,56,
300.0,Rest,Parte_4,4.0,0,
300.5,Note,Parte_3,0.5,63,
301.0,Chord,Parte_1,2.0,"[72, 84]",
301.0,Note,Parte_3,0.5,60,
301.5,Note,Parte_3,0.5,63,
302.0,Note,Parte_3,0.5,55,
302.5,Note,Parte_3,0.5,64,
303.0,Note,Parte_1,1.0,82,start
303.0,Note,Parte_3,0.5,60,
303.5,Note,Parte_3,0.5,64,
304.0,Note,Parte_1,0.5,82,stop
304.0,Rest,Parte_2,4.0,0,
304.0,Note,Parte_3,0.5,53,
304.0,Rest,Parte_4,4.0,0,
304.5,Note,Parte_1,0.5,80,
304.5,Note,Parte_3,0.5,65,
305.0,Note,Parte_1,0.5,79,
305.0,Note,Parte_3,0.5,60,
305.5,Note,Parte_1,0.5,77,
305.5,Note,Parte_3,0.5,65,
306.0,Note,Parte_1,0.5,75,
306.0,Note,Parte_3,0.5,55,
306.5,Note,Parte_1,0.5,74,
306.5,Note,Parte_3,0.5,67,
307.0,Note,Parte_1,0.5,72,
307.0,Note,Parte_3,0.5,55,
307.5,Note,Parte_1,0.5,71,
307.5,Note,Parte_3,0.5,67,
308.0,Note,Parte_1,1.0,72,
308.0,Rest,Parte_2,4.0,0,
308.0,Note,Parte_3,1.0,60,
308.0,Rest,Parte_4,4.0,0,
309.0,Note,Parte_1,1.0,74,
309.0,Chord,Parte_3,1.0,"[55, 59]",
310.0,Note,Parte_1,0.25,72,
310.0,Chord,Parte_3,1.0,"[48, 60]",
310.25,Note,Parte_1,0.25,74,
310.5,Note,Parte_1,0.5,75,
311.0,Chord,Parte_1,1.0,"[71, 74, 83]",
311.0,Chord,Parte_3,1.0,"[43, 55]",
312.0,Chord,Parte_1,1.0,"[72, 75, 84]",
312.0,Rest,Parte_2,4.0,0,
312.0,Chord,Parte_3,1.0,"[36, 48]",
312.0,Rest,Parte_4,4.0,0,
313.0,Rest,Parte_1,1.0,0,
313.0,Rest,Parte_3,1.0,0,
314.0,Rest,Parte_1,2.0,0,
314.0,Rest,Parte_3,0.5,0,
314.5,Note,Parte_3,0.5,44,
315.0,Note,Parte_3,0.5,48,
315.5,Note,Parte_3,0.5,51,
316.0,Note,Parte_1,2.0,60,
316.0,Rest,Parte_2,4.0,0,
316.0,Note,Parte_3,2.0,56,
316.0,Rest,Parte_4,4.0,0,
318.0,Note,Parte_1,2.0,65,
318.0,Note,Parte_3,2.0,49,
320.0,Note,Parte_1,2.0,58,
320.0,Rest,Parte_2,4.0,0,
320.0,Note,Parte_3,2.0,55,
320.0,Rest,Parte_4,4.0,0,
322.0,Note,Parte_1,2.0,63,
322.0,Note,Parte_3,2.0,48,
324.0,Note,Parte_1,2.0,56,
324.0,Rest,Parte_2,4.0,0,
324.0,Note,Parte_3,1.0,53,
324.0,Rest,Parte_4,4.0,0,
325.0,Note,Parte_3,2.0,46,
326.0,Note,Parte_1,1.0,61,
327.0,Note,Parte_1,1.0,60,
327.0,Note,Parte_3,1.0,48,
328.0,Note,Parte_1,1.0,58,
328.0,Rest,Parte_2,4.0,0,
328.0,Note,Parte_3,1.0,49,
328.0,Rest,Parte_4,4.0,0,
329.0,Note,Parte_1,1.0,56,
329.0,Note,Parte_3,1.0,50,
330.0,Note,Parte_1,1.0,55,
330.0,Note,Parte_3,1.0,51,
331.0,Rest,Parte_1,1.0,0,
331.0,Note,Parte_3,1.0,39,
332.0,Rest,Parte_1,1.0,0,
332.0,Rest,Parte_2,4.0,0,
332.0,Note,Parte_3,2.0,44,
332.0,Rest,Parte_4,4.0,0,
333.0,Note,Parte_1,2.0,72,
334.0,Note,Parte_3,2.0,49,
335.0,Note,Parte_1,1.0,65,start
336.0,Note,Parte_1,1.0,65,stop
336.0,Rest,Parte_2,4.0,0,
336.0,Note,Parte_3,2.0,43,
336.0,Rest,Parte_4,4.0,0,
337.0,Note,Parte_1,2.0,70,
338.0,Note,Parte_3,2.0,48,
339.0,Note,Parte_1,1.0,63,start
340.0,Note,Parte_1,1.0,63,stop
340.0,Rest,Parte_2,4.0,0,
340.0,Note,Parte_3,2.0,41,
340.0,Rest,Parte_4,4.0,0,
341.0,Note,Parte_1,1.0,68,
342.0,Note,Parte_1,1.0,67,
342.0,Note,Parte_3,1.0,43,
343.0,Note,Parte_1,1.0,65,
343.0,Note,Parte_3,1.0,44,
344.0,Note,Parte_1,1.0,63,
344.0,Rest,Parte_2,4.0,0,
344.0,Note,Parte_3,1.0,45,
344.0,Rest,Parte_4,4.0,0,
345.0,Note,Parte_1,1.0,62,
345.0,Note,Parte_3,1.0,46,
346.0,Note,Parte_1,1.0,65,
346.0,Note,Parte_3,1.0,39,
347.0,Note,Parte_1,1.0,63,
347.0,Rest,Parte_3,1.0,0,
348.0,Note,Parte_1,2.0,72,
348.0,Rest,Parte_2,4.0,0,
348.0,Rest,Parte_3,1.0,0,
348.0,Rest,Parte_4,4.0,0,
349.0,Chord,Parte_3,2.0,"[56, 60]",
350.0,Chord,Parte_1,2.0,"[65, 77]",
351.0,Chord,Parte_3,1.0,"[49, 53]",start
352.0,Note,Parte_1,2.0,70,
352.0,Rest,Parte_2,2.0,0,
352.0,Chord,Parte_3,1.0,"[49, 53]",stop
352.0,Rest,Parte_4,4.0,0,
353.0,Chord,Parte_3,2.0,"[55, 58]",
354.0,Note,Parte_1,2.0,75,
354.0,Note,Parte_2,2.0,63,start
355.0,Chord,Parte_3,1.0,"[48, 51]",start
356.0,Note,Parte_1,2.0,68,
356.0,Note,Parte_2,1.0,63,stop
356.0,Chord,Parte_3,1.0,"[48, 51]",stop
356.0,Rest,Parte_4,4.0,0,
357.0,Note,Parte_2,1.0,60,
357.0,Chord,Parte_3,1.0,"[53, 56]",
358.0,Note,Parte_1,1.0,73,
358.0,Note,Parte_2,1.0,65,
358.0,Note,Parte_3,1.0,46,
359.0,Note,Parte_1,1.0,72,
359.0,Note,Parte_2,1.0,63,
359.0,Note,Parte_3,1.0,48,
360.0,Note,Parte_1,1.0,70,
360.0,Note,Parte_2,1.0,61,
360.0,Note,Parte_3,1.0,49,
360.0,Rest,Parte_4,4.0,0,
361.0,Note,Parte_1,1.0,68,
361.0,Note,Parte_2,1.0,60,
361.0,Note,Parte_3,1.0,50,
362.0,Note,Parte_1,1.0,67,
362.0,Note,Parte_2,1.0,58,
362.0,Note,Parte_3,1.0,51,
363.0,Note,Parte_1,1.0,63,
363.0,Rest,Parte_2,1.0,0,
363.0,Rest,Parte_3,1.0,0,
364.0,Rest,Parte_1,1.0,0,
364.0,Rest,Parte_2,4.0,0,
364.0,Chord,Parte_3,2.0,"[56, 60]",
364.0,Rest,Parte_4,4.0,0,
365.0,Chord,Parte_1,2.0,"[72, 84]",
366.0,Chord,Parte_3,2.0,"[61, 65]",
367.0,Note,Parte_1,1.0,77,start
368.0,Note,Parte_1,1.0,77,stop
368.0,Rest,Parte_2,4.0,0,
368.0,Chord,Parte_3,2.0,"[55, 58]",
368.0,Rest,Parte_4,4.0,0,
369.0,Chord,Parte_1,2.0,"[70, 82]",
370.0,Chord,Parte_3,2.0,"[60, 63]",
371.0,Note,Parte_1,1.0,75,start
372.0,Note,Parte_1,1.0,75,stop
372.0,Note,Parte_2,2.0,72,
372.0,Note,Parte_3,2.0,53,
372.0,Rest,Parte_4,4.0,0,
373.0,Note,Parte_1,1.0,80,
374.0,Note,Parte_1,1.0,79,
374.0,Note,Parte_2,1.0,70,
374.0,Note,Parte_3,1.0,55,
375.0,Note,Parte_1,1.0,77,
375.0,Note,Parte_2,1.0,68,
375.0,Note,Parte_3,1.0,56,
376.0,Chord,Parte_1,1.0,"[67, 75]",
376.0,Rest,Parte_2,4.0,0,
376.0,Note,Parte_3,1.0,57,
376.0,Rest,Parte_4,4.0,0,
377.0,Chord,Parte_1,1.0,"[65, 74]",
377.0,Note,Parte_3,1.0,58,
378.0,Chord,Parte_1,1.0,"[68, 77]",
378.0,Note,Parte_3,1.0,51,
379.0,Chord,Parte_1,1.0,"[67, 75]",
379.0,Note,Parte_3,1.0,63,
380.0,Rest,Parte_1,2.0,0,
380.0,Rest,Parte_2,4.0,0,
380.0,Note,Parte_3,1.0,62,
380.0,Rest,Parte_4,4.0,0,
381.0,Note,Parte_3,1.0,63,
382.0,Rest,Parte_1,1.0,0,
382.0,Note,Parte_3,1.0,66,
383.0,Note,Parte_1,1.0,75,
383.0,Note,Parte_3,1.0,57,
384.0,Note,Parte_1,1.0,72,
384.0,Rest,Parte_2,4.0,0,
384.0,Note,Parte_3,1.0,58,
384.0,Rest,Parte_4,4.0,0,
385.0,Note,Parte_1,1.0,73,
385.0,Rest,Parte_3,1.0,0,
386.0,Note,Parte_1,1.0,77,
386.0,Rest,Parte_3,1.0,0,
387.0,Note,Parte_1,1.0,67,
387.0,Chord,Parte_3,1.0,"[51, 61]",
388.0,Note,Parte_1,1.0,70,
388.0,Rest,Parte_2,4.0,0,
388.0,Chord,Parte_3,1.0,"[56, 60]",
388.0,Rest,Parte_4,4.0,0,
389.0,Note,Parte_1,1.0,68,
389.0,Rest,Parte_3,1.0,0,
390.0,Note,Parte_1,1.0,72,
390.0,Rest,Parte_3,1.0,0,
391.0,Note,Parte_1,1.0,62,
391.0,Chord,Parte_3,1.0,"[46, 56]",
392.0,Note,Parte_1,1.0,63,
392.0,Rest,Parte_2,4.0,0,
392.0,Chord,Parte_3,1.0,"[51, 55]",
392.0,Rest,Parte_4,4.0,0,
393.0,Note,Parte_1,1.0,82,
393.0,Rest,Parte_3,1.0,0,
394.0,Note,Parte_1,1.0,87,
394.0,Rest,Parte_3,0.5,0,
394.5,Note,Parte_3,0.5,75,
395.0,Note,Parte_1,1.0,85,
395.0,Note,Parte_3,0.5,77,
395.5,Note,Parte_3,0.5,79,
396.0,Note,Parte_1,2.0,84,
396.0,Rest,Parte_2,4.0,0,
396.0,Note,Parte_3,0.5,80,
396.0,Rest,Parte_4,4.0,0,
396.5,Note,Parte_3,0.5,79,
397.0,Note,Parte_3,0.5,77,
397.5,Note,Parte_3,0.5,75,
398.0,Note,Parte_1,2.0,89,
398.0,Note,Parte_3,0.5,73,
398.5,Note,Parte_3,0.5,72,
399.0,Note,Parte_3,0.5,70,
399.5,Note,Parte_3,0.5,68,
400.0,Note,Parte_1,2.0,82,
400.0,Rest,Parte_2,4.0,0,
400.0,Note,Parte_3,0.5,67,
400.0,Rest,Parte_4,4.0,0,
400.5,Note,Parte_3,0.5,65,
401.0,Note,Parte_3,0.5,63,
401.5,Note,Parte_3,0.5,61,
402.0,Note,Parte_1,2.0,87,
402.0,Note,Parte_3,0.5,60,
402.5,Note,Parte_3,0.5,58,
403.0,Note,Parte_3,0.5,56,
403.5,Note,Parte_3,0.5,55,
404.0,Note,Parte_1,2.0,80,
404.0,Rest,Parte_2,4.0,0,
404.0,Note,Parte_3,0.5,53,
404.0,Rest,Parte_4,4.0,0,
404.5,Note,Parte_3,0.5,51,
405.0,Note,Parte_3,0.5,49,
405.5,Note,Parte_3,0.5,48,
406.0,Chord,Parte_1,1.0,"[73, 85]",
406.0,Note,Parte_3,0.5,46,
406.5,Note,Parte_3,0.5,45,
407.0,Chord,Parte_1,1.0,"[72, 84]",
407.0,Note,Parte_3,0.5,46,
407.5,Note,Parte_3,0.5,48,
408.0,Chord,Parte_1,1.0,"[70, 82]",
408.0,Rest,Parte_2,4.0,0,
408.0,Note,Parte_3,0.5,49,
408.0,Rest,Parte_4,4.0,0,
408.5,Note,Parte_3,0.5,48,
409.0,Chord,Parte_1,1.0,"[68, 80]",
409.0,Note,Parte_3,0.5,49,
409.5,Note,Parte_3,0.5,50,
410.0,Chord,Parte_1,1.0,"[67, 79]",
410.0,Note,Parte_3,0.5,51,
410.5,Note,Parte_3,0.5,53,
411.0,Note,Parte_1,1.0,73,
411.0,Note,Parte_3,0.5,54,
411.5,Note,Parte_3,0.5,55,
412.0,Note,Parte_1,0.5,84,
412.0,Rest,Parte_2,4.0,0,
412.0,Note,Parte_3,2.0,44,
412.0,Rest,Parte_4,4.0,0,
412.5,Note,Parte_1,0.5,82,
413.0,Note,Parte_1,0.5,80,
413.5,Note,Parte_1,0.5,79,
414.0,Note,Parte_1,0.5,77,
414.0,Note,Parte_3,2.0,49,
414.5,Note,Parte_1,0.5,75,
415.0,Note,Parte_1,0.5,73,
415.5,Note,Parte_1,0.5,72,
416.0,Note,Parte_1,0.5,70,
416.0,Rest,Parte_2,4.0,0,
416.0,Note,Parte_3,2.0,43,
416.0,Rest,Parte_4,4.0,0,
416.5,Note,Parte_1,0.5,68,
417.0,Note,Parte_1,0.5,67,
417.5,Note,Parte_1,0.5,65,
418.0,Note,Parte_1,0.5,64,
418.0,Note,Parte_3,2.0,48,
418.5,Note,Parte_1,0.5,61,
419.0,Note,Parte_1,0.5,60,
419.5,Note,Parte_1,0.5,58,
420.0,Note,Parte_1,0.5,56,
420.0,Rest,Parte_2,4.0,0,
420.0,Note,Parte_3,2.0,41,
420.0,Rest,Parte_4,4.0,0,
420.5,Note,Parte_1,0.5,55,
421.0,Note,Parte_1,0.5,53,
421.5,Note,Parte_1,0.5,52,
422.0,Note,Parte_1,0.5,53,
422.0,Chord,Parte_3,2.0,"[29, 41]",start
422.5,Note,Parte_1,0.5,55,
423.0,Note,Parte_1,0.5,56,
423.5,Note,Parte_1,0.5,55,
424.0,Note,Parte_1,0.5,53,
424.0,Rest,Parte_2,4.0,0,
424.0,Chord,Parte_3,2.0,"[29, 41]",stop
424.0,Rest,Parte_4,4.0,0,
424.5,Note,Parte_1,0.5,51,
425.0,Note,Parte_1,0.5,50,
425.5,Note,Parte_1,0.5,48,
426.0,Note,Parte_1,0.5,47,
426.0,Chord,Parte_3,2.0,"[30, 42]",
426.5,Note,Parte_1,0.5,48,
427.0,Note,Parte_1,0.5,50,
427.5,Note,Parte_1,0.5,48,
428.0,Rest,Parte_1,0.25,0,
428.0,Rest,Parte_2,4.0,0,
428.0,Note,Parte_3,1.0,31,
428.0,Rest,Parte_4,4.0,0,
428.25,Note,Parte_1,0.25,43,
428.5,Note,Parte_1,0.25,47,
428.75,Note,Parte_1,0.25,50,
429.0,Note,Parte_1,1.0,55,
429.0,Rest,Parte_3,0.5,0,
429.5,Note,Parte_3,0.25,38,
429.75,Note,Parte_3,0.25,35,
430.0,Rest,Parte_1,0.25,0,
430.0,Note,Parte_3,1.0,31,
430.25,Note,Parte_1,0.25,43,
430.5,Note,Parte_1,0.25,48,
430.75,Note,Parte_1,0.25,51,
431.0,Note,Parte_1,1.0,55,
431.0,Rest,Parte_3,0.5,0,
431.5,Note,Parte_3,0.25,39,
431.75,Note,Parte_3,0.25,36,
432.0,Rest,Parte_1,0.25,0,
432.0,Rest,Parte_2,4.0,0,
432.0,Note,Parte_3,1.0,31,
432.0,Rest,Parte_4,4.0,0,
432.25,Note,Parte_1,0.25,43,
432.5,Note,Parte_1,0.25,50,
432.75,Note,Parte_1,0.25,53,
433.0,Note,Parte_1,1.0,55,
433.0,Rest,Parte_3,0.5,0,
433.5,Note,Parte_3,0.25,41,
433.75,Note,Parte_3,0.25,38,
434.0,Rest,Parte_1,0.25,0,
434.0,Note,Parte_3,1.0,31,
434.25,Note,Parte_1,0.25,44,
434.5,Note,Parte_1,0.25,48,
434.75,Note,Parte_1,0.25,51,
435.0,Note,Parte_1,1.0,55,
435.0,Rest,Parte_3,0.5,0,
435.5,Note,Parte_3,0.25,39,
435.75,Note,Parte_3,0.25,36,
436.0,Rest,Parte_1,0.25,0,
436.0,Rest,Parte_2,4.0,0,
436.0,Note,Parte_3,1.0,31,
436.0,Rest,Parte_4,4.0,0,
436.25,Note,Parte_1,0.25,55,
436.5,Note,Parte_1,0.25,59,
436.75,Note,Parte_1,0.25,62,
437.0,Note,Parte_1,1.0,67,
437.0,Rest,Parte_3,0.5,0,
437.5,Note,Parte_3,0.25,50,
437.75,Note,Parte_3,0.25,47,
438.0,Rest,Parte_1,0.25,0,
438.0,Note,Parte_3,1.0,43,
438.25,Note,Parte_1,0.25,55,
438.5,Note,Parte_1,0.25,60,
438.75,Note,Parte_1,0.25,63,
439.0,Note,Parte_1,1.0,67,
439.0,Rest,Parte_3,0.5,0,
439.5,Note,Parte_3,0.25,51,
439.75,Note,Parte_3,0.25,48,
440.0,Rest,Parte_1,0.25,0,
440.0,Rest,Parte_2,4.0,0,
440.0,Note,Parte_3,1.0,43,
440.0,Rest,Parte_4,4.0,0,
440.25,Note,Parte_1,0.25,55,
440.5,Note,Parte_1,0.25,62,
440.75,Note,Parte_1,0.25,65,
441.0,Note,Parte_1,1.0,67,
441.0,Rest,Parte_3,0.5,0,
441.5,Note,Parte_3,0.25,53,
441.75,Note,Parte_3,0.25,50,
442.0,Rest,Parte_1,0.25,0,
442.0,Note,Parte_3,1.0,43,
442.25,Note,Parte_1,0.25,55,
442.5,Note,Parte_1,0.25,60,
442.75,Note,Parte_1,0.25,63,
443.0,Note,Parte_1,1.0,67,
443.0,Rest,Parte_3,0.5,0,
443.5,Note,Parte_3,0.25,51,
443.75,Note,Parte_3,0.25,48,
444.0,Rest,Parte_1,0.25,0,
444.0,Rest,Parte_2,4.0,0,
444.0,Note,Parte_3,1.0,43,
444.0,Rest,Parte_4,4.0,0,
444.25,Note,Parte_1,0.25,67,
444.5,Note,Parte_1,0.25,71,
444.75,Note,Parte_1,0.25,74,
445.0,Note,Parte_1,1.0,79,
445.0,Rest,Parte_3,0.5,0,
445.5,Note,Parte_3,0.25,62,
445.75,Note,Parte_3,0.25,59,
446.0,Rest,Parte_1,0.25,0,
446.0,Note,Parte_3,1.0,55,
446.25,Note,Parte_1,0.25,67,
446.5,Note,Parte_1,0.25,72,
446.75,Note,Parte_1,0.25,75,
447.0,Note,Parte_1,1.0,79,
447.0,Rest,Parte_3,0.5,0,
447.5,Note,Parte_3,0.25,63,
447.75,Note,Parte_3,0.25,60,
448.0,Rest,Parte_1,0.25,0,
448.0,Rest,Parte_2,4.0,0,
448.0,Note,Parte_3,1.0,55,
448.0,Rest,Parte_4,4.0,0,
448.25,Note,Parte_1,0.25,67,
448.5,Note,Parte_1,0.25,74,
448.75,Note,Parte_1,0.25,77,
449.0,Note,Parte_1,1.0,79,
449.0,Rest,Parte_3,0.5,0,
449.5,Note,Parte_3,0.25,65,
449.75,Note,Parte_3,0.25,62,
450.0,Rest,Parte_1,0.25,0,
450.0,Note,Parte_3,1.0,55,
450.25,Note,Parte_1,0.25,67,
450.5,Note,Parte_1,0.25,72,
450.75,Note,Parte_1,0.25,75,
451.0,Note,Parte_1,1.0,79,
451.0,Rest,Parte_3,0.5,0,
451.5,Note,Parte_3,0.25,63,
451.75,Note,Parte_3,0.25,60,
452.0,Tuplet 3:2,Parte_1,"[['Rest', 0.5, 0, None], ['Note', 0.5, 67, None], ['Note', 0.5, 66, None]]"
452.0,Rest,Parte_2,4.0,0,
452.0,Note,Parte_3,1.0,55,
452.0,Rest,Parte_4,4.0,0,
453.0,Tuplet 3:2,Parte_1,"[['Note', 0.5, 67, None], ['Note', 0.5, 71, None], ['Note', 0.5, 74, None]]"
453.0,Rest,Parte_3,1.0,0,
454.0,Tuplet 3:2,Parte_1,"[['Note', 0.5, 79, None], ['Note', 0.5, 74, None], ['Note', 0.5, 71, None]]"
454.0,Rest,Parte_3,1.0,0,
455.0,Note,Parte_1,1.0,67,
455.0,Tuplet 3:2,Parte_3,"[['Note', 0.5, 55, None], ['Note', 0.5, 50, None], ['Note', 0.5, 47, None]]"
456.0,Tuplet 3:2,Parte_1,"[['Rest', 0.5, 0, None], ['Note', 0.5, 71, None], ['Note', 0.5, 70, None]]"
456.0,Rest,Parte_2,4.0,0,
456.0,Note,Parte_3,1.0,43,
456.0,Rest,Parte_4,4.0,0,
457.0,Tuplet 3:2,Parte_1,"[['Note', 0.5, 71, None], ['Note', 0.5, 74, None], ['Note', 0.5, 79, None]]"
457.0,Rest,Parte_3,1.0,0,
458.0,Tuplet 3:2,Parte_1,"[['Note', 0.5, 83, None], ['Note', 0.5, 79, None], ['Note', 0.5, 74, None]]"
458.0,Rest,Parte_3,1.0,0,
459.0,Note,Parte_1,1.0,71,
459.0,Tuplet 3:2,Parte_3,"[['Note', 0.5, 55, None], ['Note', 0.5, 50, None], ['Note', 0.5, 47, None]]"
460.0,Tuplet 3:2,Parte_1,"[['Rest', 0.5, 0, None], ['Note', 0.5, 74, None], ['Note', 0.5, 73, None]]"
460.0,Rest,Parte_2,4.0,0,
460.0,Note,Parte_3,1.0,43,
460.0,Rest,Parte_4,4.0,0,
461.0,Tuplet 3:2,Parte_1,"[['Note', 0.5, 74, None], ['Note', 0.5, 79, None], ['Note', 0.5, 83, None]]"
461.0,Rest,Parte_3,1.0,0,
462.0,Tuplet 3:2,Parte_1,"[['Note', 0.5, 86, None], ['Note', 0.5, 83, None], ['Note', 0.5, 79, None]]"
462.0,Rest,Parte_3,1.0,0,
463.0,Note,Parte_1,1.0,74,
463.0,Tuplet 3:2,Parte_3,"[['Note', 0.5, 43, None], ['Note', 0.5, 38, None], ['Note', 0.5, 35, None]]"
464.0,Tuplet 3:2,Parte_1,"[['Rest', 0.5, 0, None], ['Note', 0.5, 77, None], ['Note', 0.5, 76, None]]"
464.0,Rest,Parte_2,4.0,0,
464.0,Note,Parte_3,1.0,31,
464.0,Rest,Parte_4,4.0,0,
465.0,Tuplet 3:2,Parte_1,"[['Note', 0.5, 77, None], ['Note', 0.5, 83, None], ['Note', 0.5, 86, None]]"
465.0,Rest,Parte_3,1.0,0,
466.0,Tuplet 3:2,Parte_1,"[['Note', 0.5, 89, None], ['Note', 0.5, 86, None], ['Note', 0.5, 83, None]]"
466.0,Rest,Parte_3,2.0,0,
467.0,Tuplet 3:2,Parte_1,"[['Note', 0.5, 89, None], ['Note', 0.5, 86, None], ['Note', 0.5, 83, None]]"
468.0,Note,Parte_1,3.0,89,
468.0,Rest,Parte_2,4.0,0,
468.0,Chord,Parte_3,4.0,"[31, 43]",start
468.0,Rest,Parte_4,4.0,0,
471.0,Tuplet 3:2,Parte_1,"[['Note', 0.5, 87, None], ['Note', 0.5, 86, None], ['Note', 0.5, 84, None]]"
472.0,Tuplet 3:2,Parte_1,"[['Note', 0.5, 83, None], ['Note', 0.5, 80, None], ['Note', 0.5, 79, None]]"
472.0,Rest,Parte_2,4.0,0,
472.0,Chord,Parte_3,4.0,"[31, 43]",stop
472.0,Rest,Parte_4,4.0,0,
473.0,Tuplet 3:2,Parte_1,"[['Note', 0.5, 77, None], ['Note', 0.5, 75, None], ['Note', 0.5, 74, None]]"
474.0,Tuplet 3:2,Parte_1,"[['Note', 0.5, 72, None], ['Note', 0.5, 71, None], ['Note', 0.5, 68, None]]"
475.0,Tuplet 5:4,Parte_1,"[['Note', 0.25, 67, None], ['Note', 0.25, 65, None], ['Note', 0.25, 63, None], ['Note', 0.25, 62, None], ['Note', 0.25, 60, None]]"
476.0,Note,Parte_1,4.0,59,start
476.0,Rest,Parte_2,4.0,0,
476.0,Chord,Parte_3,4.0,"[43, 50, 53]",start
476.0,Rest,Parte_4,4.0,0,
480.0,Note,Parte_1,2.0,59,stop
480.0,Rest,Parte_2,4.0,0,
480.0,Chord,Parte_3,2.0,"[43, 50, 53]",stop
480.0,Rest,Parte_4,4.0,0,
482.0,Rest,Parte_1,0.5,0,
482.0,Rest,Parte_3,2.0,0,
482.5,Note,Parte_1,0.5,67,
483.0,Note,Parte_1,0.5,72,
483.5,Note,Parte_1,0.5,74,
484.0,Note,Parte_1,1.5,75,
484.0,Rest,Parte_2,4.0,0,
484.0,Note,Parte_3,0.5,48,
484.0,Rest,Parte_4,4.0,0,
484.5,Note,Parte_3,0.5,51,
485.0,Note,Parte_3,0.5,55,
485.5,Note,Parte_1,0.5,77,
485.5,Note,Parte_3,0.5,60,
486.0,Note,Parte_1,1.5,74,
486.0,Note,Parte_3,0.5,48,
486.5,Note,Parte_3,0.5,53,
487.0,Note,Parte_3,0.5,55,
487.5,Note,Parte_1,0.5,75,
487.5,Note,Parte_3,0.5,59,
488.0,Note,Parte_1,2.0,72,
488.0,Rest,Parte_2,4.0,0,
488.0,Note,Parte_3,0.5,48,
488.0,Rest,Parte_4,4.0,0,
488.5,Note,Parte_3,0.5,51,
489.0,Note,Parte_3,0.5,55,
489.5,Note,Parte_3,0.5,60,
490.0,Note,Parte_1,0.0,74,
490.0,Note,Parte_1,0.5,72,
490.0,Note,Parte_3,0.5,63,
490.5,Note,Parte_1,0.5,71,
490.5,Note,Parte_3,0.5,67,
491.0,Note,Parte_1,0.5,72,
491.0,Note,Parte_3,0.5,63,
491.5,Note,Parte_1,0.5,74,
491.5,Note,Parte_3,0.5,62,
492.0,Note,Parte_1,0.0,77,
492.0,Note,Parte_1,0.5,75,
492.0,Rest,Parte_2,4.0,0,
492.0,Note,Parte_3,0.5,60,
492.0,Rest,Parte_4,4.0,0,
492.5,Note,Parte_1,0.5,74,
492.5,Note,Parte_3,0.5,67,
493.0,Note,Parte_1,0.5,75,
493.0,Chord,Parte_3,0.5,"[60, 63]",
493.5,Note,Parte_1,0.5,77,
493.5,Note,Parte_3,0.5,67,
494.0,Note,Parte_1,1.0,79,
494.0,Chord,Parte_3,0.5,"[59, 62]",
494.5,Note,Parte_3,0.5,67,
495.0,Note,Parte_1,1.0,79,
495.0,Chord,Parte_3,0.5,"[56, 60]",
495.5,Note,Parte_3,0.5,67,
496.0,Note,Parte_1,3.0,79,
496.0,Rest,Parte_2,4.0,0,
496.0,Note,Parte_3,0.5,55,
496.0,Rest,Parte_4,4.0,0,
496.5,Note,Parte_3,0.5,59,
497.0,Note,Parte_3,0.5,62,
497.5,Note,Parte_3,0.5,67,
498.0,Note,Parte_3,0.5,55,
498.5,Note,Parte_3,0.5,59,
499.0,Note,Parte_1,0.5,77,
499.0,Note,Parte_3,0.5,62,
499.5,Note,Parte_1,0.5,79,
499.5,Note,Parte_3,0.5,67,
500.0,Note,Parte_1,0.25,77,
500.0,Rest,Parte_2,4.0,0,
500.0,Note,Parte_3,0.5,53,
500.0,Rest,Parte_4,4.0,0,
500.25,Note,Parte_1,0.25,79,
500.5,Note,Parte_1,1.5,80,
500.5,Note,Parte_3,0.5,56,
501.0,Note,Parte_3,0.5,59,
501.5,Note,Parte_3,0.5,62,
502.0,Note,Parte_1,1.0,74,
502.0,Note,Parte_3,0.5,53,
502.5,Note,Parte_3,0.5,56,
503.0,Note,Parte_1,0.5,75,
503.0,Note,Parte_3,0.5,59,
503.5,Note,Parte_1,0.5,77,
503.5,Note,Parte_3,0.5,62,
504.0,Note,Parte_1,0.25,75,
504.0,Rest,Parte_2,4.0,0,
504.0,Note,Parte_3,0.5,51,
504.0,Rest,Parte_4,4.0,0,
504.25,Note,Parte_1,0.25,77,
504.5,Note,Parte_1,1.5,79,
504.5,Note,Parte_3,0.5,55,
505.0,Note,Parte_3,0.5,60,
505.5,Note,Parte_3,0.5,63,
506.0,Note,Parte_1,1.0,72,
506.0,Note,Parte_3,0.5,56,
506.5,Note,Parte_3,0.5,60,
507.0,Note,Parte_1,0.5,72,
507.0,Note,Parte_3,0.5,63,
507.5,Note,Parte_1,0.5,74,
507.5,Note,Parte_3,0.5,66,
508.0,Note,Parte_1,1.0,75,
508.0,Rest,Parte_2,4.0,0,
508.0,Note,Parte_3,0.5,55,
508.0,Rest,Parte_4,4.0,0,
508.5,Note,Parte_3,0.5,60,
509.0,Note,Parte_1,0.5,75,
509.0,Note,Parte_3,0.5,63,
509.5,Note,Parte_1,0.5,77,
509.5,Note,Parte_3,0.5,67,
510.0,Note,Parte_1,1.0,74,
510.0,Note,Parte_3,0.5,55,
510.5,Note,Parte_3,0.5,59,
511.0,Note,Parte_1,0.5,74,
511.0,Note,Parte_3,0.5,62,
511.5,Note,Parte_1,0.5,75,
511.5,Note,Parte_3,0.5,67,
512.0,Note,Parte_1,1.0,72,
512.0,Rest,Parte_2,4.0,0,
512.0,Rest,Parte_3,0.5,0,
512.0,Rest,Parte_4,4.0,0,
512.5,Note,Parte_3,0.5,36,
513.0,Rest,Parte_1,1.0,0,
513.0,Note,Parte_3,0.5,39,
513.5,Note,Parte_3,0.5,43,
514.0,Rest,Parte_1,2.0,0,
514.0,Note,Parte_3,0.5,48,
514.5,Note,Parte_3,0.5,51,
515.0,Note,Parte_3,0.5,53,
515.5,Note,Parte_3,0.5,55,
516.0,Rest,Parte_1,0.5,0,
516.0,Rest,Parte_2,4.0,0,
516.0,Note,Parte_3,2.0,56,
516.0,Rest,Parte_4,4.0,0,
516.5,Note,Parte_1,0.5,59,
517.0,Note,Parte_1,0.5,62,
517.5,Note,Parte_1,0.5,65,
518.0,Rest,Parte_1,0.5,0,
518.0,Note,Parte_3,1.0,50,
518.5,Note,Parte_1,0.5,77,
519.0,Note,Parte_1,0.5,74,
519.0,Note,Parte_3,0.5,51,
519.5,Note,Parte_1,0.5,71,
519.5,Note,Parte_3,0.5,53,
520.0,Rest,Parte_1,0.5,0,
520.0,Rest,Parte_2,4.0,0,
520.0,Note,Parte_3,2.0,55,
520.0,Rest,Parte_4,4.0,0,
520.5,Note,Parte_1,0.5,60,
521.0,Note,Parte_1,0.5,63,
521.5,Note,Parte_1,0.5,67,
522.0,Rest,Parte_1,0.5,0,
522.0,Note,Parte_3,1.0,48,
522.5,Note,Parte_1,0.5,79,
523.0,Note,Parte_1,0.5,75,
523.0,Note,Parte_3,0.5,58,
523.5,Note,Parte_1,0.5,72,
523.5,Note,Parte_3,0.5,60,
524.0,Rest,Parte_1,0.5,0,
524.0,Rest,Parte_2,4.0,0,
524.0,Note,Parte_3,2.0,61,
524.0,Rest,Parte_4,4.0,0,
524.5,Note,Parte_1,0.5,64,
525.0,Note,Parte_1,0.5,67,
525.5,Note,Parte_1,0.5,70,
526.0,Rest,Parte_1,0.5,0,
526.0,Note,Parte_3,1.0,55,
526.5,Note,Parte_1,0.5,82,
527.0,Note,Parte_1,0.5,79,
527.0,Note,Parte_3,0.5,56,
527.5,Note,Parte_1,0.5,76,
527.5,Note,Parte_3,0.5,58,
528.0,Rest,Parte_1,0.5,0,
528.0,Rest,Parte_2,4.0,0,
528.0,Note,Parte_3,2.0,60,
528.0,Rest,Parte_4,4.0,0,
528.5,Note,Parte_1,0.5,65,
529.0,Note,Parte_1,0.5,68,
529.5,Note,Parte_1,0.5,72,
530.0,Note,Parte_1,0.5,77,
530.0,Note,Parte_3,1.0,53,
530.5,Note,Parte_1,0.5,80,
531.0,Note,Parte_1,0.5,84,
531.0,Rest,Parte_3,1.0,0,
531.5,Note,Parte_1,0.5,89,start
532.0,Note,Parte_1,1.0,89,stop
532.0,Rest,Parte_2,4.0,0,
532.0,Note,Parte_3,1.0,60,
532.0,Note,Parte_4,2.0,56,
533.0,Note,Parte_1,1.0,87,
533.0,Note,Parte_3,1.0,65,
534.0,Note,Parte_1,1.0,86,
534.0,Note,Parte_3,1.0,60,
534.0,Note,Parte_4,2.0,56,
535.0,Note,Parte_1,1.0,84,
535.0,Note,Parte_3,1.0,66,
536.0,Note,Parte_1,1.0,83,
536.0,Rest,Parte_2,4.0,0,
536.0,Note,Parte_3,1.0,55,
536.0,Rest,Parte_4,4.0,0,
537.0,Note,Parte_1,2.0,79,
537.0,Note,Parte_3,1.0,67,
538.0,Note,Parte_3,1.0,65,
539.0,Note,Parte_1,1.0,79,start
539.0,Note,Parte_3,1.0,67,
540.0,Note,Parte_1,0.5,79,stop
540.0,Rest,Parte_2,4.0,0,
540.0,Note,Parte_3,1.0,64,
540.0,Rest,Parte_4,4.0,0,
540.5,Note,Parte_1,0.5,81,
541.0,Note,Parte_1,0.5,83,
541.0,Note,Parte_3,1.0,67,
541.5,Note,Parte_1,0.5,84,
542.0,Note,Parte_1,0.5,86,
542.0,Note,Parte_3,1.0,59,
542.5,Note,Parte_1,0.5,88,
543.0,Note,Parte_1,0.5,89,
543.0,Note,Parte_3,1.0,67,
543.5,Note,Parte_1,0.5,86,
544.0,Note,Parte_1,0.5,89,
544.0,Rest,Parte_2,4.0,0,
544.0,Note,Parte_3,1.0,60,
544.0,Rest,Parte_4,2.0,0,
544.5,Note,Parte_1,0.5,88,
545.0,Note,Parte_1,0.5,86,
545.0,Note,Parte_3,1.0,67,
545.5,Note,Parte_1,0.5,84,
546.0,Note,Parte_1,0.5,84,
546.0,Note,Parte_3,2.0,74,
546.0,Note,Parte_4,1.0,65,
546.5,Note,Parte_1,0.5,83,
547.0,Note,Parte_1,0.5,81,
547.0,Note,Parte_4,1.0,67,
547.5,Note,Parte_1,0.5,83,
548.0,Note,Parte_1,0.5,86,
548.0,Rest,Parte_2,2.0,0,
548.0,Note,Parte_3,2.0,72,
548.0,Note,Parte_4,1.0,64,
548.5,Note,Parte_1,0.5,84,
549.0,Note,Parte_1,0.5,83,
549.0,Note,Parte_4,1.0,67,
549.5,Note,Parte_1,0.5,81,
550.0,Note,Parte_1,1.0,79,
550.0,Note,Parte_2,1.0,77,
550.0,Note,Parte_3,1.0,59,
550.0,Rest,Parte_4,2.0,0,
551.0,Note,Parte_1,1.0,79,
551.0,Note,Parte_2,1.0,77,
551.0,Note,Parte_3,1.0,67,
552.0,Note,Parte_1,4.0,79,start
552.0,Note,Parte_2,0.5,77,
552.0,Note,Parte_3,1.0,60,
552.0,Rest,Parte_4,4.0,0,
552.5,Note,Parte_2,0.5,76,
553.0,Note,Parte_2,0.5,74,
553.0,Note,Parte_3,1.0,67,
553.5,Note,Parte_2,0.5,72,
554.0,Note,Parte_2,0.5,72,
554.0,Note,Parte_3,1.0,65,
554.5,Note,Parte_2,0.5,71,
555.0,Note,Parte_2,0.5,69,
555.0,Note,Parte_3,1.0,67,
555.5,Note,Parte_2,0.5,71,
556.0,Chord,Parte_1,0.5,"[72, 79]",stop
556.0,Rest,Parte_2,4.0,0,
556.0,Note,Parte_3,1.0,64,
556.0,Rest,Parte_4,4.0,0,
556.5,Note,Parte_1,0.5,81,
557.0,Note,Parte_1,0.5,83,
557.0,Note,Parte_3,1.0,67,
557.5,Note,Parte_1,0.5,84,
558.0,Note,Parte_1,0.5,86,
558.0,Note,Parte_3,1.0,59,
558.5,Note,Parte_1,0.5,88,
559.0,Note,Parte_1,0.5,89,
559.0,Note,Parte_3,1.0,67,
559.5,Note,Parte_1,0.5,86,
560.0,Note,Parte_1,0.5,89,
560.0,Rest,Parte_2,4.0,0,
560.0,Note,Parte_3,1.0,60,
560.0,Rest,Parte_4,2.0,0,
560.5,Note,Parte_1,0.5,88,
561.0,Note,Parte_1,0.5,86,
561.0,Note,Parte_3,1.0,67,
561.5,Note,Parte_1,0.5,84,
562.0,Note,Parte_1,0.5,83,
562.0,Note,Parte_3,1.0,72,
562.0,Note,Parte_4,2.0,64,
562.5,Note,Parte_1,0.5,84,
563.0,Note,Parte_1,0.5,88,
563.0,Note,Parte_3,1.0,67,
563.5,Note,Parte_1,0.5,84,
564.0,Note,Parte_1,0.5,83,
564.0,Rest,Parte_2,4.0,0,
564.0,Note,Parte_3,1.0,72,
564.0,Note,Parte_4,2.0,65,
564.5,Note,Parte_1,0.5,81,
565.0,Note,Parte_1,0.5,84,
565.0,Note,Parte_3,1.0,69,
565.5,Note,Parte_1,0.5,81,
566.0,Note,Parte_1,0.5,79,
566.0,Note,Parte_3,1.0,73,
566.0,Note,Parte_4,2.0,65,
566.5,Note,Parte_1,0.5,77,
567.0,Note,Parte_1,0.5,81,
567.0,Note,Parte_3,1.0,69,
567.5,Note,Parte_1,0.5,77,
568.0,Note,Parte_1,0.5,76,
568.0,Rest,Parte_2,4.0,0,
568.0,Chord,Parte_3,1.0,"[65, 74]",
568.0,Rest,Parte_4,4.0,0,
568.5,Note,Parte_1,0.5,74,
569.0,Note,Parte_1,0.5,77,
569.0,Note,Parte_3,1.0,69,
569.5,Note,Parte_1,0.5,74,
570.0,Note,Parte_1,0.5,81,
570.0,Note,Parte_3,1.0,65,
570.5,Note,Parte_1,0.5,77,
571.0,Note,Parte_1,0.5,74,
571.0,Note,Parte_3,1.0,66,
571.5,Note,Parte_1,0.5,72,
572.0,Tuplet 3:2,Parte_1,"[['Note', 0.5, 71, None], ['Note', 0.5, 67, None], ['Note', 0.5, 69, None]]"
572.0,Rest,Parte_2,4.0,0,
572.0,Note,Parte_3,0.5,67,
572.0,Rest,Parte_4,4.0,0,
572.5,Rest,Parte_3,0.5,0,
573.0,Tuplet 3:2,Parte_1,"[['Note', 0.5, 71, None], ['Note', 0.5, 69, None], ['Note', 0.5, 67, None]]"
573.0,Rest,Parte_3,1.0,0,
574.0,Note,Parte_1,2.0,72,
574.0,Tuplet 3:2,Parte_3,"[['Rest', 0.5, 0, None], ['Note', 0.5, 62, None], ['Note', 0.5, 64, None]]"
575.0,Tuplet 3:2,Parte_3,"[['Note', 0.5, 66, None], ['Note', 0.5, 64, None], ['Note', 0.5, 62, None]]"
576.0,Tuplet 3:2,Parte_1,"[['Note', 0.5, 71, None], ['Note', 0.5, 67, None], ['Note', 0.5, 69, None]]"
576.0,Rest,Parte_2,4.0,0,
576.0,Note,Parte_3,0.5,67,
576.0,Rest,Parte_4,4.0,0,
576.5,Rest,Parte_3,0.5,0,
577.0,Tuplet 3:2,Parte_1,"[['Note', 0.5, 71, None], ['Note', 0.5, 69, None], ['Note', 0.5, 67, None]]"
577.0,Rest,Parte_3,1.0,0,
578.0,Note,Parte_1,2.0,72,
578.0,Tuplet 3:2,Parte_3,"[['Rest', 0.5, 0, None], ['Note', 0.5, 62, None], ['Note', 0.5, 64, None]]"
579.0,Tuplet 3:2,Parte_3,"[['Note', 0.5, 66, None], ['Note', 0.5, 64, None], ['Note', 0.5, 62, None]]"
580.0,Tuplet 3:2,Parte_1,"[['Note', 0.5, 71, None], ['Note', 0.5, 67, None], ['Note', 0.5, 69, None]]"
580.0,Rest,Parte_2,4.0,0,
580.0,Note,Parte_3,0.5,67,
580.0,Rest,Parte_4,4.0,0,
580.5,Rest,Parte_3,0.5,0,
581.0,Tuplet 3:2,Parte_1,"[['Note', 0.5, 71, None], ['Note', 0.5, 69, None], ['Note', 0.5, 67, None]]"
581.0,Rest,Parte_3,1.0,0,
582.0,Tuplet 3:2,Parte_1,"[['Note', 0.5, 74, None], ['Note', 0.5, 71, None], ['Note', 0.5, 72, None]]"
582.0,Note,Parte_3,1.0,67,
583.0,Tuplet 3:2,Parte_1,"[['Note', 0.5, 74, None], ['Note', 0.5, 72, None], ['Note', 0.5, 71, None]]"
583.0,Rest,Parte_3,1.0,0,
584.0,Tuplet 3:2,Parte_1,"[['Note', 0.5, 77, None], ['Note', 0.5, 76, None], ['Note', 0.5, 74, None]]"
584.0,Rest,Parte_2,4.0,0,
584.0,Chord,Parte_3,1.0,"[55, 59, 62, 65]",
584.0,Rest,Parte_4,4.0,0,
585.0,Tuplet 3:2,Parte_1,"[['Note', 0.5, 72, None], ['Note', 0.5, 71, None], ['Note', 0.5, 69, None]]"
585.0,Rest,Parte_3,1.0,0,
586.0,Tuplet 3:2,Parte_1,"[['Note', 0.5, 67, None], ['Note', 0.5, 69, None], ['Note', 0.5, 67, None]]"
586.0,Rest,Parte_3,2.0,0,
587.0,Tuplet 3:2,Parte_1,"[['Note', 0.5, 65, None], ['Note', 0.5, 64, None], ['Note', 0.5, 62, None]]"
588.0,Tuplet 3:2,Parte_1,"[['Note', 0.5, 64, None], ['Note', 0.5, 60, None], ['Note', 0.5, 62, None]]"
588.0,Rest,Parte_2,4.0,0,
588.0,Note,Parte_3,1.0,48,
588.0,Rest,Parte_4,4.0,0,
589.0,Tuplet 3:2,Parte_1,"[['Note', 0.5, 64, None], ['Note', 0.5, 62, None], ['Note', 0.5, 60, None]]"
589.0,Rest,Parte_3,1.0,0,
590.0,Note,Parte_1,2.0,65,
590.0,Tuplet 3:2,Parte_3,"[['Rest', 0.5, 0, None], ['Note', 0.5, 55, None], ['Note', 0.5, 57, None]]"
591.0,Tuplet 3:2,Parte_3,"[['Note', 0.5, 59, None], ['Note', 0.5, 57, None], ['Note', 0.5, 55, None]]"
592.0,Tuplet 3:2,Parte_1,"[['Note', 0.5, 64, None], ['Note', 0.5, 72, None], ['Note', 0.5, 74, None]]"
592.0,Rest,Parte_2,4.0,0,
592.0,Note,Parte_3,1.0,60,
592.0,Rest,Parte_4,4.0,0,
593.0,Tuplet 3:2,Parte_1,"[['Note', 0.5, 76, None], ['Note', 0.5, 74, None], ['Note', 0.5, 72, None]]"
593.0,Rest,Parte_3,1.0,0,
594.0,Note,Parte_1,2.0,77,
594.0,Tuplet 3:2,Parte_3,"[['Rest', 0.5, 0, None], ['Note', 0.5, 55, None], ['Note', 0.5, 57, None]]"
595.0,Tuplet 3:2,Parte_3,"[['Note', 0.5, 59, None], ['Note', 0.5, 57, None], ['Note', 0.5, 55, None]]"
596.0,Tuplet 3:2,Parte_1,"[['Note', 0.5, 75, None], ['Note', 0.5, 72, None], ['Note', 0.5, 74, None]]"
596.0,Rest,Parte_2,4.0,0,
596.0,Note,Parte_3,1.0,60,
596.0,Rest,Parte_4,4.0,0,
597.0,Tuplet 3:2,Parte_1,"[['Note', 0.5, 75, None], ['Note', 0.5, 74, None], ['Note', 0.5, 72, None]]"
597.0,Rest,Parte_3,1.0,0,
598.0,Tuplet 3:2,Parte_1,"[['Note', 0.5, 79, None], ['Note', 0.5, 75, None], ['Note', 0.5, 77, None]]"
598.0,Note,Parte_3,1.0,60,
599.0,Tuplet 3:2,Parte_1,"[['Note', 0.5, 79, None], ['Note', 0.5, 77, None], ['Note', 0.5, 75, None]]"
599.0,Rest,Parte_3,1.0,0,
600.0,Tuplet 3:2,Parte_1,"[['Note', 0.5, 82, None], ['Note', 0.5, 81, None], ['Note', 0.5, 79, None]]"
600.0,Rest,Parte_2,4.0,0,
600.0,Chord,Parte_3,1.0,"[52, 55, 58, 60]",
600.0,Rest,Parte_4,4.0,0,
601.0,Tuplet 3:2,Parte_1,"[['Note', 0.5, 77, None], ['Note', 0.5, 76, None], ['Note', 0.5, 74, None]]"
601.0,Rest,Parte_3,1.0,0,
602.0,Tuplet 3:2,Parte_1,"[['Note', 0.5, 72, None], ['Note', 0.5, 71, None], ['Note', 0.5, 72, None]]"
602.0,Rest,Parte_3,2.0,0,
603.0,Tuplet 3:2,Parte_1,"[['Note', 0.5, 73, None], ['Note', 0.5, 74, None], ['Note', 0.5, 70, None]]"
604.0,Rest,Parte_1,1.0,0,
604.0,Rest,Parte_2,4.0,0,
604.0,Tuplet 3:2,Parte_3,"[['Note', 0.5, 41, None], ['Note', 0.5, 45, None], ['Note', 0.5, 48, None]]"
604.0,Rest,Parte_4,4.0,0,
605.0,Tuplet 3:2,Parte_1,"[['Note', 0.5, 57, None], ['Note', 0.5, 60, None], ['Note', 0.5, 65, None]]"
605.0,Note,Parte_3,1.0,53,
606.0,Tuplet 3:2,Parte_1,"[['Note', 0.5, 69, None], ['Note', 0.5, 72, None], ['Note', 0.5, 77, None]]"
606.0,Rest,Parte_3,2.0,0,
607.0,Note,Parte_1,0.5,81,
607.5,Note,Parte_1,0.5,81,
608.0,Note,Parte_1,0.5,81,
608.0,Rest,Parte_2,4.0,0,
608.0,Chord,Parte_3,1.0,"[55, 60, 64]",
608.0,Rest,Parte_4,4.0,0,
608.5,Note,Parte_1,0.5,79,
609.0,Note,Parte_1,0.5,77,
609.0,Rest,Parte_3,1.0,0,
609.5,Note,Parte_1,0.5,76,
610.0,Note,Parte_1,0.5,76,
610.0,Chord,Parte_3,1.0,"[55, 62, 65]",
610.5,Note,Parte_1,0.5,74,
611.0,Note,Parte_1,0.5,72,
611.0,Rest,Parte_3,1.0,0,
611.5,Note,Parte_1,0.5,71,
612.0,Note,Parte_1,1.0,72,
612.0,Rest,Parte_2,4.0,0,
612.0,Chord,Parte_3,1.0,"[60, 64]",
612.0,Rest,Parte_4,4.0,0,
613.0,Rest,Parte_1,1.0,0,
613.0,Rest,Parte_3,1.0,0,
614.0,Rest,Parte_1,1.0,0,
614.0,Rest,Parte_3,2.0,0,
615.0,Note,Parte_1,1.0,67,
616.0,Chord,Parte_1,1.0,"[71, 74]",
616.0,Rest,Parte_2,4.0,0,
616.0,Chord,Parte_3,1.0,"[65, 67]",
616.0,Rest,Parte_4,4.0,0,
617.0,Chord,Parte_1,1.0,"[71, 74]",
617.0,Chord,Parte_3,1.0,"[65, 67]",
618.0,Chord,Parte_1,1.0,"[71, 74]",
618.0,Chord,Parte_3,1.0,"[65, 67]",
619.0,Chord,Parte_1,1.0,"[71, 74]",
619.0,Chord,Parte_3,1.0,"[65, 67]",
620.0,Chord,Parte_1,3.0,"[72, 79]",
620.0,Rest,Parte_2,4.0,0,
620.0,Chord,Parte_3,3.0,"[64, 67]",
620.0,Rest,Parte_4,4.0,0,
623.0,Chord,Parte_1,1.0,"[72, 79]",
623.0,Note,Parte_3,1.0,64,
624.0,Chord,Parte_1,2.0,"[72, 75, 78]",
624.0,Rest,Parte_2,4.0,0,
624.0,Note,Parte_3,2.0,69,
624.0,Rest,Parte_4,4.0,0,
626.0,Chord,Parte_1,2.0,"[72, 74, 78]",
626.0,Note,Parte_3,2.0,69,
628.0,Chord,Parte_1,1.0,"[71, 74, 79]",
628.0,Rest,Parte_2,4.0,0,
628.0,Note,Parte_3,1.0,67,
628.0,Rest,Parte_4,4.0,0,
629.0,Rest,Parte_1,1.0,0,
629.0,Rest,Parte_3,1.0,0,
630.0,Rest,Parte_1,1.0,0,
630.0,Rest,Parte_3,2.0,0,
631.0,Note,Parte_1,1.0,55,
632.0,Chord,Parte_1,1.0,"[59, 62]",
632.0,Rest,Parte_2,4.0,0,
632.0,Chord,Parte_3,1.0,"[53, 55]",
632.0,Rest,Parte_4,4.0,0,
633.0,Chord,Parte_1,1.0,"[59, 62]",
633.0,Chord,Parte_3,1.0,"[53, 55]",
634.0,Chord,Parte_1,1.0,"[59, 62]",
634.0,Chord,Parte_3,1.0,"[53, 55]",
635.0,Chord,Parte_1,1.0,"[59, 62]",
635.0,Chord,Parte_3,1.0,"[53, 55]",
636.0,Note,Parte_1,3.0,67,
636.0,Rest,Parte_2,1.0,0,
636.0,Chord,Parte_3,3.0,"[51, 55]",
636.0,Rest,Parte_4,4.0,0,
637.0,Note,Parte_2,1.0,59,
638.0,Note,Parte_2,2.0,60,start
639.0,Note,Parte_1,1.0,67,
639.0,Note,Parte_3,1.0,51,
640.0,Chord,Parte_1,1.0,"[60, 65]",stop
640.0,Rest,Parte_2,4.0,0,
640.0,Note,Parte_3,1.0,56,
640.0,Rest,Parte_4,4.0,0,
641.0,Chord,Parte_1,1.0,"[60, 65]",
641.0,Note,Parte_3,1.0,56,
642.0,Chord,Parte_1,1.0,"[62, 65]",
642.0,Chord,Parte_3,1.0,"[56, 58]",
643.0,Chord,Parte_1,1.0,"[62, 65]",start
643.0,Chord,Parte_3,1.0,"[56, 58]",
644.0,Note,Parte_1,3.0,70,
644.0,Note,Parte_2,1.0,62,stop
644.0,Chord,Parte_3,3.0,"[55, 58]",
644.0,Rest,Parte_4,4.0,0,
645.0,Note,Parte_2,1.0,62,
646.0,Note,Parte_2,2.0,63,start
647.0,Note,Parte_1,1.0,70,
647.0,Note,Parte_3,1.0,55,
648.0,Chord,Parte_1,1.0,"[63, 69]",stop
648.0,Rest,Parte_2,4.0,0,
648.0,Note,Parte_3,1.0,60,
648.0,Rest,Parte_4,4.0,0,
649.0,Chord,Parte_1,1.0,"[66, 69]",
649.0,Chord,Parte_3,1.0,"[60, 63]",
650.0,Chord,Parte_1,1.0,"[66, 69]",
650.0,Chord,Parte_3,1.0,"[60, 63]",
651.0,Chord,Parte_1,1.0,"[66, 69]",start
651.0,Chord,Parte_3,1.0,"[60, 63]",
652.0,Note,Parte_1,3.0,74,
652.0,Note,Parte_2,1.0,66,stop
652.0,Chord,Parte_3,3.0,"[59, 62]",
652.0,Rest,Parte_4,4.0,0,
653.0,Note,Parte_2,1.0,66,
654.0,Note,Parte_2,1.0,67,
655.0,Note,Parte_1,1.0,69,
655.0,Note,Parte_2,1.0,66,start
655.0,Chord,Parte_3,1.0,"[60, 63]",
656.0,Note,Parte_1,3.0,74,
656.0,Note,Parte_2,1.0,66,stop
656.0,Chord,Parte_3,3.0,"[59, 62]",
656.0,Rest,Parte_4,4.0,0,
657.0,Note,Parte_2,1.0,66,
658.0,Note,Parte_2,1.0,67,
659.0,Note,Parte_1,1.0,74,
659.0,Note,Parte_2,1.0,71,
659.0,Chord,Parte_3,1.0,"[65, 68]",
660.0,Note,Parte_1,3.0,79,
660.0,Note,Parte_2,1.0,71,
660.0,Chord,Parte_3,3.0,"[63, 67]",
660.0,Rest,Parte_4,4.0,0,
661.0,Note,Parte_2,1.0,71,
662.0,Note,Parte_2,1.0,72,
663.0,Note,Parte_1,1.0,74,
663.0,Note,Parte_2,1.0,71,start
663.0,Chord,Parte_3,1.0,"[65, 68]",
664.0,Note,Parte_1,3.0,79,
664.0,Note,Parte_2,1.0,71,stop
664.0,Chord,Parte_3,3.0,"[63, 67]",
664.0,Rest,Parte_4,4.0,0,
665.0,Note,Parte_2,1.0,71,
666.0,Note,Parte_2,1.0,72,
667.0,Note,Parte_1,1.0,74,
667.0,Note,Parte_2,1.0,71,start
667.0,Chord,Parte_3,1.0,"[65, 68]",
668.0,Note,Parte_1,4.0,80,
668.0,Note,Parte_2,1.0,71,stop
668.0,Rest,Parte_3,4.0,0,
668.0,Rest,Parte_4,4.0,0,
669.0,Note,Parte_2,1.0,70,
670.0,Note,Parte_2,1.0,71,
671.0,Note,Parte_2,1.0,74,
672.0,Note,Parte_1,4.0,79,
672.0,Rest,Parte_2,1.0,0,
672.0,Rest,Parte_3,4.0,0,
672.0,Rest,Parte_4,4.0,0,
673.0,Note,Parte_2,1.0,70,
674.0,Note,Parte_2,1.0,71,
675.0,Note,Parte_2,1.0,74,
676.0,Note,Parte_1,4.0,78,
676.0,Rest,Parte_2,1.0,0,
676.0,Rest,Parte_3,4.0,0,
676.0,Rest,Parte_4,4.0,0,
677.0,Note,Parte_2,1.0,70,
678.0,Note,Parte_2,1.0,71,
679.0,Note,Parte_2,1.0,74,start
680.0,Note,Parte_1,4.0,77,
680.0,Note,Parte_2,1.0,74,stop
680.0,Rest,Parte_3,2.0,0,
680.0,Rest,Parte_4,4.0,0,
681.0,Note,Parte_2,1.0,70,
682.0,Note,Parte_2,2.0,71,
682.0,Rest,Parte_3,1.0,0,
683.0,Note,Parte_3,1.0,43,
684.0,Chord,Parte_1,1.5,"[67, 72, 75]",
684.0,Rest,Parte_2,4.0,0,
684.0,Note,Parte_3,0.5,48,
684.0,Rest,Parte_4,4.0,0,
684.5,Note,Parte_3,0.5,51,
685.0,Note,Parte_3,0.5,55,
685.5,Note,Parte_1,0.5,77,
685.5,Note,Parte_3,0.5,60,
686.0,Note,Parte_1,1.5,74,
686.0,Note,Parte_3,0.5,48,
686.5,Note,Parte_3,0.5,53,
687.0,Note,Parte_3,0.5,55,
687.5,Note,Parte_1,0.5,75,
687.5,Note,Parte_3,0.5,59,
688.0,Note,Parte_1,2.0,72,
688.0,Rest,Parte_2,4.0,0,
688.0,Note,Parte_3,0.5,48,
688.0,Rest,Parte_4,4.0,0,
688.5,Note,Parte_3,0.5,51,
689.0,Note,Parte_3,0.5,55,
689.5,Note,Parte_3,0.5,60,
690.0,Note,Parte_1,0.0,74,
690.0,Note,Parte_1,0.5,72,
690.0,Note,Parte_3,0.5,63,
690.5,Note,Parte_1,0.5,71,
690.5,Note,Parte_3,0.5,67,
691.0,Note,Parte_1,0.5,72,
691.0,Note,Parte_3,0.5,63,
691.5,Note,Parte_1,0.5,74,
691.5,Note,Parte_3,0.5,62,
692.0,Note,Parte_1,0.0,77,
692.0,Note,Parte_1,0.5,75,
692.0,Rest,Parte_2,4.0,0,
692.0,Note,Parte_3,0.5,60,
692.0,Rest,Parte_4,4.0,0,
692.5,Note,Parte_1,0.5,74,
692.5,Note,Parte_3,0.5,67,
693.0,Note,Parte_1,0.5,75,
693.0,Chord,Parte_3,0.5,"[60, 63]",
693.5,Note,Parte_1,0.5,77,
693.5,Note,Parte_3,0.5,67,
694.0,Note,Parte_1,1.0,79,
694.0,Chord,Parte_3,0.5,"[59, 62]",
694.5,Note,Parte_3,0.5,67,
695.0,Note,Parte_1,1.0,79,
695.0,Chord,Parte_3,0.5,"[56, 60]",
695.5,Note,Parte_3,0.5,67,
696.0,Note,Parte_1,3.0,79,
696.0,Rest,Parte_2,4.0,0,
696.0,Note,Parte_3,0.5,55,
696.0,Rest,Parte_4,4.0,0,
696.5,Note,Parte_3,0.5,59,
697.0,Note,Parte_3,0.5,62,
697.5,Note,Parte_3,0.5,67,
698.0,Note,Parte_3,0.5,55,
698.5,Note,Parte_3,0.5,59,
699.0,Note,Parte_1,0.5,77,
699.0,Note,Parte_3,0.5,62,
699.5,Note,Parte_1,0.5,79,
699.5,Note,Parte_3,0.5,67,
700.0,Note,Parte_1,0.25,77,
700.0,Rest,Parte_2,4.0,0,
700.0,Note,Parte_3,0.5,53,
700.0,Rest,Parte_4,4.0,0,
700.25,Note,Parte_1,0.25,79,
700.5,Note,Parte_1,1.5,80,
700.5,Note,Parte_3,0.5,56,
701.0,Note,Parte_3,0.5,59,
701.5,Note,Parte_3,0.5,62,
702.0,Note,Parte_1,1.0,74,
702.0,Note,Parte_3,0.5,53,
702.5,Note,Parte_3,0.5,56,
703.0,Note,Parte_1,0.5,75,
703.0,Note,Parte_3,0.5,59,
703.5,Note,Parte_1,0.5,77,
703.5,Note,Parte_3,0.5,62,
704.0,Note,Parte_1,0.25,75,
704.0,Rest,Parte_2,4.0,0,
704.0,Note,Parte_3,0.5,51,
704.0,Rest,Parte_4,4.0,0,
704.25,Note,Parte_1,0.25,77,
704.5,Note,Parte_1,1.5,79,
704.5,Note,Parte_3,0.5,55,
705.0,Note,Parte_3,0.5,60,
705.5,Note,Parte_3,0.5,63,
706.0,Note,Parte_1,1.0,72,
706.0,Note,Parte_3,0.5,56,
706.5,Note,Parte_3,0.5,60,
707.0,Note,Parte_1,0.5,72,
707.0,Note,Parte_3,0.5,63,
707.5,Note,Parte_1,0.5,74,
707.5,Note,Parte_3,0.5,66,
708.0,Note,Parte_1,1.0,75,
708.0,Rest,Parte_2,4.0,0,
708.0,Note,Parte_3,0.5,55,
708.0,Rest,Parte_4,4.0,0,
708.5,Note,Parte_3,0.5,60,
709.0,Note,Parte_1,0.5,75,
709.0,Note,Parte_3,0.5,63,
709.5,Note,Parte_1,0.5,77,
709.5,Note,Parte_3,0.5,67,
710.0,Note,Parte_1,1.0,74,
710.0,Note,Parte_3,0.5,55,
710.5,Note,Parte_3,0.5,59,
711.0,Note,Parte_1,0.5,74,
711.0,Note,Parte_3,0.5,62,
711.5,Note,Parte_1,0.5,75,
711.5,Note,Parte_3,0.5,67,
712.0,Note,Parte_1,0.5,72,
712.0,Rest,Parte_2,4.0,0,
712.0,Note,Parte_3,1.0,60,
712.0,Rest,Parte_4,4.0,0,
712.5,Note,Parte_1,0.5,71,
713.0,Note,Parte_1,0.5,72,
713.0,Rest,Parte_3,1.0,0,
713.5,Note,Parte_1,0.5,74,
714.0,Note,Parte_1,0.5,75,
714.0,Rest,Parte_3,2.0,0,
714.5,Note,Parte_1,0.5,76,
715.0,Note,Parte_1,0.5,77,
715.5,Note,Parte_1,0.5,79,
716.0,Note,Parte_1,0.5,80,
716.0,Rest,Parte_2,4.0,0,
716.0,Note,Parte_3,0.5,41,
716.0,Rest,Parte_4,4.0,0,
716.5,Note,Parte_1,0.5,79,
716.5,Note,Parte_3,0.5,44,
717.0,Note,Parte_1,0.5,82,
717.0,Note,Parte_3,0.5,47,
717.5,Note,Parte_1,0.5,80,
717.5,Note,Parte_3,0.5,50,
718.0,Note,Parte_1,0.5,79,
718.0,Note,Parte_3,0.5,41,
718.5,Note,Parte_1,0.5,77,
718.5,Note,Parte_3,0.5,44,
719.0,Note,Parte_1,0.5,75,
719.0,Note,Parte_3,0.5,47,
719.5,Note,Parte_1,0.5,74,
719.5,Note,Parte_3,0.5,50,
720.0,Note,Parte_1,0.5,79,
720.0,Rest,Parte_2,4.0,0,
720.0,Note,Parte_3,0.5,39,
720.0,Rest,Parte_4,4.0,0,
720.5,Note,Parte_1,0.5,78,
720.5,Note,Parte_3,0.5,43,
721.0,Note,Parte_1,0.5,80,
721.0,Note,Parte_3,0.5,48,
721.5,Note,Parte_1,0.5,79,
721.5,Note,Parte_3,0.5,51,
722.0,Note,Parte_1,0.5,77,
722.0,Note,Parte_3,0.5,44,
722.5,Note,Parte_1,0.5,75,
722.5,Note,Parte_3,0.5,48,
723.0,Note,Parte_1,0.5,74,
723.0,Note,Parte_3,0.5,51,
723.5,Note,Parte_1,0.5,72,
723.5,Note,Parte_3,0.5,54,
724.0,Note,Parte_1,0.5,75,
724.0,Rest,Parte_2,4.0,0,
724.0,Note,Parte_3,0.5,43,
724.0,Rest,Parte_4,4.0,0,
724.5,Note,Parte_1,0.5,74,
724.5,Note,Parte_3,0.5,48,
725.0,Note,Parte_1,0.5,77,
725.0,Note,Parte_3,0.5,51,
725.5,Note,Parte_1,0.5,75,
725.5,Note,Parte_3,0.5,55,
726.0,Note,Parte_1,0.5,74,
726.0,Note,Parte_3,0.5,43,
726.5,Note,Parte_1,0.5,73,
726.5,Note,Parte_3,0.5,55,
727.0,Note,Parte_1,0.5,75,
727.0,Note,Parte_3,0.5,43,
727.5,Note,Parte_1,0.5,74,
727.5,Note,Parte_3,0.5,55,
728.0,Note,Parte_1,1.0,72,
728.0,Rest,Parte_2,4.0,0,
728.0,Note,Parte_3,0.5,48,
728.0,Rest,Parte_4,4.0,0,
728.5,Note,Parte_3,0.5,60,
729.0,Rest,Parte_1,1.0,0,
729.0,Note,Parte_3,0.5,59,
729.5,Note,Parte_3,0.5,60,
730.0,Tuplet 3:2,Parte_1,"[['Rest', 0.5, 0, None], ['Note', 0.5, 84, None], ['Note', 0.5, 86, None]]"
730.0,Note,Parte_3,0.5,58,
730.5,Note,Parte_3,0.5,60,
731.0,Tuplet 3:2,Parte_1,"[['Note', 0.5, 88, None], ['Note', 0.5, 86, None], ['Note', 0.5, 84, None]]"
731.0,Note,Parte_3,0.5,55,
731.5,Note,Parte_3,0.5,60,
732.0,Note,Parte_1,1.0,89,
732.0,Rest,Parte_2,4.0,0,
732.0,Note,Parte_3,0.5,56,
732.0,Rest,Parte_4,4.0,0,
732.5,Note,Parte_3,0.5,60,
733.0,Rest,Parte_1,1.0,0,
733.0,Note,Parte_3,0.5,53,
733.5,Note,Parte_3,0.5,60,
734.0,Tuplet 3:2,Parte_1,"[['Rest', 0.5, 0, None], ['Note', 0.5, 84, None], ['Note', 0.5, 86, None]]"
734.0,Note,Parte_3,0.5,58,
734.5,Note,Parte_3,0.5,60,
735.0,Tuplet 3:2,Parte_1,"[['Note', 0.5, 88, None], ['Note', 0.5, 86, None], ['Note', 0.5, 84, None]]"
735.0,Note,Parte_3,0.5,55,
735.5,Note,Parte_3,0.5,60,
736.0,Note,Parte_1,1.0,89,
736.0,Rest,Parte_2,4.0,0,
736.0,Note,Parte_3,0.5,56,
736.0,Rest,Parte_4,4.0,0,
736.5,Note,Parte_3,0.5,60,
737.0,Rest,Parte_1,1.0,0,
737.0,Note,Parte_3,0.5,53,
737.5,Note,Parte_3,0.5,60,
738.0,Tuplet 3:2,Parte_1,"[['Rest', 0.5, 0, None], ['Note', 0.5, 84, None], ['Note', 0.5, 86, None]]"
738.0,Note,Parte_3,0.5,58,
738.5,Note,Parte_3,0.5,60,
739.0,Tuplet 3:2,Parte_1,"[['Note', 0.5, 88, None], ['Note', 0.5, 86, None], ['Note', 0.5, 84, None]]"
739.0,Note,Parte_3,0.5,55,
739.5,Note,Parte_3,0.5,60,
740.0,Note,Parte_1,1.0,89,
740.0,Rest,Parte_2,4.0,0,
740.0,Note,Parte_3,1.0,56,
740.0,Rest,Parte_4,4.0,0,
741.0,Chord,Parte_1,1.0,"[72, 75, 78, 84]",
741.0,Chord,Parte_3,1.0,"[44, 48, 51, 56]",
742.0,Chord,Parte_1,1.0,"[72, 75, 79, 84]",
742.0,Chord,Parte_3,1.0,"[43, 48, 51, 55]",
743.0,Chord,Parte_1,1.0,"[71, 74, 79, 83]",
743.0,Chord,Parte_3,1.0,"[43, 47, 50, 55]",
744.0,Chord,Parte_1,1.0,"[72, 75, 79, 84]",
744.0,Rest,Parte_2,4.0,0,
744.0,Note,Parte_3,0.5,36,
744.0,Rest,Parte_4,4.0,0,
744.5,Note,Parte_3,0.5,48,
745.0,Rest,Parte_1,1.0,0,
745.0,Note,Parte_3,0.5,47,
745.5,Note,Parte_3,0.5,48,
746.0,Tuplet 3:2,Parte_1,"[['Rest', 0.5, 0, None], ['Note', 0.5, 72, None], ['Note', 0.5, 74, None]]"
746.0,Note,Parte_3,0.5,46,
746.5,Note,Parte_3,0.5,48,
747.0,Tuplet 3:2,Parte_1,"[['Note', 0.5, 76, None], ['Note', 0.5, 74, None], ['Note', 0.5, 72, None]]"
747.0,Note,Parte_3,0.5,43,
747.5,Note,Parte_3,0.5,48,
748.0,Note,Parte_1,1.0,77,
748.0,Rest,Parte_2,4.0,0,
748.0,Note,Parte_3,0.5,44,
748.0,Rest,Parte_4,4.0,0,
748.5,Note,Parte_3,0.5,48,
749.0,Rest,Parte_1,1.0,0,
749.0,Note,Parte_3,0.5,41,
749.5,Note,Parte_3,0.5,48,
750.0,Tuplet 3:2,Parte_1,"[['Rest', 0.5, 0, None], ['Note', 0.5, 72, None], ['Note', 0.5, 74, None]]"
750.0,Note,Parte_3,0.5,46,
750.5,Note,Parte_3,0.5,48,
751.0,Tuplet 3:2,Parte_1,"[['Note', 0.5, 76, None], ['Note', 0.5, 74, None], ['Note', 0.5, 72, None]]"
751.0,Note,Parte_3,0.5,43,
751.5,Note,Parte_3,0.5,48,
752.0,Note,Parte_1,1.0,77,
752.0,Rest,Parte_2,4.0,0,
752.0,Note,Parte_3,0.5,44,
752.0,Rest,Parte_4,4.0,0,
752.5,Note,Parte_3,0.5,48,
753.0,Rest,Parte_1,1.0,0,
753.0,Note,Parte_3,0.5,41,
753.5,Note,Parte_3,0.5,48,
754.0,Tuplet 3:2,Parte_1,"[['Rest', 0.5, 0, None], ['Note', 0.5, 60, None], ['Note', 0.5, 62, None]]"
754.0,Note,Parte_3,0.5,46,
754.5,Note,Parte_3,0.5,48,
755.0,Tuplet 3:2,Parte_1,"[['Note', 0.5, 64, None], ['Note', 0.5, 62, None], ['Note', 0.5, 60, None]]"
755.0,Note,Parte_3,0.5,43,
755.5,Note,Parte_3,0.5,48,
756.0,Tuplet 3:2,Parte_1,"[['Note', 0.5, 65, None], ['Note', 0.5, 60, None], ['Note', 0.5, 62, None]]"
756.0,Rest,Parte_2,4.0,0,
756.0,Note,Parte_3,1.0,44,
756.0,Rest,Parte_4,4.0,0,
757.0,Tuplet 3:2,Parte_1,"[['Note', 0.5, 63, None], ['Note', 0.5, 62, None], ['Note', 0.5, 60, None]]"
757.0,Chord,Parte_3,1.0,"[44, 56]",
758.0,Tuplet 3:2,Parte_1,"[['Note', 0.5, 66, None], ['Note', 0.5, 60, None], ['Note', 0.5, 62, None]]"
758.0,Rest,Parte_3,1.0,0,
759.0,Tuplet 3:2,Parte_1,"[['Note', 0.5, 63, None], ['Note', 0.5, 62, None], ['Note', 0.5, 60, None]]"
759.0,Chord,Parte_3,1.0,"[44, 48, 51, 56]",
760.0,Tuplet 3:2,Parte_1,"[['Note', 0.5, 67, None], ['Note', 0.5, 60, None], ['Note', 0.5, 62, None]]"
760.0,Rest,Parte_2,4.0,0,
760.0,Rest,Parte_3,1.0,0,
760.0,Rest,Parte_4,4.0,0,
761.0,Tuplet 3:2,Parte_1,"[['Note', 0.5, 63, None], ['Note', 0.5, 62, None], ['Note', 0.5, 60, None]]"
761.0,Chord,Parte_3,1.0,"[43, 48, 51, 55]",
762.0,Tuplet 3:2,Parte_1,"[['Note', 0.5, 69, None], ['Note', 0.5, 60, None], ['Note', 0.5, 62, None]]"
762.0,Rest,Parte_3,1.0,0,
763.0,Tuplet 3:2,Parte_1,"[['Note', 0.5, 63, None], ['Note', 0.5, 62, None], ['Note', 0.5, 60, None]]"
763.0,Chord,Parte_3,1.0,"[42, 48, 51, 54]",
764.0,Tuplet 3:2,Parte_1,"[['Note', 0.5, 71, None], ['Note', 0.5, 59, None], ['Note', 0.5, 60, None]]"
764.0,Rest,Parte_2,4.0,0,
764.0,Rest,Parte_3,1.0,0,
764.0,Rest,Parte_4,4.0,0,
765.0,Tuplet 3:2,Parte_1,"[['Note', 0.5, 62, None], ['Note', 0.5, 60, None], ['Note', 0.5, 59, None]]"
765.0,Chord,Parte_3,1.0,"[41, 47, 50, 53]",
766.0,Tuplet 3:2,Parte_1,"[['Note', 0.5, 72, None], ['Note', 0.5, 59, None], ['Note', 0.5, 62, None]]"
766.0,Rest,Parte_3,1.0,0,
767.0,Tuplet 3:2,Parte_1,"[['Note', 0.5, 63, None], ['Note', 0.5, 62, None], ['Note', 0.5, 60, None]]"
767.0,Chord,Parte_3,1.0,"[39, 43, 48, 51]",
768.0,Tuplet 3:2,Parte_1,"[['Note', 0.5, 74, None], ['Note', 0.5, 62, None], ['Note', 0.5, 63, None]]"
768.0,Rest,Parte_2,4.0,0,
768.0,Rest,Parte_3,1.0,0,
768.0,Rest,Parte_4,4.0,0,
769.0,Tuplet 3:2,Parte_1,"[['Note', 0.5, 65, None], ['Note', 0.5, 63, None], ['Note', 0.5, 62, None]]"
769.0,Chord,Parte_3,1.0,"[41, 44, 50, 53]",
770.0,Tuplet 3:2,Parte_1,"[['Note', 0.5, 71, None], ['Note', 0.5, 59, None], ['Note', 0.5, 60, None]]"
770.0,Rest,Parte_3,1.0,0,
771.0,Tuplet 3:2,Parte_1,"[['Note', 0.5, 62, None], ['Note', 0.5, 60, None], ['Note', 0.5, 59, None]]"
771.0,Chord,Parte_3,1.0,"[43, 47, 50, 55]",
772.0,Chord,Parte_1,1.0,"[60, 72]",
772.0,Rest,Parte_2,4.0,0,
772.0,Chord,Parte_3,1.0,"[36, 48]",
772.0,Rest,Parte_4,4.0,0,
773.0,Rest,Parte_1,1.0,0,
773.0,Chord,Parte_3,3.0,"[51, 55, 60]",
774.0,Note,Parte_1,1.0,79,
775.0,Note,Parte_1,0.25,77,
775.25,Note,Parte_1,0.25,75,
775.5,Note,Parte_1,0.25,74,
775.75,Note,Parte_1,0.25,72,
776.0,Note,Parte_1,1.0,74,
776.0,Rest,Parte_2,4.0,0,
776.0,Chord,Parte_3,1.0,"[53, 56, 60, 62]",
776.0,Rest,Parte_4,4.0,0,
777.0,Rest,Parte_1,1.0,0,
777.0,Chord,Parte_3,3.0,"[55, 59, 62]",
778.0,Note,Parte_1,1.0,77,
779.0,Note,Parte_1,0.25,75,
779.25,Note,Parte_1,0.25,74,
779.5,Note,Parte_1,0.25,72,
779.75,Note,Parte_1,0.25,71,
780.0,Note,Parte_1,1.0,72,
780.0,Rest,Parte_2,4.0,0,
780.0,Chord,Parte_3,1.0,"[51, 55, 60]",
780.0,Rest,Parte_4,4.0,0,
781.0,Rest,Parte_1,1.0,0,
781.0,Chord,Parte_3,3.0,"[51, 55, 60]",
782.0,Note,Parte_1,1.0,79,
783.0,Note,Parte_1,0.25,77,
783.25,Note,Parte_1,0.25,75,
783.5,Note,Parte_1,0.25,74,
783.75,Note,Parte_1,0.25,72,
784.0,Note,Parte_1,1.0,74,
784.0,Rest,Parte_2,4.0,0,
784.0,Chord,Parte_3,1.0,"[53, 56, 60, 62]",
784.0,Rest,Parte_4,4.0,0,
785.0,Rest,Parte_1,1.0,0,
785.0,Chord,Parte_3,3.0,"[55, 59, 62]",
786.0,Note,Parte_1,1.0,77,
787.0,Note,Parte_1,0.25,75,
787.25,Note,Parte_1,0.25,74,
787.5,Note,Parte_1,0.25,72,
787.75,Note,Parte_1,0.25,71,
788.0,Note,Parte_1,1.0,72,
788.0,Rest,Parte_2,4.0,0,
788.0,Chord,Parte_3,1.0,"[51, 55, 60]",
788.0,Rest,Parte_4,4.0,0,
789.0,Rest,Parte_1,1.0,0,
789.0,Chord,Parte_3,3.0,"[51, 55, 60]",
790.0,Note,Parte_1,1.0,79,
791.0,Note,Parte_1,0.25,77,
791.25,Note,Parte_1,0.25,75,
791.5,Note,Parte_1,0.25,74,
791.75,Note,Parte_1,0.25,72,
792.0,Note,Parte_1,1.0,73,
792.0,Rest,Parte_2,4.0,0,
792.0,Chord,Parte_3,1.0,"[53, 56, 61]",
792.0,Rest,Parte_4,4.0,0,
793.0,Rest,Parte_1,1.0,0,
793.0,Chord,Parte_3,2.0,"[53, 56, 61]",
794.0,Note,Parte_1,2.0,89,start
795.0,Chord,Parte_3,1.0,"[53, 56, 61]",
796.0,Note,Parte_1,3.0,89,stop
796.0,Rest,Parte_2,4.0,0,
796.0,Chord,Parte_3,4.0,"[55, 58, 61, 63]",start
796.0,Rest,Parte_4,4.0,0,
799.0,Tuplet 3:2,Parte_1,"[['Note', 0.5, 87, None], ['Note', 0.5, 85, None], ['Note', 0.5, 84, None]]"
800.0,Tuplet 3:2,Parte_1,"[['Note', 0.5, 82, None], ['Note', 0.5, 80, None], ['Note', 0.5, 79, None]]"
800.0,Tuplet 5:4,Parte_2,"[['Rest', 0.0078125, 0, None], ['Rest', 4.0, 0, None]]"
800.0,Tuplet 5:4,Parte_3,"[['Rest', 0.0078125, 0, None]]"
800.0,Rest,Parte_4,4.0,0,
128001/160,Chord,Parte_3,2.0,"[55, 58, 61, 63]",stop
801.0,Tuplet 3:2,Parte_1,"[['Note', 0.5, 77, None], ['Note', 0.5, 75, None], ['Note', 0.5, 73, None]]"
802.0,Tuplet 3:2,Parte_1,"[['Note', 0.25, 72, None], ['Note', 0.25, 70, None], ['Note', 0.25, 68, None], ['Note', 0.25, 67, None], ['Note', 0.25, 65, None], ['Note', 0.25, 63, None]]"
128321/160,Tuplet 320:319,Parte_3,"[['Rest', 2.0, 0, None]]"
803.0,Tuplet 7:4,Parte_1,"[['Note', 0.25, 61, None], ['Note', 0.25, 60, None], ['Note', 0.25, 58, None], ['Note', 0.25, 56, None], ['Note', 0.25, 55, None], ['Note', 0.25, 53, None], ['Note', 0.25, 51, None]]"
803.0,Rest,Parte_2,1.0,0,
804.0,Rest,Parte_2,4.0,0,
804.0,Chord,Parte_3,4.0,"[31, 39, 43]",start
804.0,Tuplet 5:4,Parte_3,"[['Rest', 0.0078125, 0, None]]"
804.0,Rest,Parte_4,4.0,0,
128641/160,Note,Parte_1,4.0,49,start
808.0,Rest,Parte_2,4.0,0,
808.0,Chord,Parte_3,3.0,"[31, 39, 43]",stop
808.0,Rest,Parte_4,4.0,0,
129281/160,Note,Parte_1,3.0,49,stop
811.0,Rest,Parte_3,1.0,0,
129761/160,Note,Parte_1,0.5,56,
129841/160,Note,Parte_1,0.5,58,
812.0,Rest,Parte_2,4.0,0,
812.0,Note,Parte_3,2.0,51,
812.0,Note,Parte_4,4.0,44,start
129921/160,Note,Parte_1,1.5,60,
130161/160,Note,Parte_1,0.5,61,
814.0,Note,Parte_3,2.0,49,
130241/160,Note,Parte_1,1.5,58,
130481/160,Note,Parte_1,0.5,60,
816.0,Rest,Parte_2,4.0,0,
816.0,Note,Parte_3,1.0,48,
816.0,Note,Parte_4,1.0,44,stop
130561/160,Note,Parte_1,1.0,56,
817.0,Rest,Parte_3,1.0,0,
817.0,Rest,Parte_4,1.0,0,
130721/160,Rest,Parte_1,1.0,0,
818.0,Rest,Parte_3,2.0,0,
818.0,Rest,Parte_4,2.0,0,
130881/160,Rest,Parte_1,1.0,0,
131041/160,Note,Parte_1,0.5,68,
131121/160,Note,Parte_1,0.5,70,
820.0,Rest,Parte_2,4.0,0,
820.0,Note,Parte_3,2.0,63,
820.0,Note,Parte_4,4.0,56,start
131201/160,Note,Parte_1,1.5,72,
131441/160,Note,Parte_1,0.5,73,
822.0,Note,Parte_3,2.0,61,
131521/160,Note,Parte_1,1.5,70,
131761/160,Note,Parte_1,0.5,72,
824.0,Rest,Parte_2,4.0,0,
824.0,Note,Parte_3,1.0,60,
824.0,Note,Parte_4,1.0,56,stop
131841/160,Note,Parte_1,1.0,68,
825.0,Rest,Parte_3,1.0,0,
825.0,Rest,Parte_4,1.0,0,
132001/160,Rest,Parte_1,1.0,0,
826.0,Rest,Parte_3,2.0,0,
826.0,Rest,Parte_4,2.0,0,
132161/160,Rest,Parte_1,1.0,0,
132321/160,Note,Parte_1,1.0,72,
828.0,Rest,Parte_2,4.0,0,
828.0,Note,Parte_3,1.0,68,
828.0,Rest,Parte_4,4.0,0,
132481/160,Chord,Parte_1,1.0,"[75, 78]",
829.0,Rest,Parte_3,1.0,0,
132641/160,Rest,Parte_1,1.0,0,
830.0,Rest,Parte_3,2.0,0,
132801/160,Rest,Parte_1,1.0,0,
132961/160,Note,Parte_1,1.0,72,
832.0,Rest,Parte_2,4.0,0,
832.0,Note,Parte_3,1.0,67,
832.0,Rest,Parte_4,4.0,0,
133121/160,Chord,Parte_1,1.0,"[75, 79]",
833.0,Rest,Parte_3,1.0,0,
133281/160,Rest,Parte_1,1.0,0,
834.0,Rest,Parte_3,2.0,0,
133441/160,Rest,Parte_1,1.0,0,
133601/160,Tuplet 3:2,Parte_1,"[['Note', 0.5, 87, None], ['Note', 0.5, 86, None], ['Note', 0.5, 84, None]]"
836.0,Rest,Parte_2,4.0,0,
836.0,Chord,Parte_3,1.0,"[43, 47, 50, 55]",
836.0,Rest,Parte_4,4.0,0,
133761/160,Tuplet 3:2,Parte_1,"[['Note', 0.5, 89, None], ['Note', 0.5, 87, None], ['Note', 0.5, 86, None]]"
837.0,Rest,Parte_3,1.0,0,
133921/160,Tuplet 3:2,Parte_1,"[['Note', 0.5, 84, None], ['Note', 0.5, 83, None], ['Note', 0.5, 80, None]]"
838.0,Rest,Parte_3,2.0,0,
134081/160,Tuplet 3:2,Parte_1,"[['Note', 0.5, 79, None], ['Note', 0.5, 77, None], ['Note', 0.5, 75, None]]"
134241/160,Tuplet 3:2,Parte_1,"[['Note', 0.5, 74, None], ['Note', 0.5, 72, None], ['Note', 0.5, 71, None]]"
840.0,Rest,Parte_2,4.0,0,
840.0,Chord,Parte_3,1.0,"[36, 39, 43, 48]",
840.0,Rest,Parte_4,4.0,0,
134401/160,Note,Parte_1,1.0,72,
841.0,Rest,Parte_3,1.0,0,
134561/160,Rest,Parte_1,1.0,0,
842.0,Rest,Parte_3,2.0,0,
134721/160,Rest,Parte_1,2.0,0,
