0.0,Tempo,110.0
0.0,Formula de Compasso,2/4
0.0,Chord,Parte_1,1.5,"[51, 56, 60]",
0.0,Rest,Parte_2,2.0,0,
0.0,Rest,Parte_3,2.0,0,
0.0,Rest,Parte_4,0.25,0,
0.0,Rest,Parte_5,2.0,0,
0.0,Rest,Parte_6,2.0,0,
0.25,Note,Parte_4,0.25,32,
0.5,Note,Parte_4,0.25,36,
0.75,Note,Parte_4,0.25,39,
1.0,Note,Parte_4,0.25,44,
1.25,Note,Parte_4,0.25,32,
1.5,Chord,Parte_1,0.5,"[51, 55, 61]",
1.5,Note,Parte_4,0.25,34,
1.75,Note,Parte_4,0.25,46,
2.0,Chord,Parte_1,1.5,"[51, 56, 63]",
2.0,Rest,Parte_2,2.0,0,
2.0,Rest,Parte_3,2.0,0,
2.0,Rest,Parte_4,0.25,0,
2.0,Rest,Parte_5,2.0,0,
2.0,Rest,Parte_6,2.0,0,
2.25,Note,Parte_4,0.25,36,
2.5,Note,Parte_4,0.25,39,
2.75,Note,Parte_4,0.25,44,
3.0,Note,Parte_4,0.25,48,
3.25,Note,Parte_4,0.25,36,
3.5,Chord,Parte_1,0.5,"[53, 65]",start
3.5,Note,Parte_4,0.25,37,
3.75,Note,Parte_4,0.25,49,
4.0,Chord,Parte_1,0.5,"[53, 61]",stop
4.0,Rest,Parte_2,2.0,0,
4.0,Rest,Parte_3,2.0,0,
4.0,Note,Parte_4,0.25,34,
4.0,Rest,Parte_5,2.0,0,
4.0,Rest,Parte_6,2.0,0,
4.25,Note,Parte_4,0.25,46,
4.5,Chord,Parte_1,0.5,"[58, 63]",
4.5,Note,Parte_4,0.25,31,
4.75,Note,Parte_4,0.25,43,
5.0,Chord,Parte_1,0.5,"[51, 60]",
5.0,Note,Parte_4,0.25,32,
5.25,Note,Parte_4,0.25,44,
5.5,Chord,Parte_1,0.5,"[51, 56]",
5.5,Note,Parte_4,0.25,36,
5.75,Note,Parte_4,0.25,48,
6.0,Chord,Parte_1,1.0,"[55, 58]",start
6.0,Rest,Parte_2,2.0,0,
6.0,Rest,Parte_3,2.0,0,
6.0,Note,Parte_4,0.25,39,
6.0,Rest,Parte_5,2.0,0,
6.0,Rest,Parte_6,2.0,0,
6.25,Note,Parte_4,0.25,51,
6.5,Note,Parte_4,0.25,51,
6.75,Note,Parte_4,0.25,51,
7.0,Chord,Parte_1,0.25,"[55, 58]",stop
7.0,Note,Parte_4,0.25,51,
7.25,Chord,Parte_1,0.25,"[51, 55]",
7.25,Note,Parte_4,0.25,49,
7.5,Chord,Parte_1,0.25,"[53, 56]",
7.5,Note,Parte_4,0.25,48,
7.75,Chord,Parte_1,0.25,"[55, 58]",
7.75,Note,Parte_4,0.25,46,
8.0,Chord,Parte_1,1.5,"[51, 56, 60]",
8.0,Rest,Parte_2,2.0,0,
8.0,Rest,Parte_3,2.0,0,
8.0,Rest,Parte_4,0.25,0,
8.0,Rest,Parte_5,2.0,0,
8.0,Rest,Parte_6,2.0,0,
8.25,Note,Parte_4,0.25,32,
8.5,Note,Parte_4,0.25,36,
8.75,Note,Parte_4,0.25,39,
9.0,Note,Parte_4,0.25,44,
9.25,Note,Parte_4,0.25,32,
9.5,Chord,Parte_1,0.5,"[51, 55, 61]",
9.5,Note,Parte_4,0.25,34,
9.75,Note,Parte_4,0.25,46,
10.0,Chord,Parte_1,1.5,"[51, 56, 63]",
10.0,Rest,Parte_2,2.0,0,
10.0,Rest,Parte_3,2.0,0,
10.0,Rest,Parte_4,0.25,0,
10.0,Rest,Parte_5,2.0,0,
10.0,Rest,Parte_6,2.0,0,
10.25,Note,Parte_4,0.25,36,
10.5,Note,Parte_4,0.25,39,
10.75,Note,Parte_4,0.25,44,
11.0,Note,Parte_4,0.25,48,
11.25,Note,Parte_4,0.25,36,
11.5,Chord,Parte_1,0.5,"[53, 65]",start
11.5,Note,Parte_4,0.25,37,
11.75,Note,Parte_4,0.25,49,
12.0,Chord,Parte_1,0.5,"[53, 61]",stop
12.0,Rest,Parte_2,2.0,0,
12.0,Rest,Parte_3,2.0,0,
12.0,Note,Parte_4,0.25,34,
12.0,Rest,Parte_5,2.0,0,
12.0,Rest,Parte_6,2.0,0,
12.25,Note,Parte_4,0.25,46,
12.5,Chord,Parte_1,0.5,"[58, 63]",
12.5,Note,Parte_4,0.25,31,
12.75,Note,Parte_4,0.25,43,
13.0,Chord,Parte_1,0.5,"[51, 60]",
13.0,Note,Parte_4,0.25,32,
13.25,Note,Parte_4,0.25,44,
13.5,Chord,Parte_1,0.5,"[51, 56]",
13.5,Note,Parte_4,0.25,36,
13.75,Note,Parte_4,0.25,48,
14.0,Chord,Parte_1,1.0,"[49, 51, 58]",start
14.0,Rest,Parte_2,2.0,0,
14.0,Rest,Parte_3,2.0,0,
14.0,Note,Parte_4,0.25,39,
14.0,Rest,Parte_5,2.0,0,
14.0,Rest,Parte_6,2.0,0,
14.25,Note,Parte_4,0.25,39,
14.5,Note,Parte_4,0.25,43,
14.75,Note,Parte_4,0.25,39,
15.0,Chord,Parte_1,0.5,"[48, 51, 56]",stop
15.0,Chord,Parte_4,0.5,"[32, 44]",
15.5,Chord,Parte_1,0.5,"[72, 80]",
15.5,Chord,Parte_4,0.5,"[56, 68]",
16.0,Chord,Parte_1,1.0,"[73, 82]",
16.0,Rest,Parte_2,2.0,0,
16.0,Rest,Parte_3,2.0,0,
16.0,Chord,Parte_4,1.0,"[63, 67]",
16.0,Rest,Parte_5,2.0,0,
16.0,Rest,Parte_6,2.0,0,
17.0,Chord,Parte_1,0.5,"[72, 80]",
17.0,Chord,Parte_4,0.5,"[56, 68]",
17.5,Note,Parte_1,0.5,72,
17.5,Note,Parte_4,0.5,60,
18.0,Note,Parte_1,0.875,70,
18.0,Rest,Parte_2,2.0,0,
18.0,Rest,Parte_3,2.0,0,
18.0,Note,Parte_4,0.875,58,
18.0,Rest,Parte_5,2.0,0,
18.0,Rest,Parte_6,2.0,0,
18.875,Note,Parte_1,0.125,68,
18.875,Note,Parte_4,0.125,56,
19.0,Note,Parte_1,0.5,67,
19.0,Note,Parte_4,0.5,55,
19.5,Note,Parte_1,0.5,65,
19.5,Note,Parte_4,0.5,53,
20.0,Note,Parte_1,1.0,64,
20.0,Rest,Parte_2,1.5,0,
20.0,Rest,Parte_3,1.5,0,
20.0,Rest,Parte_4,1.5,0,
20.0,Note,Parte_5,1.0,52,
20.0,Rest,Parte_6,1.5,0,
21.0,Rest,Parte_1,0.5,0,
21.0,Rest,Parte_5,0.5,0,
21.5,Note,Parte_1,0.5,65,
21.5,Note,Parte_2,0.0,64,
21.5,Note,Parte_2,0.0,65,
21.5,Tuplet 5:4,Parte_2,"[['Note', 0.125, 65, None], ['Note', 0.125, 67, None], ['Note', 0.125, 65, None], ['Note', 0.125, 64, None], ['Note', 0.125, 65, None]]"
21.5,Rest,Parte_3,0.5,0,
21.5,Rest,Parte_4,0.5,0,
21.5,Note,Parte_5,0.5,53,
21.5,Note,Parte_6,0.0,52,
21.5,Note,Parte_6,0.0,53,
21.5,Tuplet 5:4,Parte_6,"[['Note', 0.125, 53, None], ['Note', 0.125, 55, None], ['Note', 0.125, 53, None], ['Note', 0.125, 52, None], ['Note', 0.125, 53, None]]"
22.0,Note,Parte_1,0.875,67,
22.0,Rest,Parte_2,2.0,0,
22.0,Rest,Parte_3,2.0,0,
22.0,Note,Parte_4,0.875,55,
22.0,Rest,Parte_5,2.0,0,
22.0,Rest,Parte_6,2.0,0,
22.875,Note,Parte_1,0.125,65,
22.875,Note,Parte_4,0.125,53,
23.0,Note,Parte_1,0.5,64,
23.0,Note,Parte_4,0.5,52,
23.5,Note,Parte_1,0.5,62,
23.5,Note,Parte_4,0.5,50,
24.0,Note,Parte_1,1.0,60,
24.0,Rest,Parte_2,2.0,0,
24.0,Rest,Parte_3,2.0,0,
24.0,Note,Parte_4,1.0,48,
24.0,Rest,Parte_5,2.0,0,
24.0,Rest,Parte_6,2.0,0,
25.0,Rest,Parte_1,0.5,0,
25.0,Rest,Parte_4,0.5,0,
25.5,Rest,Parte_1,0.375,0,
25.5,Rest,Parte_4,0.375,0,
25.875,Note,Parte_1,0.125,60,
25.875,Note,Parte_4,0.125,48,
26.0,Tempo,96.0
26.0,Note,Parte_1,0.5,60,
26.0,Rest,Parte_2,2.0,0,
26.0,Rest,Parte_3,2.0,0,
26.0,Note,Parte_4,0.5,48,
26.0,Rest,Parte_5,2.0,0,
26.0,Rest,Parte_6,2.0,0,
26.5,Rest,Parte_1,0.375,0,
26.5,Rest,Parte_4,0.375,0,
26.875,Note,Parte_1,0.125,60,
26.875,Note,Parte_4,0.125,48,
27.0,Tempo,86.0
27.0,Note,Parte_1,0.5,60,
27.0,Note,Parte_4,0.5,48,
27.5,Rest,Parte_1,0.375,0,
27.5,Rest,Parte_4,0.375,0,
27.875,Note,Parte_1,0.125,60,
27.875,Note,Parte_4,0.125,48,
28.0,Tempo,76.0
28.0,Note,Parte_1,0.5,60,
28.0,Rest,Parte_2,2.0,0,
28.0,Rest,Parte_3,2.0,0,
28.0,Note,Parte_4,0.5,48,
28.0,Rest,Parte_5,2.0,0,
28.0,Rest,Parte_6,2.0,0,
28.5,Rest,Parte_1,0.5,0,
28.5,Rest,Parte_4,0.5,0,
29.0,Rest,Parte_1,0.5,0,
29.0,Rest,Parte_4,0.5,0,
29.5,Rest,Parte_1,0.375,0,
29.5,Rest,Parte_4,0.375,0,
29.875,Tempo,110.0
29.875,Note,Parte_1,0.125,61,
29.875,Note,Parte_4,0.125,49,
30.0,Note,Parte_1,0.5,61,
30.0,Rest,Parte_2,2.0,0,
30.0,Rest,Parte_3,2.0,0,
30.0,Note,Parte_4,0.5,49,
30.0,Rest,Parte_5,2.0,0,
30.0,Rest,Parte_6,2.0,0,
30.5,Rest,Parte_1,0.375,0,
30.5,Rest,Parte_4,0.375,0,
30.875,Note,Parte_1,0.125,61,
30.875,Note,Parte_4,0.125,49,
31.0,Note,Parte_1,0.5,61,
31.0,Note,Parte_4,0.5,49,
31.5,Rest,Parte_1,0.375,0,
31.5,Rest,Parte_4,0.375,0,
31.875,Note,Parte_1,0.125,61,
31.875,Note,Parte_4,0.125,49,
32.0,Note,Parte_1,0.5,61,
32.0,Rest,Parte_2,2.0,0,
32.0,Rest,Parte_3,2.0,0,
32.0,Note,Parte_4,0.5,49,
32.0,Rest,Parte_5,2.0,0,
32.0,Rest,Parte_6,2.0,0,
32.5,Rest,Parte_1,0.5,0,
32.5,Rest,Parte_4,0.5,0,
33.0,Rest,Parte_1,0.5,0,
33.0,Rest,Parte_4,0.5,0,
33.5,Rest,Parte_1,0.375,0,
33.5,Rest,Parte_4,0.375,0,
33.875,Tempo,98.0
33.875,Note,Parte_1,0.125,61,
33.875,Note,Parte_4,0.125,49,
34.0,Note,Parte_1,1.0,61,
34.0,Rest,Parte_2,2.0,0,
34.0,Rest,Parte_3,2.0,0,
34.0,Note,Parte_4,1.0,49,
34.0,Rest,Parte_5,2.0,0,
34.0,Rest,Parte_6,2.0,0,
35.0,Note,Parte_1,0.5,58,
35.0,Note,Parte_4,0.5,46,
35.5,Note,Parte_1,0.5,55,
35.5,Note,Parte_4,0.5,43,
36.0,Tempo,50.0
36.0,Note,Parte_1,1.5,51,
36.0,Rest,Parte_2,2.0,0,
36.0,Rest,Parte_3,2.0,0,
36.0,Note,Parte_4,1.5,39,
36.0,Rest,Parte_5,2.0,0,
36.0,Rest,Parte_6,2.0,0,
37.5,Tempo,110.0
37.5,Tuplet 5:4,Parte_1,"[['Note', 0.125, 51, None], ['Note', 0.125, 53, None], ['Note', 0.125, 55, None], ['Note', 0.125, 56, None], ['Note', 0.125, 58, None]]"
37.5,Rest,Parte_4,0.5,0,
38.0,Note,Parte_1,1.5,60,
38.0,Rest,Parte_2,2.0,0,
38.0,Rest,Parte_3,2.0,0,
38.0,Rest,Parte_4,0.25,0,
38.0,Rest,Parte_5,2.0,0,
38.0,Rest,Parte_6,2.0,0,
38.25,Note,Parte_4,0.25,32,
38.5,Note,Parte_4,0.25,36,
38.75,Note,Parte_4,0.25,39,
39.0,Note,Parte_4,0.25,44,
39.25,Note,Parte_4,0.25,32,
39.5,Chord,Parte_1,0.5,"[51, 55, 61]",
39.5,Note,Parte_4,0.25,34,
39.75,Note,Parte_4,0.25,46,
40.0,Chord,Parte_1,1.5,"[51, 56, 63]",
40.0,Rest,Parte_2,2.0,0,
40.0,Rest,Parte_3,2.0,0,
40.0,Rest,Parte_4,0.25,0,
40.0,Rest,Parte_5,2.0,0,
40.0,Rest,Parte_6,2.0,0,
40.25,Note,Parte_4,0.25,36,
40.5,Note,Parte_4,0.25,39,
40.75,Note,Parte_4,0.25,44,
41.0,Note,Parte_4,0.25,48,
41.25,Note,Parte_4,0.25,36,
41.5,Chord,Parte_1,0.5,"[53, 65]",start
41.5,Note,Parte_4,0.25,37,
41.75,Note,Parte_4,0.25,49,
42.0,Chord,Parte_1,0.5,"[53, 61]",stop
42.0,Rest,Parte_2,2.0,0,
42.0,Rest,Parte_3,2.0,0,
42.0,Note,Parte_4,0.25,34,
42.0,Rest,Parte_5,2.0,0,
42.0,Rest,Parte_6,2.0,0,
42.25,Note,Parte_4,0.25,46,
42.5,Chord,Parte_1,0.5,"[58, 63]",
42.5,Note,Parte_4,0.25,31,
42.75,Note,Parte_4,0.25,43,
43.0,Chord,Parte_1,0.5,"[51, 60]",
43.0,Note,Parte_4,0.25,32,
43.25,Note,Parte_4,0.25,44,
43.5,Chord,Parte_1,0.5,"[51, 56]",
43.5,Note,Parte_4,0.25,36,
43.75,Note,Parte_4,0.25,48,
44.0,Chord,Parte_1,1.0,"[55, 58]",start
44.0,Rest,Parte_2,2.0,0,
44.0,Rest,Parte_3,2.0,0,
44.0,Note,Parte_4,0.25,39,
44.0,Rest,Parte_5,2.0,0,
44.0,Rest,Parte_6,2.0,0,
44.25,Note,Parte_4,0.25,51,
44.5,Note,Parte_4,0.25,51,
44.75,Note,Parte_4,0.25,51,
45.0,Chord,Parte_1,0.25,"[55, 58]",stop
45.0,Note,Parte_4,0.25,51,
45.25,Chord,Parte_1,0.25,"[51, 55]",
45.25,Note,Parte_4,0.25,49,
45.5,Chord,Parte_1,0.25,"[53, 56]",
45.5,Note,Parte_4,0.25,48,
45.75,Chord,Parte_1,0.25,"[55, 58]",
45.75,Note,Parte_4,0.25,46,
46.0,Chord,Parte_1,1.5,"[51, 56, 60]",
46.0,Rest,Parte_2,2.0,0,
46.0,Rest,Parte_3,2.0,0,
46.0,Rest,Parte_4,0.25,0,
46.0,Rest,Parte_5,2.0,0,
46.0,Rest,Parte_6,2.0,0,
46.25,Note,Parte_4,0.25,32,
46.5,Note,Parte_4,0.25,36,
46.75,Note,Parte_4,0.25,39,
47.0,Note,Parte_4,0.25,44,
47.25,Note,Parte_4,0.25,32,
47.5,Chord,Parte_1,0.5,"[51, 55, 61]",
47.5,Note,Parte_4,0.25,34,
47.75,Note,Parte_4,0.25,46,
48.0,Chord,Parte_1,1.5,"[51, 56, 63]",
48.0,Rest,Parte_2,2.0,0,
48.0,Rest,Parte_3,2.0,0,
48.0,Rest,Parte_4,0.25,0,
48.0,Rest,Parte_5,2.0,0,
48.0,Rest,Parte_6,2.0,0,
48.25,Note,Parte_4,0.25,36,
48.5,Note,Parte_4,0.25,39,
48.75,Note,Parte_4,0.25,44,
49.0,Note,Parte_4,0.25,48,
49.25,Note,Parte_4,0.25,36,
49.5,Chord,Parte_1,0.5,"[53, 65]",start
49.5,Note,Parte_4,0.25,37,
49.75,Note,Parte_4,0.25,49,
50.0,Chord,Parte_1,0.5,"[53, 61]",stop
50.0,Rest,Parte_2,2.0,0,
50.0,Rest,Parte_3,2.0,0,
50.0,Note,Parte_4,0.25,34,
50.0,Rest,Parte_5,2.0,0,
50.0,Rest,Parte_6,2.0,0,
50.25,Note,Parte_4,0.25,46,
50.5,Chord,Parte_1,0.5,"[58, 63]",
50.5,Note,Parte_4,0.25,31,
50.75,Note,Parte_4,0.25,43,
51.0,Chord,Parte_1,0.5,"[51, 60]",
51.0,Note,Parte_4,0.25,32,
51.25,Note,Parte_4,0.25,44,
51.5,Chord,Parte_1,0.5,"[51, 56]",
51.5,Note,Parte_4,0.25,36,
51.75,Note,Parte_4,0.25,48,
52.0,Chord,Parte_1,1.0,"[49, 51, 58]",start
52.0,Rest,Parte_2,2.0,0,
52.0,Rest,Parte_3,2.0,0,
52.0,Note,Parte_4,0.25,39,
52.0,Rest,Parte_5,2.0,0,
52.0,Rest,Parte_6,2.0,0,
52.25,Note,Parte_4,0.25,39,
52.5,Note,Parte_4,0.25,43,
52.75,Note,Parte_4,0.25,39,
53.0,Chord,Parte_1,0.5,"[48, 51, 56]",stop
53.0,Chord,Parte_4,0.5,"[32, 44]",
53.5,Chord,Parte_1,0.5,"[72, 80]",
53.5,Chord,Parte_4,0.5,"[56, 68]",
54.0,Chord,Parte_1,1.0,"[73, 82]",
54.0,Rest,Parte_2,2.0,0,
54.0,Rest,Parte_3,2.0,0,
54.0,Chord,Parte_4,1.0,"[63, 67]",
54.0,Rest,Parte_5,2.0,0,
54.0,Rest,Parte_6,2.0,0,
55.0,Chord,Parte_1,0.5,"[72, 80]",
55.0,Chord,Parte_4,0.5,"[56, 68]",
55.5,Note,Parte_1,0.5,84,
55.5,Note,Parte_4,0.5,72,
56.0,Note,Parte_1,0.875,82,
56.0,Rest,Parte_2,2.0,0,
56.0,Rest,Parte_3,2.0,0,
56.0,Note,Parte_4,0.875,70,
56.0,Rest,Parte_5,2.0,0,
56.0,Rest,Parte_6,2.0,0,
56.875,Note,Parte_1,0.125,80,
56.875,Note,Parte_4,0.125,68,
57.0,Note,Parte_1,0.5,79,
57.0,Note,Parte_4,0.5,67,
57.5,Note,Parte_1,0.5,77,
57.5,Note,Parte_4,0.5,65,
58.0,Note,Parte_1,1.0,76,
58.0,Rest,Parte_2,1.5,0,
58.0,Rest,Parte_3,1.5,0,
58.0,Rest,Parte_4,1.5,0,
58.0,Note,Parte_5,1.0,64,
58.0,Rest,Parte_6,1.5,0,
59.0,Rest,Parte_1,0.5,0,
59.0,Rest,Parte_5,0.5,0,
59.5,Note,Parte_1,0.5,77,
59.5,Note,Parte_2,0.0,76,
59.5,Note,Parte_2,0.0,77,
59.5,Tuplet 5:4,Parte_2,"[['Note', 0.125, 77, None], ['Note', 0.125, 79, None], ['Note', 0.125, 77, None], ['Note', 0.125, 76, None], ['Note', 0.125, 77, None]]"
59.5,Rest,Parte_3,0.5,0,
59.5,Rest,Parte_4,0.5,0,
59.5,Note,Parte_5,0.5,65,
59.5,Note,Parte_6,0.0,64,
59.5,Note,Parte_6,0.0,65,
59.5,Tuplet 5:4,Parte_6,"[['Note', 0.125, 65, None], ['Note', 0.125, 67, None], ['Note', 0.125, 65, None], ['Note', 0.125, 64, None], ['Note', 0.125, 65, None]]"
60.0,Note,Parte_1,0.875,79,
60.0,Rest,Parte_2,2.0,0,
60.0,Rest,Parte_3,2.0,0,
60.0,Note,Parte_4,0.875,67,
60.0,Rest,Parte_5,2.0,0,
60.0,Rest,Parte_6,2.0,0,
60.875,Note,Parte_1,0.125,77,
60.875,Note,Parte_4,0.125,65,
61.0,Note,Parte_1,0.5,76,
61.0,Note,Parte_4,0.5,64,
61.5,Note,Parte_1,0.5,74,
61.5,Note,Parte_4,0.5,62,
62.0,Note,Parte_1,1.0,72,
62.0,Rest,Parte_2,2.0,0,
62.0,Rest,Parte_3,2.0,0,
62.0,Note,Parte_4,1.0,60,
62.0,Rest,Parte_5,2.0,0,
62.0,Rest,Parte_6,2.0,0,
63.0,Rest,Parte_1,0.5,0,
63.0,Rest,Parte_4,0.5,0,
63.5,Rest,Parte_1,0.375,0,
63.5,Rest,Parte_4,0.375,0,
63.875,Tempo,96.0
63.875,Note,Parte_1,0.125,72,
63.875,Note,Parte_4,0.125,60,
64.0,Note,Parte_1,0.5,72,
64.0,Rest,Parte_2,2.0,0,
64.0,Rest,Parte_3,2.0,0,
64.0,Note,Parte_4,0.5,60,
64.0,Rest,Parte_5,2.0,0,
64.0,Rest,Parte_6,2.0,0,
64.5,Rest,Parte_1,0.375,0,
64.5,Rest,Parte_4,0.375,0,
64.875,Tempo,80.0
64.875,Note,Parte_1,0.125,72,
64.875,Note,Parte_4,0.125,60,
65.0,Note,Parte_1,0.5,72,
65.0,Note,Parte_4,0.5,60,
65.5,Rest,Parte_1,0.375,0,
65.5,Rest,Parte_4,0.375,0,
65.875,Tempo,56.0
65.875,Note,Parte_1,0.125,72,
65.875,Note,Parte_4,0.125,60,
66.0,Note,Parte_1,0.5,72,
66.0,Rest,Parte_2,2.0,0,
66.0,Rest,Parte_3,2.0,0,
66.0,Note,Parte_4,0.5,60,
66.0,Rest,Parte_5,2.0,0,
66.0,Rest,Parte_6,2.0,0,
66.5,Rest,Parte_1,0.5,0,
66.5,Rest,Parte_4,0.5,0,
67.0,Rest,Parte_1,0.5,0,
67.0,Rest,Parte_4,0.5,0,
67.5,Rest,Parte_1,0.375,0,
67.5,Rest,Parte_4,0.375,0,
67.875,Tempo,110.0
67.875,Chord,Parte_1,0.125,"[77, 81, 84, 89]",
67.875,Chord,Parte_4,0.125,"[41, 45, 48, 53]",
68.0,Chord,Parte_1,0.5,"[77, 81, 84, 89]",
68.0,Rest,Parte_2,2.0,0,
68.0,Rest,Parte_3,2.0,0,
68.0,Chord,Parte_4,0.5,"[41, 45, 48, 53]",
68.0,Rest,Parte_5,2.0,0,
68.0,Rest,Parte_6,2.0,0,
68.5,Note,Parte_1,0.25,65,
68.5,Note,Parte_4,0.25,57,
68.75,Note,Parte_1,0.25,69,
68.75,Note,Parte_4,0.25,60,
69.0,Note,Parte_1,0.25,67,
69.0,Note,Parte_4,0.25,58,
69.25,Note,Parte_1,0.25,70,
69.25,Note,Parte_4,0.25,60,
69.5,Note,Parte_1,0.25,64,
69.5,Note,Parte_4,0.25,55,
69.75,Note,Parte_1,0.25,67,
69.75,Note,Parte_4,0.25,60,
70.0,Note,Parte_1,0.25,65,
70.0,Rest,Parte_2,2.0,0,
70.0,Rest,Parte_3,2.0,0,
70.0,Note,Parte_4,0.25,57,
70.0,Rest,Parte_5,2.0,0,
70.0,Rest,Parte_6,2.0,0,
70.25,Note,Parte_1,0.25,69,
70.25,Note,Parte_4,0.25,60,
70.5,Note,Parte_1,0.25,65,
70.5,Note,Parte_4,0.25,57,
70.75,Note,Parte_1,0.25,69,
70.75,Note,Parte_4,0.25,60,
71.0,Note,Parte_1,0.25,67,
71.0,Note,Parte_4,0.25,58,
71.25,Note,Parte_1,0.25,70,
71.25,Note,Parte_4,0.25,60,
71.5,Note,Parte_1,0.25,64,
71.5,Note,Parte_4,0.25,55,
71.75,Note,Parte_1,0.25,67,
71.75,Note,Parte_4,0.25,60,
72.0,Note,Parte_1,0.25,65,
72.0,Rest,Parte_2,2.0,0,
72.0,Rest,Parte_3,2.0,0,
72.0,Note,Parte_4,0.25,57,
72.0,Rest,Parte_5,2.0,0,
72.0,Rest,Parte_6,2.0,0,
72.25,Note,Parte_1,0.25,69,
72.25,Note,Parte_4,0.25,60,
72.5,Note,Parte_1,0.25,72,
72.5,Note,Parte_4,0.25,63,
72.75,Note,Parte_1,0.25,69,
72.75,Note,Parte_4,0.25,60,
73.0,Note,Parte_1,0.25,69,
73.0,Note,Parte_4,0.25,60,
73.25,Note,Parte_1,0.25,72,
73.25,Note,Parte_4,0.25,63,
73.5,Note,Parte_1,0.25,75,
73.5,Note,Parte_4,0.25,66,
73.75,Note,Parte_1,0.25,72,
73.75,Note,Parte_4,0.25,63,
74.0,Note,Parte_1,0.25,72,
74.0,Rest,Parte_2,2.0,0,
74.0,Rest,Parte_3,2.0,0,
74.0,Note,Parte_4,0.25,63,
74.0,Rest,Parte_5,2.0,0,
74.0,Rest,Parte_6,2.0,0,
74.25,Note,Parte_1,0.25,75,
74.25,Note,Parte_4,0.25,66,
74.5,Note,Parte_1,0.25,78,
74.5,Note,Parte_4,0.25,69,
74.75,Note,Parte_1,0.25,75,
74.75,Note,Parte_4,0.25,66,
75.0,Note,Parte_1,0.25,73,
75.0,Note,Parte_4,0.25,65,
75.25,Note,Parte_1,0.25,77,
75.25,Note,Parte_4,0.25,69,
75.5,Note,Parte_1,0.25,72,
75.5,Note,Parte_4,0.25,63,
75.75,Note,Parte_1,0.25,77,
75.75,Note,Parte_4,0.25,69,
76.0,Chord,Parte_1,0.5,"[70, 74, 77, 82]",
76.0,Rest,Parte_2,2.0,0,
76.0,Rest,Parte_3,2.0,0,
76.0,Chord,Parte_4,0.5,"[34, 38, 41, 46]",
76.0,Rest,Parte_5,2.0,0,
76.0,Rest,Parte_6,2.0,0,
76.5,Note,Parte_1,0.25,70,
76.5,Note,Parte_4,0.25,62,
76.75,Note,Parte_1,0.25,74,
76.75,Note,Parte_4,0.25,65,
77.0,Note,Parte_1,0.25,72,
77.0,Note,Parte_4,0.25,63,
77.25,Note,Parte_1,0.25,75,
77.25,Note,Parte_4,0.25,66,
77.5,Note,Parte_1,0.25,69,
77.5,Note,Parte_4,0.25,60,
77.75,Note,Parte_1,0.25,72,
77.75,Note,Parte_4,0.25,63,
78.0,Note,Parte_1,0.25,70,
78.0,Rest,Parte_2,2.0,0,
78.0,Rest,Parte_3,2.0,0,
78.0,Note,Parte_4,0.25,62,
78.0,Rest,Parte_5,2.0,0,
78.0,Rest,Parte_6,2.0,0,
78.25,Note,Parte_1,0.25,74,
78.25,Note,Parte_4,0.25,65,
78.5,Note,Parte_1,0.25,70,
78.5,Note,Parte_4,0.25,62,
78.75,Note,Parte_1,0.25,74,
78.75,Note,Parte_4,0.25,65,
79.0,Note,Parte_1,0.25,72,
79.0,Note,Parte_4,0.25,63,
79.25,Note,Parte_1,0.25,75,
79.25,Note,Parte_4,0.25,66,
79.5,Note,Parte_1,0.25,69,
79.5,Note,Parte_4,0.25,60,
79.75,Note,Parte_1,0.25,72,
79.75,Note,Parte_4,0.25,63,
80.0,Note,Parte_1,0.25,70,
80.0,Rest,Parte_2,2.0,0,
80.0,Rest,Parte_3,2.0,0,
80.0,Note,Parte_4,0.25,62,
80.0,Rest,Parte_5,2.0,0,
80.0,Rest,Parte_6,2.0,0,
80.25,Note,Parte_1,0.25,74,
80.25,Note,Parte_4,0.25,65,
80.5,Note,Parte_1,0.25,77,
80.5,Note,Parte_4,0.25,68,
80.75,Note,Parte_1,0.25,74,
80.75,Note,Parte_4,0.25,65,
81.0,Note,Parte_1,0.25,74,
81.0,Note,Parte_4,0.25,65,
81.25,Note,Parte_1,0.25,77,
81.25,Note,Parte_4,0.25,68,
81.5,Note,Parte_1,0.25,80,
81.5,Note,Parte_4,0.25,71,
81.75,Note,Parte_1,0.25,77,
81.75,Note,Parte_4,0.25,68,
82.0,Note,Parte_1,0.25,77,
82.0,Rest,Parte_2,2.0,0,
82.0,Rest,Parte_3,2.0,0,
82.0,Note,Parte_4,0.25,68,
82.0,Rest,Parte_5,2.0,0,
82.0,Rest,Parte_6,2.0,0,
82.25,Note,Parte_1,0.25,80,
82.25,Note,Parte_4,0.25,71,
82.5,Note,Parte_1,0.25,83,
82.5,Note,Parte_4,0.25,74,
82.75,Note,Parte_1,0.25,80,
82.75,Note,Parte_4,0.25,71,
83.0,Note,Parte_1,0.25,83,
83.0,Note,Parte_4,0.25,74,
83.25,Note,Parte_1,0.25,86,
83.25,Note,Parte_4,0.25,77,
83.5,Note,Parte_1,0.25,89,
83.5,Note,Parte_4,0.25,80,
83.75,Note,Parte_1,0.25,86,
83.75,Rest,Parte_4,0.125,0,
83.875,Chord,Parte_4,0.125,"[68, 71]",
84.0,Note,Parte_1,0.25,89,
84.0,Rest,Parte_2,2.0,0,
84.0,Rest,Parte_3,2.0,0,
84.0,Chord,Parte_4,0.5,"[68, 71]",
84.0,Rest,Parte_5,2.0,0,
84.0,Rest,Parte_6,2.0,0,
84.25,Note,Parte_1,0.25,86,
84.5,Note,Parte_1,0.25,89,
84.5,Rest,Parte_4,0.375,0,
84.75,Note,Parte_1,0.25,86,
84.875,Chord,Parte_4,0.125,"[68, 71]",
85.0,Note,Parte_1,0.25,89,
85.0,Chord,Parte_4,0.5,"[68, 71]",
85.25,Note,Parte_1,0.25,86,
85.5,Note,Parte_1,0.25,89,
85.5,Rest,Parte_4,0.375,0,
85.75,Note,Parte_1,0.25,86,
85.875,Chord,Parte_4,0.125,"[68, 71]",
86.0,Note,Parte_1,0.25,89,
86.0,Rest,Parte_2,2.0,0,
86.0,Rest,Parte_3,2.0,0,
86.0,Chord,Parte_4,0.5,"[68, 71]",
86.0,Rest,Parte_5,2.0,0,
86.0,Rest,Parte_6,2.0,0,
86.25,Note,Parte_1,0.25,86,
86.5,Note,Parte_1,0.25,89,
86.5,Rest,Parte_4,0.375,0,
86.75,Note,Parte_1,0.25,86,
86.875,Chord,Parte_4,0.125,"[68, 71]",
87.0,Note,Parte_1,0.25,87,
87.0,Chord,Parte_4,0.5,"[67, 70]",
87.25,Note,Parte_1,0.25,82,
87.5,Note,Parte_1,0.25,79,
87.5,Rest,Parte_4,0.375,0,
87.75,Note,Parte_1,0.25,75,
87.875,Chord,Parte_4,0.125,"[67, 70]",
88.0,Note,Parte_1,0.25,74,
88.0,Rest,Parte_2,2.0,0,
88.0,Rest,Parte_3,2.0,0,
88.0,Chord,Parte_4,0.5,"[68, 71]",
88.0,Rest,Parte_5,2.0,0,
88.0,Rest,Parte_6,2.0,0,
88.25,Note,Parte_1,0.25,86,
88.5,Note,Parte_1,0.25,89,
88.5,Rest,Parte_4,0.375,0,
88.75,Note,Parte_1,0.25,86,
88.875,Chord,Parte_4,0.125,"[68, 71]",
89.0,Note,Parte_1,0.25,89,
89.0,Chord,Parte_4,0.5,"[68, 71]",
89.25,Note,Parte_1,0.25,86,
89.5,Note,Parte_1,0.25,89,
89.5,Rest,Parte_4,0.375,0,
89.75,Note,Parte_1,0.25,86,
89.875,Chord,Parte_4,0.125,"[68, 71]",
90.0,Note,Parte_1,0.25,89,
90.0,Rest,Parte_2,2.0,0,
90.0,Rest,Parte_3,2.0,0,
90.0,Chord,Parte_4,0.5,"[68, 71]",
90.0,Rest,Parte_5,2.0,0,
90.0,Rest,Parte_6,2.0,0,
90.25,Note,Parte_1,0.25,86,
90.5,Note,Parte_1,0.25,89,
90.5,Rest,Parte_4,0.375,0,
90.75,Note,Parte_1,0.25,86,
90.875,Chord,Parte_4,0.125,"[68, 71]",
91.0,Note,Parte_1,0.25,87,
91.0,Chord,Parte_4,0.5,"[67, 70]",
91.25,Note,Parte_1,0.25,82,
91.5,Note,Parte_1,0.25,79,
91.5,Rest,Parte_4,0.375,0,
91.75,Note,Parte_1,0.25,75,
91.875,Chord,Parte_4,0.125,"[67, 70]",
92.0,Note,Parte_1,0.25,74,
92.0,Rest,Parte_2,2.0,0,
92.0,Rest,Parte_3,2.0,0,
92.0,Chord,Parte_4,0.5,"[68, 71]",
92.0,Rest,Parte_5,2.0,0,
92.0,Rest,Parte_6,2.0,0,
92.25,Note,Parte_1,0.25,86,
92.5,Note,Parte_1,0.25,89,
92.5,Rest,Parte_4,0.375,0,
92.75,Note,Parte_1,0.25,86,
92.875,Chord,Parte_4,0.125,"[68, 71]",
93.0,Note,Parte_1,0.25,87,
93.0,Chord,Parte_4,0.5,"[67, 70]",
93.25,Note,Parte_1,0.25,82,
93.5,Note,Parte_1,0.25,79,
93.5,Rest,Parte_4,0.375,0,
93.75,Note,Parte_1,0.25,75,
93.875,Chord,Parte_4,0.125,"[67, 70]",
94.0,Note,Parte_1,0.25,74,
94.0,Rest,Parte_2,2.0,0,
94.0,Rest,Parte_3,2.0,0,
94.0,Chord,Parte_4,0.5,"[68, 71]",
94.0,Rest,Parte_5,2.0,0,
94.0,Rest,Parte_6,2.0,0,
94.25,Note,Parte_1,0.25,86,
94.5,Note,Parte_1,0.25,89,
94.5,Rest,Parte_4,0.375,0,
94.75,Note,Parte_1,0.25,86,
94.875,Chord,Parte_4,0.125,"[68, 71]",
95.0,Note,Parte_1,0.25,87,
95.0,Chord,Parte_4,0.5,"[67, 70]",
95.25,Note,Parte_1,0.25,82,
95.5,Note,Parte_1,0.25,79,
95.5,Rest,Parte_4,0.375,0,
95.75,Note,Parte_1,0.25,75,
95.875,Note,Parte_4,0.125,55,
96.0,Note,Parte_1,0.25,72,
96.0,Rest,Parte_2,2.0,0,
96.0,Rest,Parte_3,2.0,0,
96.0,Rest,Parte_4,1.0,0,
96.0,Note,Parte_5,0.5,56,
96.0,Rest,Parte_6,2.0,0,
96.25,Note,Parte_1,0.25,68,
96.5,Note,Parte_1,0.25,63,
96.5,Rest,Parte_5,0.375,0,
96.75,Note,Parte_1,0.25,60,
96.875,Note,Parte_5,0.125,44,
97.0,Rest,Parte_1,1.0,0,
97.0,Note,Parte_4,0.25,58,
97.0,Note,Parte_5,0.5,46,
97.25,Note,Parte_4,0.25,53,
97.5,Note,Parte_4,0.25,50,
97.5,Rest,Parte_5,0.375,0,
97.75,Note,Parte_4,0.25,46,
97.875,Note,Parte_5,0.125,34,
98.0,Rest,Parte_1,0.5,0,
98.0,Rest,Parte_2,2.0,0,
98.0,Rest,Parte_3,2.0,0,
98.0,Note,Parte_4,0.5,51,
98.0,Note,Parte_5,0.25,39,
98.0,Rest,Parte_6,2.0,0,
98.25,Chord,Parte_5,0.25,"[46, 51]",
98.5,Rest,Parte_1,0.25,0,
98.5,Rest,Parte_4,1.5,0,
98.5,Chord,Parte_5,0.25,"[51, 55]",
98.75,Note,Parte_1,0.25,70,
98.75,Chord,Parte_5,0.25,"[46, 51]",
99.0,Note,Parte_1,0.5,67,
99.0,Chord,Parte_5,0.25,"[51, 55]",
99.25,Chord,Parte_5,0.25,"[46, 51]",
99.5,Rest,Parte_1,0.25,0,
99.5,Chord,Parte_5,0.25,"[51, 55]",
99.75,Note,Parte_1,0.25,75,
99.75,Chord,Parte_5,0.25,"[46, 51]",
100.0,Note,Parte_1,0.5,70,
100.0,Rest,Parte_2,2.0,0,
100.0,Rest,Parte_3,2.0,0,
100.0,Chord,Parte_4,0.25,"[51, 55]",
100.0,Rest,Parte_5,2.0,0,
100.0,Rest,Parte_6,2.0,0,
100.25,Chord,Parte_4,0.25,"[46, 51]",
100.5,Rest,Parte_1,0.25,0,
100.5,Chord,Parte_4,0.25,"[51, 55]",
100.75,Note,Parte_1,0.25,79,
100.75,Chord,Parte_4,0.25,"[46, 51]",
101.0,Note,Parte_1,0.25,74,
101.0,Chord,Parte_4,0.25,"[53, 56]",
101.25,Note,Parte_1,0.25,80,
101.25,Chord,Parte_4,0.25,"[46, 53]",
101.5,Note,Parte_1,0.25,77,
101.5,Chord,Parte_4,0.25,"[53, 56]",
101.75,Note,Parte_1,0.25,74,
101.75,Chord,Parte_4,0.25,"[46, 53]",
102.0,Note,Parte_1,0.5,75,
102.0,Rest,Parte_2,2.0,0,
102.0,Rest,Parte_3,2.0,0,
102.0,Note,Parte_4,0.25,39,
102.0,Rest,Parte_5,2.0,0,
102.0,Rest,Parte_6,2.0,0,
102.25,Chord,Parte_4,0.25,"[46, 51]",
102.5,Rest,Parte_1,0.25,0,
102.5,Chord,Parte_4,0.25,"[51, 55]",
102.75,Note,Parte_1,0.25,70,
102.75,Chord,Parte_4,0.25,"[46, 51]",
103.0,Note,Parte_1,0.5,67,
103.0,Chord,Parte_4,0.25,"[51, 55]",
103.25,Chord,Parte_4,0.25,"[46, 51]",
103.5,Rest,Parte_1,0.25,0,
103.5,Chord,Parte_4,0.25,"[51, 55]",
103.75,Note,Parte_1,0.25,75,
103.75,Chord,Parte_4,0.25,"[46, 51]",
104.0,Note,Parte_1,0.5,70,
104.0,Rest,Parte_2,2.0,0,
104.0,Rest,Parte_3,2.0,0,
104.0,Chord,Parte_4,0.25,"[51, 55]",
104.0,Rest,Parte_5,2.0,0,
104.0,Rest,Parte_6,2.0,0,
104.25,Chord,Parte_4,0.25,"[46, 51]",
104.5,Rest,Parte_1,0.25,0,
104.5,Chord,Parte_4,0.25,"[51, 55]",
104.75,Note,Parte_1,0.25,79,
104.75,Chord,Parte_4,0.25,"[46, 51]",
105.0,Note,Parte_1,0.25,74,
105.0,Chord,Parte_4,0.25,"[53, 56]",
105.25,Note,Parte_1,0.25,80,
105.25,Chord,Parte_4,0.25,"[46, 53]",
105.5,Note,Parte_1,0.25,77,
105.5,Chord,Parte_4,0.25,"[53, 56]",
105.75,Note,Parte_1,0.25,74,
105.75,Chord,Parte_4,0.25,"[46, 53]",
106.0,Note,Parte_1,0.5,75,
106.0,Rest,Parte_2,2.0,0,
106.0,Rest,Parte_3,2.0,0,
106.0,Note,Parte_4,0.25,39,
106.0,Rest,Parte_5,2.0,0,
106.0,Rest,Parte_6,2.0,0,
106.25,Chord,Parte_4,0.25,"[46, 51]",
106.5,Rest,Parte_1,0.25,0,
106.5,Chord,Parte_4,0.25,"[51, 55]",
106.75,Note,Parte_1,0.25,87,
106.75,Chord,Parte_4,0.25,"[46, 51]",
107.0,Note,Parte_1,0.25,86,
107.0,Chord,Parte_4,0.25,"[53, 56]",
107.25,Note,Parte_1,0.25,89,
107.25,Chord,Parte_4,0.25,"[46, 53]",
107.5,Note,Parte_1,0.25,86,
107.5,Chord,Parte_4,0.25,"[53, 56]",
107.75,Note,Parte_1,0.25,89,
107.75,Chord,Parte_4,0.25,"[46, 53]",
108.0,Note,Parte_1,0.5,87,
108.0,Rest,Parte_2,2.0,0,
108.0,Rest,Parte_3,2.0,0,
108.0,Note,Parte_4,0.25,39,
108.0,Rest,Parte_5,2.0,0,
108.0,Rest,Parte_6,2.0,0,
108.25,Chord,Parte_4,0.25,"[46, 51]",
108.5,Rest,Parte_1,0.25,0,
108.5,Chord,Parte_4,0.25,"[51, 55]",
108.75,Note,Parte_1,0.25,79,
108.75,Chord,Parte_4,0.25,"[46, 51]",
109.0,Note,Parte_1,0.25,74,
109.0,Chord,Parte_4,0.25,"[53, 56]",
109.25,Note,Parte_1,0.25,80,
109.25,Chord,Parte_4,0.25,"[46, 53]",
109.5,Note,Parte_1,0.25,77,
109.5,Chord,Parte_4,0.25,"[53, 56]",
109.75,Note,Parte_1,0.25,74,
109.75,Chord,Parte_4,0.25,"[46, 53]",
110.0,Note,Parte_1,0.25,75,
110.0,Rest,Parte_2,2.0,0,
110.0,Rest,Parte_3,2.0,0,
110.0,Chord,Parte_4,0.5,"[51, 55]",
110.0,Rest,Parte_5,2.0,0,
110.0,Rest,Parte_6,2.0,0,
110.25,Note,Parte_1,0.25,79,
110.5,Note,Parte_1,0.25,70,
110.5,Rest,Parte_4,0.5,0,
110.75,Note,Parte_1,0.25,75,
111.0,Note,Parte_1,0.25,67,
111.0,Rest,Parte_4,1.0,0,
111.25,Note,Parte_1,0.25,70,
111.5,Note,Parte_1,0.25,68,
111.75,Note,Parte_1,0.25,65,
112.0,Note,Parte_1,0.25,63,
112.0,Rest,Parte_2,2.0,0,
112.0,Rest,Parte_3,2.0,0,
112.0,Note,Parte_4,0.25,51,
112.0,Rest,Parte_5,2.0,0,
112.0,Rest,Parte_6,2.0,0,
112.25,Note,Parte_1,0.25,67,
112.25,Note,Parte_4,0.25,55,
112.5,Note,Parte_1,0.25,58,
112.5,Note,Parte_4,0.25,46,
112.75,Note,Parte_1,0.25,63,
112.75,Note,Parte_4,0.25,51,
113.0,Note,Parte_1,0.25,55,
113.0,Note,Parte_4,0.25,43,
113.25,Note,Parte_1,0.25,58,
113.25,Note,Parte_4,0.25,46,
113.5,Note,Parte_1,0.25,56,
113.5,Note,Parte_4,0.25,44,
113.75,Note,Parte_1,0.25,53,
113.75,Note,Parte_4,0.25,41,
114.0,Note,Parte_1,0.25,51,
114.0,Rest,Parte_2,2.0,0,
114.0,Rest,Parte_3,2.0,0,
114.0,Note,Parte_4,0.5,39,
114.0,Rest,Parte_5,2.0,0,
114.0,Rest,Parte_6,2.0,0,
114.25,Note,Parte_1,0.25,55,
114.5,Note,Parte_1,0.25,46,
114.5,Rest,Parte_4,0.5,0,
114.75,Note,Parte_1,0.25,51,
115.0,Rest,Parte_1,0.25,0,
115.0,Note,Parte_4,0.5,39,
115.25,Note,Parte_1,0.25,46,
115.5,Note,Parte_1,0.25,43,
115.5,Rest,Parte_4,0.5,0,
115.75,Note,Parte_1,0.25,46,
116.0,Rest,Parte_1,0.25,0,
116.0,Rest,Parte_2,2.0,0,
116.0,Rest,Parte_3,2.0,0,
116.0,Note,Parte_4,0.5,39,
116.0,Rest,Parte_5,2.0,0,
116.0,Rest,Parte_6,2.0,0,
116.25,Note,Parte_1,0.25,46,
116.5,Note,Parte_1,0.25,43,
116.5,Rest,Parte_4,0.5,0,
116.75,Note,Parte_1,0.25,46,
117.0,Rest,Parte_1,0.25,0,
117.0,Note,Parte_4,0.5,39,
117.25,Note,Parte_1,0.25,46,
117.5,Note,Parte_1,0.25,43,
117.5,Rest,Parte_4,0.5,0,
117.75,Note,Parte_1,0.25,46,
118.0,Rest,Parte_1,0.25,0,
118.0,Rest,Parte_2,2.0,0,
118.0,Rest,Parte_3,2.0,0,
118.0,Note,Parte_4,0.5,39,
118.0,Rest,Parte_5,2.0,0,
118.0,Rest,Parte_6,2.0,0,
118.25,Note,Parte_1,0.25,47,
118.5,Note,Parte_1,0.25,43,
118.5,Rest,Parte_4,0.5,0,
118.75,Note,Parte_1,0.25,47,
119.0,Rest,Parte_1,0.25,0,
119.0,Note,Parte_4,0.5,39,
119.25,Note,Parte_1,0.25,47,
119.5,Note,Parte_1,0.25,43,
119.5,Rest,Parte_4,0.5,0,
119.75,Note,Parte_1,0.25,47,
120.0,Rest,Parte_1,0.25,0,
120.0,Rest,Parte_2,2.0,0,
120.0,Rest,Parte_3,2.0,0,
120.0,Note,Parte_4,0.5,39,
120.0,Rest,Parte_5,2.0,0,
120.0,Rest,Parte_6,2.0,0,
120.25,Note,Parte_1,0.25,47,
120.5,Note,Parte_1,0.25,43,
120.5,Rest,Parte_4,0.5,0,
120.75,Note,Parte_1,0.25,47,
121.0,Rest,Parte_1,0.25,0,
121.0,Note,Parte_4,0.5,39,
121.25,Note,Parte_1,0.25,47,
121.5,Note,Parte_1,0.25,43,
121.5,Rest,Parte_4,0.5,0,
121.75,Note,Parte_1,0.25,47,
122.0,Chord,Parte_1,1.5,"[51, 56, 60]",
122.0,Rest,Parte_2,2.0,0,
122.0,Rest,Parte_3,2.0,0,
122.0,Rest,Parte_4,0.25,0,
122.0,Rest,Parte_5,2.0,0,
122.0,Rest,Parte_6,2.0,0,
122.25,Note,Parte_4,0.25,32,
122.5,Note,Parte_4,0.25,36,
122.75,Note,Parte_4,0.25,39,
123.0,Note,Parte_4,0.25,44,
123.25,Note,Parte_4,0.25,32,
123.5,Chord,Parte_1,0.5,"[51, 55, 61]",
123.5,Note,Parte_4,0.25,34,
123.75,Note,Parte_4,0.25,46,
124.0,Chord,Parte_1,1.5,"[51, 56, 63]",
124.0,Rest,Parte_2,2.0,0,
124.0,Rest,Parte_3,2.0,0,
124.0,Rest,Parte_4,0.25,0,
124.0,Rest,Parte_5,2.0,0,
124.0,Rest,Parte_6,2.0,0,
124.25,Note,Parte_4,0.25,36,
124.5,Note,Parte_4,0.25,39,
124.75,Note,Parte_4,0.25,44,
125.0,Note,Parte_4,0.25,48,
125.25,Note,Parte_4,0.25,36,
125.5,Chord,Parte_1,0.5,"[53, 65]",
125.5,Note,Parte_4,0.25,37,
125.75,Note,Parte_4,0.25,49,
126.0,Rest,Parte_1,0.25,0,
126.0,Rest,Parte_2,2.0,0,
126.0,Rest,Parte_3,2.0,0,
126.0,Note,Parte_4,0.5,40,
126.0,Rest,Parte_5,2.0,0,
126.0,Rest,Parte_6,2.0,0,
126.25,Note,Parte_1,0.25,48,
126.5,Note,Parte_1,0.25,43,
126.5,Rest,Parte_4,0.5,0,
126.75,Note,Parte_1,0.25,48,
127.0,Rest,Parte_1,0.25,0,
127.0,Note,Parte_4,0.5,40,
127.25,Note,Parte_1,0.25,48,
127.5,Note,Parte_1,0.25,43,
127.5,Rest,Parte_4,0.5,0,
127.75,Note,Parte_1,0.25,48,
128.0,Rest,Parte_1,0.25,0,
128.0,Rest,Parte_2,2.0,0,
128.0,Rest,Parte_3,2.0,0,
128.0,Note,Parte_4,0.5,40,
128.0,Rest,Parte_5,2.0,0,
128.0,Rest,Parte_6,2.0,0,
128.25,Note,Parte_1,0.25,48,
128.5,Note,Parte_1,0.25,43,
128.5,Rest,Parte_4,0.5,0,
128.75,Note,Parte_1,0.25,48,
129.0,Rest,Parte_1,0.25,0,
129.0,Note,Parte_4,0.5,40,
129.25,Note,Parte_1,0.25,48,
129.5,Note,Parte_1,0.25,43,
129.5,Rest,Parte_4,0.5,0,
129.75,Note,Parte_1,0.25,48,
130.0,Chord,Parte_1,1.5,"[60, 65, 69]",
130.0,Rest,Parte_2,2.0,0,
130.0,Rest,Parte_3,2.0,0,
130.0,Rest,Parte_4,0.25,0,
130.0,Rest,Parte_5,2.0,0,
130.0,Rest,Parte_6,2.0,0,
130.25,Note,Parte_4,0.25,41,
130.5,Note,Parte_4,0.25,45,
130.75,Note,Parte_4,0.25,48,
131.0,Note,Parte_4,0.25,53,
131.25,Note,Parte_4,0.25,41,
131.5,Chord,Parte_1,0.5,"[60, 64, 70]",
131.5,Note,Parte_4,0.25,43,
131.75,Note,Parte_4,0.25,55,
132.0,Chord,Parte_1,1.5,"[60, 65, 72]",
132.0,Rest,Parte_2,2.0,0,
132.0,Rest,Parte_3,2.0,0,
132.0,Rest,Parte_4,0.25,0,
132.0,Rest,Parte_5,2.0,0,
132.0,Rest,Parte_6,2.0,0,
132.25,Note,Parte_4,0.25,45,
132.5,Note,Parte_4,0.25,48,
132.75,Note,Parte_4,0.25,53,
133.0,Note,Parte_4,0.25,57,
133.25,Note,Parte_4,0.25,45,
133.5,Chord,Parte_1,0.5,"[62, 74]",start
133.5,Note,Parte_4,0.25,46,
133.75,Note,Parte_4,0.25,58,
134.0,Chord,Parte_1,0.5,"[62, 70]",stop
134.0,Rest,Parte_2,2.0,0,
134.0,Rest,Parte_3,2.0,0,
134.0,Note,Parte_4,0.25,43,
134.0,Rest,Parte_5,2.0,0,
134.0,Rest,Parte_6,2.0,0,
134.25,Note,Parte_4,0.25,55,
134.5,Chord,Parte_1,0.5,"[67, 72]",
134.5,Note,Parte_4,0.25,40,
134.75,Note,Parte_4,0.25,52,
135.0,Chord,Parte_1,0.5,"[60, 69]",
135.0,Note,Parte_4,0.25,41,
135.25,Note,Parte_4,0.25,53,
135.5,Chord,Parte_1,0.5,"[60, 65]",
135.5,Note,Parte_4,0.25,45,
135.75,Note,Parte_4,0.25,57,
136.0,Chord,Parte_1,1.0,"[64, 67]",start
136.0,Rest,Parte_2,2.0,0,
136.0,Rest,Parte_3,2.0,0,
136.0,Note,Parte_4,0.25,48,
136.0,Rest,Parte_5,2.0,0,
136.0,Rest,Parte_6,2.0,0,
136.25,Note,Parte_4,0.25,60,
136.5,Note,Parte_4,0.25,60,
136.75,Note,Parte_4,0.25,60,
137.0,Chord,Parte_1,0.25,"[64, 67]",stop
137.0,Note,Parte_4,0.25,60,
137.25,Chord,Parte_1,0.25,"[60, 64]",
137.25,Note,Parte_4,0.25,58,
137.5,Chord,Parte_1,0.25,"[62, 65]",
137.5,Note,Parte_4,0.25,57,
137.75,Chord,Parte_1,0.25,"[64, 67]",
137.75,Note,Parte_4,0.25,55,
138.0,Chord,Parte_1,1.5,"[60, 65, 69]",
138.0,Rest,Parte_2,2.0,0,
138.0,Rest,Parte_3,2.0,0,
138.0,Note,Parte_4,0.25,53,
138.0,Rest,Parte_5,2.0,0,
138.0,Rest,Parte_6,2.0,0,
138.25,Note,Parte_4,0.25,41,
138.5,Note,Parte_4,0.25,45,
138.75,Note,Parte_4,0.25,48,
139.0,Note,Parte_4,0.25,53,
139.25,Note,Parte_4,0.25,41,
139.5,Chord,Parte_1,0.5,"[60, 64, 70]",
139.5,Note,Parte_4,0.25,43,
139.75,Note,Parte_4,0.25,55,
140.0,Chord,Parte_1,1.5,"[60, 65, 72]",
140.0,Rest,Parte_2,2.0,0,
140.0,Rest,Parte_3,2.0,0,
140.0,Rest,Parte_4,0.25,0,
140.0,Rest,Parte_5,2.0,0,
140.0,Rest,Parte_6,2.0,0,
140.25,Note,Parte_4,0.25,45,
140.5,Note,Parte_4,0.25,48,
140.75,Note,Parte_4,0.25,53,
141.0,Note,Parte_4,0.25,57,
141.25,Note,Parte_4,0.25,45,
141.5,Chord,Parte_1,0.5,"[61, 65, 73]",
141.5,Note,Parte_4,0.25,46,
141.75,Note,Parte_4,0.25,58,
142.0,Chord,Parte_1,0.25,"[63, 75]",
142.0,Rest,Parte_2,2.0,0,
142.0,Rest,Parte_3,2.0,0,
142.0,Chord,Parte_4,0.5,"[48, 60]",
142.0,Rest,Parte_5,2.0,0,
142.0,Rest,Parte_6,2.0,0,
142.25,Note,Parte_1,0.25,81,
142.5,Note,Parte_1,0.25,84,
142.5,Rest,Parte_4,0.375,0,
142.75,Note,Parte_1,0.25,81,
142.875,Chord,Parte_4,0.125,"[63, 66]",
143.0,Note,Parte_1,0.25,84,
143.0,Chord,Parte_4,0.5,"[63, 66]",
143.25,Note,Parte_1,0.25,81,
143.5,Note,Parte_1,0.25,84,
143.5,Rest,Parte_4,0.375,0,
143.75,Note,Parte_1,0.25,81,
143.875,Chord,Parte_4,0.125,"[63, 66]",
144.0,Note,Parte_1,0.25,84,
144.0,Rest,Parte_2,2.0,0,
144.0,Rest,Parte_3,2.0,0,
144.0,Chord,Parte_4,0.5,"[63, 66]",
144.0,Rest,Parte_5,2.0,0,
144.0,Rest,Parte_6,2.0,0,
144.25,Note,Parte_1,0.25,81,
144.5,Note,Parte_1,0.25,84,
144.5,Rest,Parte_4,0.375,0,
144.75,Note,Parte_1,0.25,81,
144.875,Chord,Parte_4,0.125,"[63, 66]",
145.0,Note,Parte_1,0.25,82,
145.0,Chord,Parte_4,0.5,"[61, 65]",
145.25,Note,Parte_1,0.25,77,
145.5,Note,Parte_1,0.25,73,
145.5,Rest,Parte_4,0.375,0,
145.75,Note,Parte_1,0.25,70,
145.875,Chord,Parte_4,0.125,"[49, 53]",
146.0,Note,Parte_1,0.25,69,
146.0,Rest,Parte_2,2.0,0,
146.0,Rest,Parte_3,2.0,0,
146.0,Chord,Parte_4,0.5,"[48, 51, 54]",
146.0,Rest,Parte_5,2.0,0,
146.0,Rest,Parte_6,2.0,0,
146.25,Note,Parte_1,0.25,81,
146.5,Note,Parte_1,0.25,84,
146.5,Rest,Parte_4,0.375,0,
146.75,Note,Parte_1,0.25,81,
146.875,Chord,Parte_4,0.125,"[63, 66]",
147.0,Note,Parte_1,0.25,84,
147.0,Chord,Parte_4,0.5,"[63, 66]",
147.25,Note,Parte_1,0.25,81,
147.5,Note,Parte_1,0.25,84,
147.5,Rest,Parte_4,0.375,0,
147.75,Note,Parte_1,0.25,81,
147.875,Chord,Parte_4,0.125,"[63, 66]",
148.0,Note,Parte_1,0.25,84,
148.0,Rest,Parte_2,2.0,0,
148.0,Rest,Parte_3,2.0,0,
148.0,Chord,Parte_4,0.5,"[63, 66]",
148.0,Rest,Parte_5,2.0,0,
148.0,Rest,Parte_6,2.0,0,
148.25,Note,Parte_1,0.25,81,
148.5,Note,Parte_1,0.25,84,
148.5,Rest,Parte_4,0.375,0,
148.75,Note,Parte_1,0.25,81,
148.875,Chord,Parte_4,0.125,"[63, 66]",
149.0,Note,Parte_1,0.25,82,
149.0,Chord,Parte_4,0.5,"[61, 65]",
149.25,Note,Parte_1,0.25,77,
149.5,Note,Parte_1,0.25,73,
149.5,Rest,Parte_4,0.375,0,
149.75,Note,Parte_1,0.25,70,
149.875,Chord,Parte_4,0.125,"[61, 65]",
150.0,Note,Parte_1,0.25,71,
150.0,Rest,Parte_2,2.0,0,
150.0,Rest,Parte_3,2.0,0,
150.0,Chord,Parte_4,0.5,"[62, 65, 68]",
150.0,Rest,Parte_5,2.0,0,
150.0,Rest,Parte_6,2.0,0,
150.25,Note,Parte_1,0.25,83,
150.5,Note,Parte_1,0.25,86,
150.5,Rest,Parte_4,0.375,0,
150.75,Note,Parte_1,0.25,83,
150.875,Chord,Parte_4,0.125,"[65, 68]",
151.0,Note,Parte_1,0.25,84,
151.0,Chord,Parte_4,0.5,"[63, 67]",
151.25,Note,Parte_1,0.25,79,
151.5,Note,Parte_1,0.25,75,
151.5,Rest,Parte_4,0.375,0,
151.75,Note,Parte_1,0.25,72,
151.875,Chord,Parte_4,0.125,"[63, 67]",
152.0,Note,Parte_1,0.25,71,
152.0,Rest,Parte_2,2.0,0,
152.0,Rest,Parte_3,2.0,0,
152.0,Chord,Parte_4,0.5,"[62, 65, 68]",
152.0,Rest,Parte_5,2.0,0,
152.0,Rest,Parte_6,2.0,0,
152.25,Note,Parte_1,0.25,83,
152.5,Note,Parte_1,0.25,86,
152.5,Rest,Parte_4,0.375,0,
152.75,Note,Parte_1,0.25,83,
152.875,Chord,Parte_4,0.125,"[65, 68]",
153.0,Note,Parte_1,0.25,84,
153.0,Chord,Parte_4,0.5,"[63, 67]",
153.25,Note,Parte_1,0.25,79,
153.5,Note,Parte_1,0.25,75,
153.5,Rest,Parte_4,0.5,0,
153.75,Note,Parte_1,0.25,72,
154.0,Note,Parte_1,0.25,79,
154.0,Rest,Parte_2,2.0,0,
154.0,Rest,Parte_3,2.0,0,
154.0,Rest,Parte_4,1.0,0,
154.0,Rest,Parte_5,2.0,0,
154.0,Rest,Parte_6,2.0,0,
154.25,Note,Parte_1,0.25,75,
154.5,Note,Parte_1,0.25,72,
154.75,Note,Parte_1,0.25,67,
155.0,Note,Parte_1,0.25,75,
155.0,Note,Parte_4,0.25,63,
155.25,Note,Parte_1,0.25,72,
155.25,Note,Parte_4,0.25,60,
155.5,Note,Parte_1,0.25,67,
155.5,Note,Parte_4,0.25,55,
155.75,Note,Parte_1,0.25,63,
155.75,Note,Parte_4,0.25,51,
156.0,Note,Parte_1,0.25,72,
156.0,Rest,Parte_2,2.0,0,
156.0,Rest,Parte_3,2.0,0,
156.0,Note,Parte_4,0.25,60,
156.0,Rest,Parte_5,2.0,0,
156.0,Rest,Parte_6,2.0,0,
156.25,Note,Parte_1,0.25,67,
156.25,Note,Parte_4,0.25,55,
156.5,Note,Parte_1,0.25,63,
156.5,Note,Parte_4,0.25,51,
156.75,Note,Parte_1,0.25,60,
156.75,Note,Parte_4,0.25,48,
157.0,Note,Parte_1,0.25,67,
157.0,Note,Parte_4,0.25,55,
157.25,Note,Parte_1,0.25,63,
157.25,Note,Parte_4,0.25,51,
157.5,Note,Parte_1,0.25,60,
157.5,Note,Parte_4,0.25,48,
157.75,Note,Parte_1,0.25,55,
157.75,Note,Parte_4,0.25,43,
158.0,Note,Parte_1,0.25,63,
158.0,Rest,Parte_2,2.0,0,
158.0,Rest,Parte_3,2.0,0,
158.0,Rest,Parte_4,0.5,0,
158.0,Note,Parte_5,0.25,51,
158.0,Rest,Parte_6,2.0,0,
158.25,Note,Parte_1,0.25,60,
158.25,Note,Parte_5,0.25,48,
158.5,Rest,Parte_1,0.5,0,
158.5,Note,Parte_4,0.25,55,
158.5,Note,Parte_5,0.25,43,
158.75,Note,Parte_4,0.25,51,
158.75,Note,Parte_5,0.25,39,
159.0,Rest,Parte_1,0.25,0,
159.0,Note,Parte_4,0.25,60,
159.0,Note,Parte_5,0.25,48,
159.25,Rest,Parte_1,0.75,0,
159.25,Note,Parte_4,0.25,55,
159.25,Note,Parte_5,0.25,43,
159.5,Note,Parte_4,0.25,51,
159.5,Note,Parte_5,0.25,39,
159.75,Note,Parte_4,0.25,48,
159.75,Note,Parte_5,0.25,36,
160.0,Rest,Parte_1,0.25,0,
160.0,Rest,Parte_2,2.0,0,
160.0,Rest,Parte_3,2.0,0,
160.0,Rest,Parte_4,0.25,0,
160.0,Chord,Parte_5,0.25,"[31, 43]",
160.0,Rest,Parte_6,2.0,0,
160.25,Rest,Parte_1,0.75,0,
160.25,Note,Parte_4,0.25,55,
160.25,Note,Parte_5,0.25,43,
160.5,Note,Parte_4,0.25,59,
160.5,Note,Parte_5,0.25,47,
160.75,Note,Parte_4,0.25,55,
160.75,Note,Parte_5,0.25,43,
161.0,Rest,Parte_1,0.25,0,
161.0,Note,Parte_4,0.25,60,
161.0,Note,Parte_5,0.25,48,
161.25,Rest,Parte_1,0.75,0,
161.25,Note,Parte_4,0.25,55,
161.25,Note,Parte_5,0.25,43,
161.5,Note,Parte_4,0.25,51,
161.5,Note,Parte_5,0.25,39,
161.75,Note,Parte_4,0.25,48,
161.75,Note,Parte_5,0.25,36,
162.0,Rest,Parte_1,0.25,0,
162.0,Rest,Parte_2,2.0,0,
162.0,Rest,Parte_3,2.0,0,
162.0,Rest,Parte_4,0.25,0,
162.0,Chord,Parte_5,0.25,"[31, 43]",
162.0,Rest,Parte_6,2.0,0,
162.25,Rest,Parte_1,0.75,0,
162.25,Note,Parte_4,0.25,55,
162.25,Note,Parte_5,0.25,43,
162.5,Note,Parte_4,0.25,59,
162.5,Note,Parte_5,0.25,47,
162.75,Note,Parte_4,0.25,55,
162.75,Note,Parte_5,0.25,43,
163.0,Rest,Parte_1,0.25,0,
163.0,Note,Parte_4,0.25,60,
163.0,Note,Parte_5,0.25,48,
163.25,Rest,Parte_1,0.75,0,
163.25,Note,Parte_4,0.25,55,
163.25,Note,Parte_5,0.25,43,
163.5,Note,Parte_4,0.25,51,
163.5,Note,Parte_5,0.25,39,
163.75,Note,Parte_4,0.25,48,
163.75,Note,Parte_5,0.25,36,
164.0,Rest,Parte_1,2.0,0,
164.0,Rest,Parte_2,2.0,0,
164.0,Rest,Parte_3,2.0,0,
164.0,Note,Parte_4,0.25,43,
164.0,Note,Parte_5,0.25,31,
164.0,Rest,Parte_6,2.0,0,
164.25,Note,Parte_4,0.25,45,
164.25,Note,Parte_5,0.25,33,
164.5,Note,Parte_4,0.25,47,
164.5,Note,Parte_5,0.25,35,
164.75,Note,Parte_4,0.25,48,
164.75,Note,Parte_5,0.25,36,
165.0,Note,Parte_4,0.25,50,
165.0,Note,Parte_5,0.25,38,
165.25,Note,Parte_4,0.25,52,
165.25,Note,Parte_5,0.25,40,
165.5,Note,Parte_4,0.25,53,
165.5,Note,Parte_5,0.25,41,
165.75,Note,Parte_4,0.25,54,
165.75,Note,Parte_5,0.25,42,
166.0,Rest,Parte_1,1.75,0,
166.0,Rest,Parte_2,2.0,0,
166.0,Rest,Parte_3,2.0,0,
166.0,Note,Parte_4,0.25,55,
166.0,Note,Parte_5,0.25,43,
166.0,Rest,Parte_6,2.0,0,
166.25,Note,Parte_4,0.25,57,
166.25,Note,Parte_5,0.25,45,
166.5,Note,Parte_4,0.25,58,
166.5,Note,Parte_5,0.25,46,
166.75,Note,Parte_4,0.25,59,
166.75,Note,Parte_5,0.25,47,
167.0,Note,Parte_4,0.25,60,
167.0,Note,Parte_5,0.25,48,
167.25,Note,Parte_4,0.25,61,
167.25,Note,Parte_5,0.25,49,
167.5,Note,Parte_4,0.25,62,
167.5,Note,Parte_5,0.25,50,
167.75,Rest,Parte_1,0.25,0,
167.75,Note,Parte_4,0.25,63,
167.75,Note,Parte_5,0.25,51,
168.0,Chord,Parte_1,1.5,"[55, 60, 64]",
168.0,Rest,Parte_2,2.0,0,
168.0,Rest,Parte_3,2.0,0,
168.0,Rest,Parte_4,0.25,0,
168.0,Rest,Parte_5,2.0,0,
168.0,Rest,Parte_6,2.0,0,
168.25,Note,Parte_4,0.25,36,
168.5,Note,Parte_4,0.25,40,
168.75,Note,Parte_4,0.25,43,
169.0,Note,Parte_4,0.25,48,
169.25,Note,Parte_4,0.25,36,
169.5,Chord,Parte_1,0.5,"[55, 59, 65]",
169.5,Note,Parte_4,0.25,38,
169.75,Note,Parte_4,0.25,50,
170.0,Chord,Parte_1,1.5,"[55, 60, 67]",
170.0,Rest,Parte_2,2.0,0,
170.0,Rest,Parte_3,2.0,0,
170.0,Rest,Parte_4,0.25,0,
170.0,Rest,Parte_5,2.0,0,
170.0,Rest,Parte_6,2.0,0,
170.25,Note,Parte_4,0.25,40,
170.5,Note,Parte_4,0.25,43,
170.75,Note,Parte_4,0.25,48,
171.0,Note,Parte_4,0.25,52,
171.25,Note,Parte_4,0.25,40,
171.5,Chord,Parte_1,0.5,"[57, 69]",start
171.5,Note,Parte_4,0.25,41,
171.75,Note,Parte_4,0.25,53,
172.0,Chord,Parte_1,0.5,"[57, 65]",stop
172.0,Rest,Parte_2,2.0,0,
172.0,Rest,Parte_3,2.0,0,
172.0,Note,Parte_4,0.25,38,
172.0,Rest,Parte_5,2.0,0,
172.0,Rest,Parte_6,2.0,0,
172.25,Note,Parte_4,0.25,50,
172.5,Chord,Parte_1,0.5,"[62, 67]",
172.5,Note,Parte_4,0.25,35,
172.75,Note,Parte_4,0.25,47,
173.0,Chord,Parte_1,0.5,"[55, 64]",
173.0,Note,Parte_4,0.25,36,
173.25,Note,Parte_4,0.25,48,
173.5,Chord,Parte_1,0.5,"[55, 60]",
173.5,Note,Parte_4,0.25,40,
173.75,Note,Parte_4,0.25,52,
174.0,Chord,Parte_1,1.5,"[59, 62]",
174.0,Rest,Parte_2,2.0,0,
174.0,Rest,Parte_3,2.0,0,
174.0,Note,Parte_4,0.25,43,
174.0,Rest,Parte_5,2.0,0,
174.0,Rest,Parte_6,2.0,0,
174.25,Note,Parte_4,0.25,55,
174.5,Note,Parte_4,0.25,55,
174.75,Note,Parte_4,0.25,55,
175.0,Note,Parte_4,0.25,55,
175.25,Note,Parte_4,0.25,53,
175.5,Tuplet 5:4,Parte_1,"[['Note', 0.125, 67, None], ['Note', 0.125, 69, None], ['Note', 0.125, 71, None], ['Note', 0.125, 72, None], ['Note', 0.125, 74, None]]"
175.5,Note,Parte_4,0.25,52,
175.75,Note,Parte_4,0.25,50,
176.0,Note,Parte_1,1.5,76,
176.0,Rest,Parte_2,2.0,0,
176.0,Rest,Parte_3,2.0,0,
176.0,Rest,Parte_4,0.25,0,
176.0,Rest,Parte_5,2.0,0,
176.0,Rest,Parte_6,2.0,0,
176.25,Note,Parte_4,0.25,48,
176.5,Note,Parte_4,0.25,52,
176.75,Note,Parte_4,0.25,55,
177.0,Note,Parte_4,0.25,60,
177.25,Note,Parte_4,0.25,48,
177.5,Note,Parte_1,0.5,77,
177.5,Note,Parte_4,0.25,50,
177.75,Note,Parte_4,0.25,62,
178.0,Note,Parte_1,1.5,79,
178.0,Rest,Parte_2,2.0,0,
178.0,Rest,Parte_3,2.0,0,
178.0,Rest,Parte_4,0.25,0,
178.0,Rest,Parte_5,2.0,0,
178.0,Rest,Parte_6,2.0,0,
178.25,Note,Parte_4,0.25,52,
178.5,Note,Parte_4,0.25,55,
178.75,Note,Parte_4,0.25,60,
179.0,Note,Parte_4,0.25,64,
179.25,Note,Parte_4,0.25,52,
179.5,Tuplet 3:2,Parte_1,"[['Note', 0.125, 72, None], ['Note', 0.125, 74, None], ['Note', 0.125, 76, None], ['Note', 0.125, 77, None], ['Note', 0.125, 79, None], ['Note', 0.125, 80, None]]"
179.5,Note,Parte_4,0.25,53,
179.75,Note,Parte_4,0.25,65,
180.0,Note,Parte_1,1.5,82,
180.0,Rest,Parte_2,2.0,0,
180.0,Rest,Parte_3,2.0,0,
180.0,Rest,Parte_4,0.25,0,
180.0,Rest,Parte_5,2.0,0,
180.0,Rest,Parte_6,2.0,0,
180.25,Note,Parte_4,0.25,55,
180.5,Note,Parte_4,0.25,60,
180.75,Note,Parte_4,0.25,64,
181.0,Note,Parte_4,0.25,67,
181.25,Note,Parte_4,0.25,55,
181.5,Note,Parte_1,0.5,84,
181.5,Note,Parte_4,0.25,56,
181.75,Note,Parte_4,0.25,68,
182.0,Note,Parte_1,0.5,85,
182.0,Rest,Parte_2,2.0,0,
182.0,Rest,Parte_3,2.0,0,
182.0,Rest,Parte_4,0.25,0,
182.0,Rest,Parte_5,2.0,0,
182.0,Rest,Parte_6,2.0,0,
182.25,Note,Parte_4,0.25,58,
182.5,Rest,Parte_1,0.25,0,
182.5,Note,Parte_4,0.25,61,
182.75,Note,Parte_1,0.0625,79,
182.75,Note,Parte_4,0.25,64,
182.8125,Note,Parte_1,0.0625,80,
182.875,Note,Parte_1,0.0625,82,
182.9375,Note,Parte_1,0.0625,84,
183.0,Note,Parte_1,0.5,85,
183.0,Rest,Parte_4,0.25,0,
183.25,Note,Parte_4,0.25,58,
183.5,Rest,Parte_1,0.25,0,
183.5,Note,Parte_4,0.25,61,
183.75,Note,Parte_1,0.0625,67,
183.75,Note,Parte_4,0.25,64,
183.8125,Note,Parte_1,0.0625,68,
183.875,Note,Parte_1,0.0625,70,
183.9375,Note,Parte_1,0.0625,72,
184.0,Note,Parte_1,0.5,73,
184.0,Rest,Parte_2,2.0,0,
184.0,Rest,Parte_3,2.0,0,
184.0,Rest,Parte_4,0.25,0,
184.0,Rest,Parte_5,2.0,0,
184.0,Rest,Parte_6,2.0,0,
184.25,Note,Parte_4,0.25,58,
184.5,Rest,Parte_1,0.25,0,
184.5,Note,Parte_4,0.25,61,
184.75,Note,Parte_1,0.0625,43,
184.75,Note,Parte_4,0.25,64,
184.8125,Note,Parte_1,0.0625,44,
184.875,Note,Parte_1,0.0625,46,
184.9375,Note,Parte_1,0.0625,48,
185.0,Note,Parte_1,0.5,49,
185.0,Rest,Parte_4,0.25,0,
185.25,Note,Parte_4,0.25,58,
185.5,Rest,Parte_1,0.25,0,
185.5,Note,Parte_4,0.25,61,
185.75,Note,Parte_1,0.0625,49,
185.75,Note,Parte_4,0.25,64,
185.8125,Note,Parte_1,0.0625,48,
185.875,Note,Parte_1,0.0625,46,
185.9375,Note,Parte_1,0.0625,44,
186.0,Note,Parte_1,0.5,43,
186.0,Rest,Parte_2,2.0,0,
186.0,Rest,Parte_3,2.0,0,
186.0,Rest,Parte_4,0.25,0,
186.0,Rest,Parte_5,2.0,0,
186.0,Rest,Parte_6,2.0,0,
186.25,Note,Parte_4,0.25,58,
186.5,Rest,Parte_1,0.25,0,
186.5,Note,Parte_4,0.25,61,
186.75,Note,Parte_1,0.0625,79,
186.75,Note,Parte_4,0.25,64,
186.8125,Note,Parte_1,0.0625,80,
186.875,Note,Parte_1,0.0625,82,
186.9375,Note,Parte_1,0.0625,84,
187.0,Note,Parte_1,0.5,85,
187.0,Rest,Parte_4,0.25,0,
187.25,Note,Parte_4,0.25,58,
187.5,Rest,Parte_1,0.25,0,
187.5,Note,Parte_4,0.25,61,
187.75,Note,Parte_1,0.0625,67,
187.75,Note,Parte_4,0.25,64,
187.8125,Note,Parte_1,0.0625,68,
187.875,Note,Parte_1,0.0625,70,
187.9375,Note,Parte_1,0.0625,72,
188.0,Note,Parte_1,0.5,73,
188.0,Rest,Parte_2,2.0,0,
188.0,Rest,Parte_3,2.0,0,
188.0,Rest,Parte_4,0.25,0,
188.0,Rest,Parte_5,2.0,0,
188.0,Rest,Parte_6,2.0,0,
188.25,Note,Parte_4,0.25,58,
188.5,Rest,Parte_1,0.25,0,
188.5,Note,Parte_4,0.25,61,
188.75,Note,Parte_1,0.0625,43,
188.75,Note,Parte_4,0.25,64,
188.8125,Note,Parte_1,0.0625,44,
188.875,Note,Parte_1,0.0625,46,
188.9375,Note,Parte_1,0.0625,48,
189.0,Note,Parte_1,0.5,49,
189.0,Rest,Parte_4,0.25,0,
189.25,Note,Parte_4,0.25,58,
189.5,Rest,Parte_1,0.25,0,
189.5,Note,Parte_4,0.25,61,
189.75,Note,Parte_1,0.0625,49,
189.75,Note,Parte_4,0.25,64,
189.8125,Note,Parte_1,0.0625,48,
189.875,Note,Parte_1,0.0625,46,
189.9375,Note,Parte_1,0.0625,44,
190.0,Note,Parte_1,0.5,43,
190.0,Rest,Parte_2,2.0,0,
190.0,Rest,Parte_3,2.0,0,
190.0,Rest,Parte_4,0.25,0,
190.0,Rest,Parte_5,2.0,0,
190.0,Rest,Parte_6,2.0,0,
190.25,Note,Parte_4,0.25,58,
190.5,Rest,Parte_1,0.25,0,
190.5,Note,Parte_4,0.25,61,
190.75,Note,Parte_1,0.0625,43,
190.75,Note,Parte_4,0.25,63,
190.8125,Note,Parte_1,0.0625,44,
190.875,Note,Parte_1,0.0625,46,
190.9375,Note,Parte_1,0.0625,48,
191.0,Note,Parte_1,0.5,49,
191.0,Rest,Parte_4,0.25,0,
191.25,Note,Parte_4,0.25,58,
191.5,Rest,Parte_1,0.25,0,
191.5,Note,Parte_4,0.25,61,
191.75,Note,Parte_1,0.0625,49,
191.75,Note,Parte_4,0.25,64,
191.8125,Note,Parte_1,0.0625,48,
191.875,Note,Parte_1,0.0625,46,
191.9375,Note,Parte_1,0.0625,44,
192.0,Note,Parte_1,0.5,43,
192.0,Rest,Parte_2,2.0,0,
192.0,Rest,Parte_3,2.0,0,
192.0,Rest,Parte_4,0.25,0,
192.0,Rest,Parte_5,2.0,0,
192.0,Rest,Parte_6,2.0,0,
192.25,Note,Parte_4,0.25,58,
192.5,Rest,Parte_1,0.25,0,
192.5,Note,Parte_4,0.25,61,
192.75,Note,Parte_1,0.0625,43,
192.75,Note,Parte_4,0.25,63,
192.8125,Note,Parte_1,0.0625,44,
192.875,Note,Parte_1,0.0625,46,
192.9375,Note,Parte_1,0.0625,48,
193.0,Note,Parte_1,0.5,49,
193.0,Rest,Parte_4,0.25,0,
193.25,Note,Parte_4,0.25,58,
193.5,Rest,Parte_1,0.25,0,
193.5,Note,Parte_4,0.25,61,
193.75,Note,Parte_1,0.0625,49,
193.75,Note,Parte_4,0.25,64,
193.8125,Note,Parte_1,0.0625,48,
193.875,Note,Parte_1,0.0625,46,
193.9375,Note,Parte_1,0.0625,44,
194.0,Note,Parte_1,0.25,43,
194.0,Rest,Parte_2,2.0,0,
194.0,Rest,Parte_3,2.0,0,
194.0,Rest,Parte_4,0.25,0,
194.0,Rest,Parte_5,2.0,0,
194.0,Rest,Parte_6,2.0,0,
194.25,Rest,Parte_1,0.25,0,
194.25,Chord,Parte_4,0.25,"[58, 61, 63]",
194.5,Note,Parte_1,0.25,58,
194.5,Rest,Parte_4,0.5,0,
194.75,Note,Parte_1,0.25,56,
195.0,Note,Parte_1,0.25,55,
195.0,Rest,Parte_4,1.0,0,
195.25,Note,Parte_1,0.25,53,
195.5,Note,Parte_1,0.25,51,
195.75,Note,Parte_1,0.25,50,
196.0,Note,Parte_1,0.25,51,
196.0,Rest,Parte_2,2.0,0,
196.0,Rest,Parte_3,2.0,0,
196.0,Rest,Parte_4,0.25,0,
196.0,Rest,Parte_5,2.0,0,
196.0,Rest,Parte_6,2.0,0,
196.25,Rest,Parte_1,0.25,0,
196.25,Note,Parte_4,0.25,39,
196.5,Note,Parte_1,0.25,61,
196.5,Rest,Parte_4,0.5,0,
196.75,Note,Parte_1,0.25,60,
197.0,Note,Parte_1,0.25,58,
197.0,Rest,Parte_4,1.0,0,
197.25,Note,Parte_1,0.25,56,
197.5,Note,Parte_1,0.25,55,
197.75,Note,Parte_1,0.25,53,
198.0,Note,Parte_1,0.25,51,
198.0,Rest,Parte_2,2.0,0,
198.0,Rest,Parte_3,2.0,0,
198.0,Rest,Parte_4,0.25,0,
198.0,Rest,Parte_5,2.0,0,
198.0,Rest,Parte_6,2.0,0,
198.25,Rest,Parte_1,0.25,0,
198.25,Note,Parte_4,0.25,39,
198.5,Note,Parte_1,0.25,82,
198.5,Note,Parte_4,0.25,58,
198.75,Note,Parte_1,0.25,80,
198.75,Note,Parte_4,0.25,56,
199.0,Note,Parte_1,0.25,79,
199.0,Note,Parte_4,0.25,55,
199.25,Note,Parte_1,0.25,77,
199.25,Note,Parte_4,0.25,53,
199.5,Note,Parte_1,0.25,75,
199.5,Note,Parte_4,0.25,51,
199.75,Note,Parte_1,0.25,74,
199.75,Note,Parte_4,0.25,50,
200.0,Note,Parte_1,0.25,75,
200.0,Rest,Parte_2,2.0,0,
200.0,Rest,Parte_3,2.0,0,
200.0,Note,Parte_4,0.25,51,
200.0,Rest,Parte_5,2.0,0,
200.0,Rest,Parte_6,2.0,0,
200.25,Rest,Parte_1,0.25,0,
200.25,Note,Parte_4,0.25,39,
200.5,Note,Parte_1,0.25,85,
200.5,Note,Parte_4,0.25,61,
200.75,Note,Parte_1,0.25,84,
200.75,Note,Parte_4,0.25,60,
201.0,Note,Parte_1,0.25,82,
201.0,Note,Parte_4,0.25,58,
201.25,Note,Parte_1,0.25,80,
201.25,Note,Parte_4,0.25,56,
201.5,Note,Parte_1,0.25,79,
201.5,Note,Parte_4,0.25,55,
201.75,Note,Parte_1,0.25,77,
201.75,Note,Parte_4,0.25,53,
202.0,Note,Parte_1,0.25,75,
202.0,Rest,Parte_2,2.0,0,
202.0,Rest,Parte_3,2.0,0,
202.0,Note,Parte_4,0.25,51,
202.0,Rest,Parte_5,2.0,0,
202.0,Rest,Parte_6,2.0,0,
202.25,Rest,Parte_1,0.25,0,
202.25,Note,Parte_4,0.25,39,
202.5,Note,Parte_1,0.25,85,
202.5,Note,Parte_4,0.25,61,
202.75,Note,Parte_1,0.25,84,
202.75,Note,Parte_4,0.25,60,
203.0,Note,Parte_1,0.25,82,
203.0,Note,Parte_4,0.25,58,
203.25,Note,Parte_1,0.25,80,
203.25,Note,Parte_4,0.25,56,
203.5,Note,Parte_1,0.25,79,
203.5,Note,Parte_4,0.25,55,
203.75,Note,Parte_1,0.25,77,
203.75,Note,Parte_4,0.25,53,
204.0,Note,Parte_1,0.25,75,
204.0,Rest,Parte_2,2.0,0,
204.0,Rest,Parte_3,2.0,0,
204.0,Note,Parte_4,0.25,51,
204.0,Rest,Parte_5,2.0,0,
204.0,Rest,Parte_6,2.0,0,
204.25,Note,Parte_1,0.25,74,
204.25,Note,Parte_4,0.25,50,
204.5,Note,Parte_1,0.25,73,
204.5,Note,Parte_4,0.25,49,
204.75,Note,Parte_1,0.25,72,
204.75,Note,Parte_4,0.25,48,
205.0,Note,Parte_1,0.25,70,
205.0,Note,Parte_4,0.25,46,
205.25,Note,Parte_1,0.25,68,
205.25,Note,Parte_4,0.25,44,
205.5,Note,Parte_1,0.25,67,
205.5,Note,Parte_4,0.25,43,
205.75,Note,Parte_1,0.25,65,
205.75,Note,Parte_4,0.25,41,
206.0,Note,Parte_1,0.25,63,
206.0,Rest,Parte_2,2.0,0,
206.0,Rest,Parte_3,2.0,0,
206.0,Rest,Parte_4,1.25,0,
206.0,Note,Parte_5,0.5,39,
206.0,Rest,Parte_6,2.0,0,
206.25,Note,Parte_1,0.25,62,
206.5,Note,Parte_1,0.25,61,
206.5,Rest,Parte_5,0.5,0,
206.75,Note,Parte_1,0.25,60,
207.0,Note,Parte_1,0.25,58,
207.0,Rest,Parte_5,1.0,0,
207.25,Rest,Parte_1,0.75,0,
207.25,Note,Parte_4,0.25,56,
207.5,Note,Parte_4,0.25,55,
207.75,Note,Parte_4,0.25,53,
208.0,Rest,Parte_1,0.25,0,
208.0,Rest,Parte_2,2.0,0,
208.0,Rest,Parte_3,2.0,0,
208.0,Note,Parte_4,0.25,51,
208.0,Rest,Parte_5,0.25,0,
208.0,Rest,Parte_6,2.0,0,
208.25,Rest,Parte_1,0.25,0,
208.25,Rest,Parte_4,1.75,0,
208.25,Note,Parte_5,0.25,50,
208.5,Rest,Parte_1,0.5,0,
208.5,Note,Parte_5,0.25,49,
208.75,Note,Parte_5,0.25,48,
209.0,Rest,Parte_1,1.0,0,
209.0,Note,Parte_5,0.25,46,
209.25,Note,Parte_5,0.25,44,
209.5,Note,Parte_5,0.25,43,
209.75,Note,Parte_5,0.25,41,
210.0,Tempo,100.0
210.0,Rest,Parte_1,2.0,0,
210.0,Rest,Parte_2,2.0,0,
210.0,Rest,Parte_3,2.0,0,
210.0,Note,Parte_4,0.5,40,
210.0,Rest,Parte_5,2.0,0,
210.0,Rest,Parte_6,2.0,0,
210.5,Note,Parte_4,0.5,39,
211.0,Note,Parte_4,0.5,38,
211.5,Note,Parte_4,0.5,37,
212.0,Tempo,76.0
212.0,Rest,Parte_1,2.0,0,
212.0,Rest,Parte_2,2.0,0,
212.0,Rest,Parte_3,2.0,0,
212.0,Note,Parte_4,0.5,36,
212.0,Rest,Parte_5,2.0,0,
212.0,Rest,Parte_6,2.0,0,
212.5,Note,Parte_4,0.5,35,
213.0,Note,Parte_4,0.5,34,
213.5,Note,Parte_4,0.5,33,
214.0,Tempo,110.0
214.0,Chord,Parte_1,1.5,"[51, 56, 60]",
214.0,Rest,Parte_2,2.0,0,
214.0,Rest,Parte_3,2.0,0,
214.0,Rest,Parte_4,0.25,0,
214.0,Rest,Parte_5,2.0,0,
214.0,Rest,Parte_6,2.0,0,
214.25,Note,Parte_4,0.25,32,
214.5,Note,Parte_4,0.25,36,
214.75,Note,Parte_4,0.25,39,
215.0,Note,Parte_4,0.25,44,
215.25,Note,Parte_4,0.25,32,
215.5,Chord,Parte_1,0.5,"[51, 55, 61]",
215.5,Note,Parte_4,0.25,34,
215.75,Note,Parte_4,0.25,46,
216.0,Chord,Parte_1,1.5,"[51, 56, 63]",
216.0,Rest,Parte_2,2.0,0,
216.0,Rest,Parte_3,2.0,0,
216.0,Rest,Parte_4,0.25,0,
216.0,Rest,Parte_5,2.0,0,
216.0,Rest,Parte_6,2.0,0,
216.25,Note,Parte_4,0.25,36,
216.5,Note,Parte_4,0.25,39,
216.75,Note,Parte_4,0.25,44,
217.0,Note,Parte_4,0.25,48,
217.25,Note,Parte_4,0.25,36,
217.5,Chord,Parte_1,0.5,"[53, 65]",start
217.5,Note,Parte_4,0.25,37,
217.75,Note,Parte_4,0.25,49,
218.0,Chord,Parte_1,0.5,"[53, 61]",stop
218.0,Rest,Parte_2,2.0,0,
218.0,Rest,Parte_3,2.0,0,
218.0,Note,Parte_4,0.25,34,
218.0,Rest,Parte_5,2.0,0,
218.0,Rest,Parte_6,2.0,0,
218.25,Note,Parte_4,0.25,46,
218.5,Chord,Parte_1,0.5,"[58, 63]",
218.5,Note,Parte_4,0.25,31,
218.75,Note,Parte_4,0.25,43,
219.0,Chord,Parte_1,0.5,"[51, 60]",
219.0,Note,Parte_4,0.25,32,
219.25,Note,Parte_4,0.25,44,
219.5,Chord,Parte_1,0.5,"[51, 56]",
219.5,Note,Parte_4,0.25,36,
219.75,Note,Parte_4,0.25,48,
220.0,Chord,Parte_1,1.0,"[55, 58]",start
220.0,Rest,Parte_2,2.0,0,
220.0,Rest,Parte_3,2.0,0,
220.0,Note,Parte_4,0.25,39,
220.0,Rest,Parte_5,2.0,0,
220.0,Rest,Parte_6,2.0,0,
220.25,Note,Parte_4,0.25,51,
220.5,Note,Parte_4,0.25,51,
220.75,Note,Parte_4,0.25,51,
221.0,Chord,Parte_1,0.25,"[55, 58]",stop
221.0,Note,Parte_4,0.25,51,
221.25,Chord,Parte_1,0.25,"[51, 55]",
221.25,Note,Parte_4,0.25,49,
221.5,Chord,Parte_1,0.25,"[53, 56]",
221.5,Note,Parte_4,0.25,48,
221.75,Chord,Parte_1,0.25,"[55, 58]",
221.75,Note,Parte_4,0.25,46,
222.0,Chord,Parte_1,1.5,"[51, 56, 60]",
222.0,Rest,Parte_2,2.0,0,
222.0,Rest,Parte_3,2.0,0,
222.0,Note,Parte_4,0.25,44,
222.0,Rest,Parte_5,2.0,0,
222.0,Rest,Parte_6,2.0,0,
222.25,Note,Parte_4,0.25,32,
222.5,Note,Parte_4,0.25,36,
222.75,Note,Parte_4,0.25,39,
223.0,Note,Parte_4,0.25,44,
223.25,Note,Parte_4,0.25,32,
223.5,Chord,Parte_1,0.5,"[51, 55, 61]",
223.5,Note,Parte_4,0.25,34,
223.75,Note,Parte_4,0.25,46,
224.0,Chord,Parte_1,1.5,"[51, 56, 63]",
224.0,Rest,Parte_2,2.0,0,
224.0,Rest,Parte_3,2.0,0,
224.0,Rest,Parte_4,0.25,0,
224.0,Rest,Parte_5,2.0,0,
224.0,Rest,Parte_6,2.0,0,
224.25,Note,Parte_4,0.25,36,
224.5,Note,Parte_4,0.25,39,
224.75,Note,Parte_4,0.25,44,
225.0,Note,Parte_4,0.25,48,
225.25,Note,Parte_4,0.25,36,
225.5,Chord,Parte_1,0.5,"[53, 65]",start
225.5,Note,Parte_4,0.25,37,
225.75,Note,Parte_4,0.25,49,
226.0,Chord,Parte_1,0.5,"[53, 61]",stop
226.0,Rest,Parte_2,2.0,0,
226.0,Rest,Parte_3,2.0,0,
226.0,Note,Parte_4,0.25,34,
226.0,Rest,Parte_5,2.0,0,
226.0,Rest,Parte_6,2.0,0,
226.25,Note,Parte_4,0.25,46,
226.5,Chord,Parte_1,0.5,"[58, 63]",
226.5,Note,Parte_4,0.25,31,
226.75,Note,Parte_4,0.25,43,
227.0,Chord,Parte_1,0.5,"[51, 60]",
227.0,Note,Parte_4,0.25,32,
227.25,Note,Parte_4,0.25,44,
227.5,Chord,Parte_1,0.5,"[51, 56]",
227.5,Note,Parte_4,0.25,36,
227.75,Note,Parte_4,0.25,48,
228.0,Chord,Parte_1,1.0,"[49, 51, 58]",
228.0,Rest,Parte_2,2.0,0,
228.0,Rest,Parte_3,2.0,0,
228.0,Note,Parte_4,0.25,39,
228.0,Rest,Parte_5,2.0,0,
228.0,Rest,Parte_6,2.0,0,
228.25,Note,Parte_4,0.25,39,
228.5,Note,Parte_4,0.25,43,
228.75,Note,Parte_4,0.25,39,
229.0,Chord,Parte_1,0.5,"[48, 51, 56]",
229.0,Chord,Parte_4,0.5,"[32, 44]",
229.5,Chord,Parte_1,0.5,"[72, 80]",
229.5,Chord,Parte_4,0.5,"[56, 68]",
230.0,Chord,Parte_1,1.0,"[73, 82]",
230.0,Rest,Parte_2,2.0,0,
230.0,Rest,Parte_3,2.0,0,
230.0,Chord,Parte_4,1.0,"[63, 67]",
230.0,Rest,Parte_5,2.0,0,
230.0,Rest,Parte_6,2.0,0,
231.0,Chord,Parte_1,0.5,"[72, 80]",
231.0,Chord,Parte_4,0.5,"[56, 68]",
231.5,Note,Parte_1,0.5,72,
231.5,Note,Parte_4,0.5,60,
232.0,Note,Parte_1,0.875,70,
232.0,Rest,Parte_2,2.0,0,
232.0,Rest,Parte_3,2.0,0,
232.0,Note,Parte_4,0.875,58,
232.0,Rest,Parte_5,2.0,0,
232.0,Rest,Parte_6,2.0,0,
232.875,Note,Parte_1,0.125,68,
232.875,Note,Parte_4,0.125,56,
233.0,Note,Parte_1,0.5,67,
233.0,Note,Parte_4,0.5,55,
233.5,Note,Parte_1,0.5,65,
233.5,Note,Parte_4,0.5,53,
234.0,Note,Parte_1,1.0,64,
234.0,Rest,Parte_2,1.5,0,
234.0,Rest,Parte_3,1.5,0,
234.0,Rest,Parte_4,1.5,0,
234.0,Note,Parte_5,1.0,52,
234.0,Rest,Parte_6,1.5,0,
235.0,Rest,Parte_1,0.5,0,
235.0,Rest,Parte_5,0.5,0,
235.5,Note,Parte_1,0.5,65,
235.5,Note,Parte_2,0.0,64,
235.5,Note,Parte_2,0.0,65,
235.5,Tuplet 5:4,Parte_2,"[['Note', 0.125, 65, None], ['Note', 0.125, 67, None], ['Note', 0.125, 65, None], ['Note', 0.125, 64, None], ['Note', 0.125, 65, None]]"
235.5,Rest,Parte_3,0.5,0,
235.5,Rest,Parte_4,0.5,0,
235.5,Note,Parte_5,0.5,53,
235.5,Note,Parte_6,0.0,52,
235.5,Note,Parte_6,0.0,53,
235.5,Tuplet 5:4,Parte_6,"[['Note', 0.125, 53, None], ['Note', 0.125, 55, None], ['Note', 0.125, 53, None], ['Note', 0.125, 52, None], ['Note', 0.125, 53, None]]"
236.0,Note,Parte_1,0.875,67,
236.0,Rest,Parte_2,2.0,0,
236.0,Rest,Parte_3,2.0,0,
236.0,Note,Parte_4,0.875,55,
236.0,Rest,Parte_5,2.0,0,
236.0,Rest,Parte_6,2.0,0,
236.875,Note,Parte_1,0.125,65,
236.875,Note,Parte_4,0.125,53,
237.0,Note,Parte_1,0.5,64,
237.0,Note,Parte_4,0.5,52,
237.5,Note,Parte_1,0.5,62,
237.5,Note,Parte_4,0.5,50,
238.0,Note,Parte_1,1.0,60,
238.0,Rest,Parte_2,2.0,0,
238.0,Rest,Parte_3,2.0,0,
238.0,Note,Parte_4,1.0,48,
238.0,Rest,Parte_5,2.0,0,
238.0,Rest,Parte_6,2.0,0,
239.0,Rest,Parte_1,0.5,0,
239.0,Rest,Parte_4,0.5,0,
239.5,Rest,Parte_1,0.375,0,
239.5,Rest,Parte_4,0.375,0,
239.875,Note,Parte_1,0.125,60,
239.875,Note,Parte_4,0.125,48,
240.0,Tempo,96.0
240.0,Note,Parte_1,0.5,60,
240.0,Rest,Parte_2,2.0,0,
240.0,Rest,Parte_3,2.0,0,
240.0,Note,Parte_4,0.5,48,
240.0,Rest,Parte_5,2.0,0,
240.0,Rest,Parte_6,2.0,0,
240.5,Rest,Parte_1,0.375,0,
240.5,Rest,Parte_4,0.375,0,
240.875,Note,Parte_1,0.125,60,
240.875,Note,Parte_4,0.125,48,
241.0,Tempo,86.0
241.0,Note,Parte_1,0.5,60,
241.0,Note,Parte_4,0.5,48,
241.5,Rest,Parte_1,0.375,0,
241.5,Rest,Parte_4,0.375,0,
241.875,Note,Parte_1,0.125,60,
241.875,Note,Parte_4,0.125,48,
242.0,Tempo,76.0
242.0,Note,Parte_1,0.5,60,
242.0,Rest,Parte_2,2.0,0,
242.0,Rest,Parte_3,2.0,0,
242.0,Note,Parte_4,0.5,48,
242.0,Rest,Parte_5,2.0,0,
242.0,Rest,Parte_6,2.0,0,
242.5,Rest,Parte_1,0.5,0,
242.5,Rest,Parte_4,0.5,0,
243.0,Rest,Parte_1,0.5,0,
243.0,Rest,Parte_4,0.5,0,
243.5,Rest,Parte_1,0.375,0,
243.5,Rest,Parte_4,0.375,0,
243.875,Tempo,110.0
243.875,Note,Parte_1,0.125,61,
243.875,Note,Parte_4,0.125,49,
244.0,Note,Parte_1,0.5,61,
244.0,Rest,Parte_2,2.0,0,
244.0,Rest,Parte_3,2.0,0,
244.0,Note,Parte_4,0.5,49,
244.0,Rest,Parte_5,2.0,0,
244.0,Rest,Parte_6,2.0,0,
244.5,Rest,Parte_1,0.375,0,
244.5,Rest,Parte_4,0.375,0,
244.875,Note,Parte_1,0.125,61,
244.875,Note,Parte_4,0.125,49,
245.0,Note,Parte_1,0.5,61,
245.0,Note,Parte_4,0.5,49,
245.5,Rest,Parte_1,0.375,0,
245.5,Rest,Parte_4,0.375,0,
245.875,Note,Parte_1,0.125,61,
245.875,Note,Parte_4,0.125,49,
246.0,Note,Parte_1,0.5,61,
246.0,Rest,Parte_2,2.0,0,
246.0,Rest,Parte_3,2.0,0,
246.0,Note,Parte_4,0.5,49,
246.0,Rest,Parte_5,2.0,0,
246.0,Rest,Parte_6,2.0,0,
246.5,Rest,Parte_1,0.5,0,
246.5,Rest,Parte_4,0.5,0,
247.0,Rest,Parte_1,0.5,0,
247.0,Rest,Parte_4,0.5,0,
247.5,Rest,Parte_1,0.375,0,
247.5,Rest,Parte_4,0.375,0,
247.875,Note,Parte_1,0.125,61,
247.875,Note,Parte_4,0.125,49,
248.0,Note,Parte_1,1.0,61,
248.0,Rest,Parte_2,2.0,0,
248.0,Rest,Parte_3,2.0,0,
248.0,Note,Parte_4,1.0,49,
248.0,Rest,Parte_5,2.0,0,
248.0,Rest,Parte_6,2.0,0,
249.0,Note,Parte_1,0.5,58,
249.0,Note,Parte_4,0.5,46,
249.5,Note,Parte_1,0.5,55,
249.5,Note,Parte_4,0.5,43,
250.0,Note,Parte_1,1.5,51,
250.0,Rest,Parte_2,2.0,0,
250.0,Rest,Parte_3,2.0,0,
250.0,Note,Parte_4,1.5,39,
250.0,Rest,Parte_5,2.0,0,
250.0,Rest,Parte_6,2.0,0,
251.5,Tuplet 5:4,Parte_1,"[['Note', 0.125, 51, None], ['Note', 0.125, 53, None], ['Note', 0.125, 55, None], ['Note', 0.125, 56, None], ['Note', 0.125, 58, None]]"
251.5,Rest,Parte_4,0.5,0,
252.0,Note,Parte_1,1.0,60,start
252.0,Rest,Parte_2,0.25,0,
252.0,Rest,Parte_3,2.0,0,
252.0,Rest,Parte_4,0.25,0,
252.0,Rest,Parte_5,2.0,0,
252.0,Rest,Parte_6,2.0,0,
252.25,Note,Parte_2,0.25,51,
252.25,Note,Parte_4,0.25,32,
252.5,Note,Parte_2,0.25,51,
252.5,Note,Parte_4,0.25,36,
252.75,Note,Parte_2,0.25,51,
252.75,Note,Parte_4,0.25,39,
253.0,Note,Parte_1,0.25,60,stop
253.0,Note,Parte_2,0.25,51,
253.0,Note,Parte_4,0.25,44,
253.25,Note,Parte_1,0.25,59,
253.25,Rest,Parte_2,0.25,0,
253.25,Note,Parte_4,0.25,43,
253.5,Note,Parte_1,0.25,60,
253.5,Rest,Parte_2,0.5,0,
253.5,Note,Parte_4,0.25,44,
253.75,Note,Parte_1,0.25,61,
253.75,Note,Parte_4,0.25,46,
254.0,Note,Parte_1,1.0,63,start
254.0,Rest,Parte_2,0.25,0,
254.0,Rest,Parte_3,2.0,0,
254.0,Note,Parte_4,0.25,48,
254.0,Rest,Parte_5,2.0,0,
254.0,Rest,Parte_6,2.0,0,
254.25,Note,Parte_2,0.25,56,
254.25,Note,Parte_4,0.25,36,
254.5,Note,Parte_2,0.25,56,
254.5,Note,Parte_4,0.25,39,
254.75,Note,Parte_2,0.25,56,
254.75,Note,Parte_4,0.25,44,
255.0,Note,Parte_1,0.25,63,stop
255.0,Note,Parte_2,0.25,56,
255.0,Note,Parte_4,0.25,48,
255.25,Note,Parte_1,0.25,62,
255.25,Rest,Parte_2,0.25,0,
255.25,Note,Parte_4,0.25,47,
255.5,Note,Parte_1,0.25,63,
255.5,Rest,Parte_2,0.5,0,
255.5,Note,Parte_4,0.25,48,
255.75,Note,Parte_1,0.25,65,
255.75,Note,Parte_4,0.25,49,
256.0,Chord,Parte_1,0.5,"[53, 61]",
256.0,Rest,Parte_2,2.0,0,
256.0,Rest,Parte_3,2.0,0,
256.0,Note,Parte_4,0.25,34,
256.0,Rest,Parte_5,2.0,0,
256.0,Rest,Parte_6,2.0,0,
256.25,Note,Parte_4,0.25,46,
256.5,Chord,Parte_1,0.5,"[58, 63]",
256.5,Note,Parte_4,0.25,31,
256.75,Note,Parte_4,0.25,43,
257.0,Chord,Parte_1,0.5,"[51, 60]",
257.0,Note,Parte_4,0.25,32,
257.25,Note,Parte_4,0.25,44,
257.5,Chord,Parte_1,0.5,"[51, 56]",
257.5,Note,Parte_4,0.25,36,
257.75,Note,Parte_4,0.25,48,
258.0,Chord,Parte_1,1.0,"[55, 58]",start
258.0,Rest,Parte_2,2.0,0,
258.0,Rest,Parte_3,2.0,0,
258.0,Note,Parte_4,0.25,39,
258.0,Rest,Parte_5,2.0,0,
258.0,Rest,Parte_6,2.0,0,
258.25,Note,Parte_4,0.25,51,
258.5,Note,Parte_4,0.25,51,
258.75,Note,Parte_4,0.25,51,
259.0,Chord,Parte_1,0.25,"[55, 58]",stop
259.0,Note,Parte_4,0.25,51,
259.25,Chord,Parte_1,0.25,"[51, 55]",
259.25,Note,Parte_4,0.25,49,
259.5,Chord,Parte_1,0.25,"[53, 56]",
259.5,Note,Parte_4,0.25,48,
259.75,Chord,Parte_1,0.25,"[55, 58]",
259.75,Note,Parte_4,0.25,46,
260.0,Note,Parte_1,0.75,60,
260.0,Note,Parte_2,0.25,56,
260.0,Rest,Parte_3,2.0,0,
260.0,Note,Parte_4,0.25,44,
260.0,Rest,Parte_5,2.0,0,
260.0,Rest,Parte_6,2.0,0,
260.25,Note,Parte_2,0.25,51,
260.25,Note,Parte_4,0.25,32,
260.5,Note,Parte_2,0.25,51,
260.5,Note,Parte_4,0.25,44,
260.75,Note,Parte_1,0.25,59,
260.75,Note,Parte_2,0.25,51,
260.75,Note,Parte_4,0.25,43,
261.0,Note,Parte_1,0.25,60,
261.0,Note,Parte_2,0.25,51,
261.0,Note,Parte_4,0.25,44,
261.25,Note,Parte_1,0.25,59,
261.25,Rest,Parte_2,0.25,0,
261.25,Note,Parte_4,0.25,43,
261.5,Note,Parte_1,0.25,60,
261.5,Rest,Parte_2,0.5,0,
261.5,Note,Parte_4,0.25,44,
261.75,Note,Parte_1,0.25,61,
261.75,Note,Parte_4,0.25,46,
262.0,Note,Parte_1,0.75,63,
262.0,Rest,Parte_2,0.25,0,
262.0,Rest,Parte_3,2.0,0,
262.0,Note,Parte_4,0.25,48,
262.0,Rest,Parte_5,2.0,0,
262.0,Rest,Parte_6,2.0,0,
262.25,Note,Parte_2,0.25,56,
262.25,Note,Parte_4,0.25,36,
262.5,Note,Parte_2,0.25,56,
262.5,Note,Parte_4,0.25,48,
262.75,Note,Parte_1,0.25,62,
262.75,Note,Parte_2,0.25,56,
262.75,Note,Parte_4,0.25,47,
263.0,Note,Parte_1,0.25,63,
263.0,Note,Parte_2,0.25,56,
263.0,Note,Parte_4,0.25,48,
263.25,Note,Parte_1,0.25,62,
263.25,Rest,Parte_2,0.25,0,
263.25,Note,Parte_4,0.25,47,
263.5,Note,Parte_1,0.25,63,
263.5,Rest,Parte_2,0.25,0,
263.5,Note,Parte_4,0.25,48,
263.75,Note,Parte_1,0.25,65,
263.75,Note,Parte_2,0.25,53,
263.75,Note,Parte_4,0.25,49,
264.0,Chord,Parte_1,0.5,"[53, 61]",
264.0,Rest,Parte_2,2.0,0,
264.0,Rest,Parte_3,2.0,0,
264.0,Note,Parte_4,0.25,34,
264.0,Rest,Parte_5,2.0,0,
264.0,Rest,Parte_6,2.0,0,
264.25,Note,Parte_4,0.25,46,
264.5,Chord,Parte_1,0.5,"[58, 63]",
264.5,Note,Parte_4,0.25,31,
264.75,Note,Parte_4,0.25,43,
265.0,Chord,Parte_1,0.5,"[51, 60]",
265.0,Note,Parte_4,0.25,32,
265.25,Note,Parte_4,0.25,44,
265.5,Chord,Parte_1,0.5,"[51, 56]",
265.5,Note,Parte_4,0.25,36,
265.75,Note,Parte_4,0.25,48,
266.0,Chord,Parte_1,1.0,"[49, 51, 58]",
266.0,Rest,Parte_2,2.0,0,
266.0,Rest,Parte_3,2.0,0,
266.0,Note,Parte_4,0.25,39,
266.0,Rest,Parte_5,2.0,0,
266.0,Rest,Parte_6,2.0,0,
266.25,Note,Parte_4,0.25,39,
266.5,Note,Parte_4,0.25,43,
266.75,Note,Parte_4,0.25,39,
267.0,Chord,Parte_1,0.5,"[48, 51, 56]",
267.0,Chord,Parte_4,0.5,"[32, 44]",
267.5,Chord,Parte_1,0.5,"[72, 80]",
267.5,Chord,Parte_4,0.5,"[56, 68]",
268.0,Chord,Parte_1,1.0,"[73, 82]",
268.0,Rest,Parte_2,2.0,0,
268.0,Rest,Parte_3,2.0,0,
268.0,Chord,Parte_4,1.0,"[63, 67]",
268.0,Rest,Parte_5,2.0,0,
268.0,Rest,Parte_6,2.0,0,
269.0,Chord,Parte_1,0.5,"[72, 80]",
269.0,Chord,Parte_4,0.5,"[56, 68]",
269.5,Note,Parte_1,0.5,84,
269.5,Note,Parte_4,0.5,72,
270.0,Note,Parte_1,0.875,82,
270.0,Rest,Parte_2,2.0,0,
270.0,Rest,Parte_3,2.0,0,
270.0,Note,Parte_4,0.875,70,
270.0,Rest,Parte_5,2.0,0,
270.0,Rest,Parte_6,2.0,0,
270.875,Note,Parte_1,0.125,80,
270.875,Note,Parte_4,0.125,68,
271.0,Note,Parte_1,0.5,79,
271.0,Note,Parte_4,0.5,67,
271.5,Note,Parte_1,0.5,77,
271.5,Note,Parte_4,0.5,65,
272.0,Note,Parte_1,1.0,76,
272.0,Rest,Parte_2,1.5,0,
272.0,Rest,Parte_3,1.5,0,
272.0,Rest,Parte_4,1.5,0,
272.0,Note,Parte_5,1.0,64,
272.0,Rest,Parte_6,1.5,0,
273.0,Rest,Parte_1,0.5,0,
273.0,Rest,Parte_5,0.5,0,
273.5,Note,Parte_1,0.5,77,
273.5,Note,Parte_2,0.0,76,
273.5,Note,Parte_2,0.0,77,
273.5,Tuplet 5:4,Parte_2,"[['Note', 0.125, 77, None], ['Note', 0.125, 79, None], ['Note', 0.125, 77, None], ['Note', 0.125, 76, None], ['Note', 0.125, 77, None]]"
273.5,Rest,Parte_3,0.5,0,
273.5,Rest,Parte_4,0.5,0,
273.5,Note,Parte_5,0.5,65,
273.5,Note,Parte_6,0.0,64,
273.5,Note,Parte_6,0.0,65,
273.5,Tuplet 5:4,Parte_6,"[['Note', 0.125, 65, None], ['Note', 0.125, 67, None], ['Note', 0.125, 65, None], ['Note', 0.125, 64, None], ['Note', 0.125, 65, None]]"
274.0,Note,Parte_1,0.875,79,
274.0,Rest,Parte_2,2.0,0,
274.0,Rest,Parte_3,2.0,0,
274.0,Note,Parte_4,0.875,67,
274.0,Rest,Parte_5,2.0,0,
274.0,Rest,Parte_6,2.0,0,
274.875,Note,Parte_1,0.125,77,
274.875,Note,Parte_4,0.125,65,
275.0,Note,Parte_1,0.5,76,
275.0,Note,Parte_4,0.5,64,
275.5,Note,Parte_1,0.5,74,
275.5,Note,Parte_4,0.5,62,
276.0,Note,Parte_1,1.0,72,
276.0,Rest,Parte_2,2.0,0,
276.0,Rest,Parte_3,2.0,0,
276.0,Note,Parte_4,1.0,60,
276.0,Rest,Parte_5,2.0,0,
276.0,Rest,Parte_6,2.0,0,
277.0,Rest,Parte_1,0.5,0,
277.0,Rest,Parte_4,0.5,0,
277.5,Rest,Parte_1,0.375,0,
277.5,Rest,Parte_4,0.375,0,
277.875,Tempo,95.0
277.875,Note,Parte_1,0.125,72,
277.875,Note,Parte_4,0.125,60,
278.0,Note,Parte_1,0.5,72,
278.0,Rest,Parte_2,2.0,0,
278.0,Rest,Parte_3,2.0,0,
278.0,Note,Parte_4,0.5,60,
278.0,Rest,Parte_5,2.0,0,
278.0,Rest,Parte_6,2.0,0,
278.5,Rest,Parte_1,0.375,0,
278.5,Rest,Parte_4,0.375,0,
278.875,Tempo,82.0
278.875,Note,Parte_1,0.125,72,
278.875,Note,Parte_4,0.125,60,
279.0,Note,Parte_1,0.5,72,
279.0,Note,Parte_4,0.5,60,
279.5,Rest,Parte_1,0.375,0,
279.5,Rest,Parte_4,0.375,0,
279.875,Tempo,66.0
279.875,Note,Parte_1,0.125,72,
279.875,Note,Parte_4,0.125,60,
280.0,Note,Parte_1,0.5,72,
280.0,Rest,Parte_2,2.0,0,
280.0,Rest,Parte_3,2.0,0,
280.0,Note,Parte_4,0.5,60,
280.0,Rest,Parte_5,2.0,0,
280.0,Rest,Parte_6,2.0,0,
280.5,Rest,Parte_1,0.5,0,
280.5,Rest,Parte_4,0.5,0,
281.0,Rest,Parte_1,0.5,0,
281.0,Rest,Parte_4,0.5,0,
281.5,Rest,Parte_1,0.375,0,
281.5,Rest,Parte_4,0.375,0,
281.875,Tempo,110.0
281.875,Chord,Parte_1,0.125,"[73, 85]",
281.875,Chord,Parte_4,0.125,"[37, 49]",
282.0,Chord,Parte_1,0.5,"[73, 85]",
282.0,Rest,Parte_2,2.0,0,
282.0,Rest,Parte_3,2.0,0,
282.0,Chord,Parte_4,0.5,"[37, 49]",
282.0,Rest,Parte_5,2.0,0,
282.0,Rest,Parte_6,2.0,0,
282.5,Note,Parte_1,0.25,66,
282.5,Note,Parte_4,0.25,58,
282.75,Note,Parte_1,0.25,70,
282.75,Note,Parte_4,0.25,61,
283.0,Note,Parte_1,0.25,68,
283.0,Note,Parte_4,0.25,59,
283.25,Note,Parte_1,0.25,71,
283.25,Note,Parte_4,0.25,61,
283.5,Note,Parte_1,0.25,65,
283.5,Note,Parte_4,0.25,56,
283.75,Note,Parte_1,0.25,68,
283.75,Note,Parte_4,0.25,61,
284.0,Note,Parte_1,0.25,66,
284.0,Rest,Parte_2,2.0,0,
284.0,Rest,Parte_3,2.0,0,
284.0,Note,Parte_4,0.25,58,
284.0,Rest,Parte_5,2.0,0,
284.0,Rest,Parte_6,2.0,0,
284.25,Note,Parte_1,0.25,70,
284.25,Note,Parte_4,0.25,61,
284.5,Note,Parte_1,0.25,66,
284.5,Note,Parte_4,0.25,58,
284.75,Note,Parte_1,0.25,70,
284.75,Note,Parte_4,0.25,61,
285.0,Note,Parte_1,0.25,68,
285.0,Note,Parte_4,0.25,59,
285.25,Note,Parte_1,0.25,71,
285.25,Note,Parte_4,0.25,61,
285.5,Note,Parte_1,0.25,65,
285.5,Note,Parte_4,0.25,56,
285.75,Note,Parte_1,0.25,68,
285.75,Note,Parte_4,0.25,61,
286.0,Note,Parte_1,0.25,66,
286.0,Rest,Parte_2,2.0,0,
286.0,Rest,Parte_3,2.0,0,
286.0,Note,Parte_4,0.5,58,
286.0,Rest,Parte_5,2.0,0,
286.0,Rest,Parte_6,2.0,0,
286.25,Note,Parte_1,0.25,70,
286.5,Note,Parte_1,0.25,73,
286.5,Rest,Parte_4,0.25,0,
286.75,Note,Parte_1,0.25,70,
286.75,Note,Parte_4,0.25,54,
287.0,Note,Parte_1,0.25,73,
287.0,Note,Parte_4,0.25,58,
287.25,Note,Parte_1,0.25,78,
287.25,Note,Parte_4,0.25,61,
287.5,Note,Parte_1,0.25,82,
287.5,Note,Parte_4,0.25,66,
287.75,Note,Parte_1,0.25,78,
287.75,Note,Parte_4,0.25,61,
288.0,Note,Parte_1,0.25,82,
288.0,Rest,Parte_2,2.0,0,
288.0,Rest,Parte_3,2.0,0,
288.0,Note,Parte_4,0.25,66,
288.0,Rest,Parte_5,2.0,0,
288.0,Rest,Parte_6,2.0,0,
288.25,Note,Parte_1,0.25,83,
288.25,Note,Parte_4,0.25,68,
288.5,Note,Parte_1,0.25,85,
288.5,Note,Parte_4,0.25,70,
288.75,Note,Parte_1,0.25,83,
288.75,Note,Parte_4,0.25,68,
289.0,Note,Parte_1,0.25,82,
289.0,Note,Parte_4,0.25,66,
289.25,Note,Parte_1,0.25,83,
289.25,Note,Parte_4,0.25,68,
289.5,Note,Parte_1,0.25,82,
289.5,Note,Parte_4,0.25,66,
289.75,Note,Parte_1,0.25,80,
289.75,Note,Parte_4,0.25,64,
290.0,Chord,Parte_1,0.5,"[75, 79, 87]",
290.0,Rest,Parte_2,2.0,0,
290.0,Rest,Parte_3,2.0,0,
290.0,Chord,Parte_4,0.5,"[39, 51]",
290.0,Rest,Parte_5,2.0,0,
290.0,Rest,Parte_6,2.0,0,
290.5,Note,Parte_1,0.25,63,
290.5,Note,Parte_4,0.25,55,
290.75,Note,Parte_1,0.25,67,
290.75,Note,Parte_4,0.25,58,
291.0,Note,Parte_1,0.25,65,
291.0,Note,Parte_4,0.25,56,
291.25,Note,Parte_1,0.25,68,
291.25,Note,Parte_4,0.25,59,
291.5,Note,Parte_1,0.25,62,
291.5,Note,Parte_4,0.25,53,
291.75,Note,Parte_1,0.25,65,
291.75,Note,Parte_4,0.25,56,
292.0,Note,Parte_1,0.25,63,
292.0,Rest,Parte_2,2.0,0,
292.0,Rest,Parte_3,2.0,0,
292.0,Note,Parte_4,0.25,55,
292.0,Rest,Parte_5,2.0,0,
292.0,Rest,Parte_6,2.0,0,
292.25,Note,Parte_1,0.25,67,
292.25,Note,Parte_4,0.25,58,
292.5,Note,Parte_1,0.25,63,
292.5,Note,Parte_4,0.25,55,
292.75,Note,Parte_1,0.25,67,
292.75,Note,Parte_4,0.25,58,
293.0,Note,Parte_1,0.25,65,
293.0,Note,Parte_4,0.25,56,
293.25,Note,Parte_1,0.25,68,
293.25,Note,Parte_4,0.25,59,
293.5,Note,Parte_1,0.25,62,
293.5,Note,Parte_4,0.25,53,
293.75,Note,Parte_1,0.25,65,
293.75,Note,Parte_4,0.25,56,
294.0,Note,Parte_1,0.25,63,
294.0,Rest,Parte_2,2.0,0,
294.0,Rest,Parte_3,2.0,0,
294.0,Chord,Parte_4,0.25,"[55, 58]",
294.0,Rest,Parte_5,2.0,0,
294.0,Rest,Parte_6,2.0,0,
294.25,Note,Parte_1,0.25,67,
294.25,Rest,Parte_4,0.25,0,
294.5,Note,Parte_1,0.25,70,
294.5,Rest,Parte_4,0.25,0,
294.75,Note,Parte_1,0.25,67,
294.75,Note,Parte_4,0.25,51,
295.0,Note,Parte_1,0.25,70,
295.0,Note,Parte_4,0.25,55,
295.25,Note,Parte_1,0.25,73,
295.25,Note,Parte_4,0.25,58,
295.5,Note,Parte_1,0.25,76,
295.5,Note,Parte_4,0.25,61,
295.75,Note,Parte_1,0.25,73,
295.75,Note,Parte_4,0.25,58,
296.0,Note,Parte_1,0.25,76,
296.0,Rest,Parte_2,2.0,0,
296.0,Rest,Parte_3,2.0,0,
296.0,Note,Parte_4,0.25,61,
296.0,Rest,Parte_5,2.0,0,
296.0,Rest,Parte_6,2.0,0,
296.25,Note,Parte_1,0.25,79,
296.25,Note,Parte_4,0.25,64,
296.5,Note,Parte_1,0.25,82,
296.5,Note,Parte_4,0.25,67,
296.75,Note,Parte_1,0.25,79,
296.75,Note,Parte_4,0.25,64,
297.0,Note,Parte_1,0.25,82,
297.0,Note,Parte_4,0.25,67,
297.25,Note,Parte_1,0.25,79,
297.25,Note,Parte_4,0.25,70,
297.5,Note,Parte_1,0.25,82,
297.5,Note,Parte_4,0.25,73,
297.75,Note,Parte_1,0.25,79,
297.75,Rest,Parte_4,0.125,0,
297.875,Chord,Parte_4,0.125,"[73, 76]",
298.0,Note,Parte_1,0.25,82,
298.0,Rest,Parte_2,2.0,0,
298.0,Rest,Parte_3,2.0,0,
298.0,Chord,Parte_4,0.5,"[73, 76]",
298.0,Rest,Parte_5,2.0,0,
298.0,Rest,Parte_6,2.0,0,
298.25,Note,Parte_1,0.25,79,
298.5,Note,Parte_1,0.25,82,
298.5,Rest,Parte_4,0.375,0,
298.75,Note,Parte_1,0.25,79,
298.875,Chord,Parte_4,0.125,"[73, 76]",
299.0,Note,Parte_1,0.25,82,
299.0,Chord,Parte_4,0.5,"[73, 76]",
299.25,Note,Parte_1,0.25,79,
299.5,Note,Parte_1,0.25,82,
299.5,Rest,Parte_4,0.375,0,
299.75,Note,Parte_1,0.25,79,
299.875,Chord,Parte_4,0.125,"[73, 76]",
300.0,Note,Parte_1,0.25,82,
300.0,Rest,Parte_2,2.0,0,
300.0,Rest,Parte_3,2.0,0,
300.0,Chord,Parte_4,0.5,"[73, 76]",
300.0,Rest,Parte_5,2.0,0,
300.0,Rest,Parte_6,2.0,0,
300.25,Note,Parte_1,0.25,79,
300.5,Note,Parte_1,0.25,82,
300.5,Rest,Parte_4,0.375,0,
300.75,Note,Parte_1,0.25,79,
300.875,Chord,Parte_4,0.125,"[73, 76]",
301.0,Note,Parte_1,0.25,80,
301.0,Chord,Parte_4,0.5,"[72, 75]",
301.25,Note,Parte_1,0.25,75,
301.5,Note,Parte_1,0.25,72,
301.5,Rest,Parte_4,0.375,0,
301.75,Note,Parte_1,0.25,68,
301.875,Chord,Parte_4,0.125,"[60, 63]",
302.0,Note,Parte_1,0.25,67,
302.0,Rest,Parte_2,2.0,0,
302.0,Rest,Parte_3,2.0,0,
302.0,Chord,Parte_4,0.5,"[61, 64]",
302.0,Rest,Parte_5,2.0,0,
302.0,Rest,Parte_6,2.0,0,
302.25,Note,Parte_1,0.25,79,
302.5,Note,Parte_1,0.25,82,
302.5,Rest,Parte_4,0.375,0,
302.75,Note,Parte_1,0.25,79,
302.875,Chord,Parte_4,0.125,"[61, 64]",
303.0,Note,Parte_1,0.25,82,
303.0,Chord,Parte_4,0.5,"[61, 64]",
303.25,Note,Parte_1,0.25,79,
303.5,Note,Parte_1,0.25,82,
303.5,Rest,Parte_4,0.375,0,
303.75,Note,Parte_1,0.25,79,
303.875,Chord,Parte_4,0.125,"[61, 64]",
304.0,Note,Parte_1,0.25,82,
304.0,Rest,Parte_2,2.0,0,
304.0,Rest,Parte_3,2.0,0,
304.0,Chord,Parte_4,0.5,"[61, 64]",
304.0,Rest,Parte_5,2.0,0,
304.0,Rest,Parte_6,2.0,0,
304.25,Note,Parte_1,0.25,79,
304.5,Note,Parte_1,0.25,82,
304.5,Rest,Parte_4,0.375,0,
304.75,Note,Parte_1,0.25,79,
304.875,Chord,Parte_4,0.125,"[61, 64]",
305.0,Note,Parte_1,0.25,80,
305.0,Chord,Parte_4,0.5,"[60, 63]",
305.25,Note,Parte_1,0.25,75,
305.5,Note,Parte_1,0.25,72,
305.5,Rest,Parte_4,0.375,0,
305.75,Note,Parte_1,0.25,68,
305.875,Chord,Parte_4,0.125,"[60, 63]",
306.0,Note,Parte_1,0.25,67,
306.0,Rest,Parte_2,2.0,0,
306.0,Rest,Parte_3,2.0,0,
306.0,Chord,Parte_4,0.5,"[61, 64]",
306.0,Rest,Parte_5,2.0,0,
306.0,Rest,Parte_6,2.0,0,
306.25,Note,Parte_1,0.25,79,
306.5,Note,Parte_1,0.25,82,
306.5,Rest,Parte_4,0.375,0,
306.75,Note,Parte_1,0.25,79,
306.875,Chord,Parte_4,0.125,"[61, 64]",
307.0,Note,Parte_1,0.25,80,
307.0,Chord,Parte_4,0.5,"[60, 63]",
307.25,Note,Parte_1,0.25,75,
307.5,Note,Parte_1,0.25,72,
307.5,Rest,Parte_4,0.375,0,
307.75,Note,Parte_1,0.25,68,
307.875,Chord,Parte_4,0.125,"[60, 63]",
308.0,Note,Parte_1,0.25,67,
308.0,Rest,Parte_2,2.0,0,
308.0,Rest,Parte_3,2.0,0,
308.0,Chord,Parte_4,0.5,"[61, 64]",
308.0,Rest,Parte_5,2.0,0,
308.0,Rest,Parte_6,2.0,0,
308.25,Note,Parte_1,0.25,79,
308.5,Note,Parte_1,0.25,82,
308.5,Rest,Parte_4,0.375,0,
308.75,Note,Parte_1,0.25,79,
308.875,Chord,Parte_4,0.125,"[61, 64]",
309.0,Note,Parte_1,0.25,80,
309.0,Chord,Parte_4,0.5,"[60, 63]",
309.25,Note,Parte_1,0.25,75,
309.5,Note,Parte_1,0.25,72,
309.5,Rest,Parte_4,0.375,0,
309.75,Note,Parte_1,0.25,68,
309.875,Note,Parte_4,0.125,48,
310.0,Note,Parte_1,0.25,65,
310.0,Rest,Parte_2,2.0,0,
310.0,Rest,Parte_3,2.0,0,
310.0,Rest,Parte_4,0.5,0,
310.0,Note,Parte_5,0.5,49,
310.0,Rest,Parte_6,2.0,0,
310.25,Note,Parte_1,0.25,61,
310.5,Rest,Parte_1,1.5,0,
310.5,Note,Parte_4,0.25,56,
310.5,Rest,Parte_5,0.375,0,
310.75,Note,Parte_4,0.25,53,
310.875,Note,Parte_5,0.125,37,
311.0,Note,Parte_4,0.25,51,
311.0,Note,Parte_5,0.5,39,
311.25,Note,Parte_4,0.25,46,
311.5,Note,Parte_4,0.25,43,
311.5,Rest,Parte_5,0.375,0,
311.75,Note,Parte_4,0.25,55,
311.875,Note,Parte_5,0.125,39,
312.0,Rest,Parte_1,0.5,0,
312.0,Rest,Parte_2,2.0,0,
312.0,Rest,Parte_3,2.0,0,
312.0,Note,Parte_4,0.5,56,
312.0,Note,Parte_5,0.25,32,
312.0,Rest,Parte_6,2.0,0,
312.25,Note,Parte_5,0.25,51,
312.5,Rest,Parte_1,0.25,0,
312.5,Rest,Parte_4,1.5,0,
312.5,Note,Parte_5,0.25,56,
312.75,Note,Parte_1,0.25,63,
312.75,Note,Parte_5,0.25,51,
313.0,Note,Parte_1,0.5,60,
313.0,Note,Parte_5,0.25,56,
313.25,Note,Parte_5,0.25,51,
313.5,Rest,Parte_1,0.25,0,
313.5,Note,Parte_5,0.25,56,
313.75,Note,Parte_1,0.25,68,
313.75,Note,Parte_5,0.25,51,
314.0,Note,Parte_1,0.5,63,
314.0,Rest,Parte_2,2.0,0,
314.0,Rest,Parte_3,2.0,0,
314.0,Chord,Parte_4,0.25,"[56, 60]",
314.0,Rest,Parte_5,2.0,0,
314.0,Rest,Parte_6,2.0,0,
314.25,Chord,Parte_4,0.25,"[51, 56]",
314.5,Rest,Parte_1,0.25,0,
314.5,Chord,Parte_4,0.25,"[56, 60]",
314.75,Note,Parte_1,0.25,72,
314.75,Chord,Parte_4,0.25,"[51, 56]",
315.0,Note,Parte_1,0.25,67,
315.0,Chord,Parte_4,0.25,"[58, 61]",
315.25,Note,Parte_1,0.25,73,
315.25,Chord,Parte_4,0.25,"[51, 58]",
315.5,Note,Parte_1,0.25,70,
315.5,Chord,Parte_4,0.25,"[58, 61]",
315.75,Note,Parte_1,0.25,67,
315.75,Chord,Parte_4,0.25,"[51, 58]",
316.0,Note,Parte_1,0.5,68,
316.0,Rest,Parte_2,2.0,0,
316.0,Rest,Parte_3,2.0,0,
316.0,Note,Parte_4,0.25,44,
316.0,Rest,Parte_5,2.0,0,
316.0,Rest,Parte_6,2.0,0,
316.25,Chord,Parte_4,0.25,"[51, 56]",
316.5,Rest,Parte_1,0.25,0,
316.5,Chord,Parte_4,0.25,"[56, 60]",
316.75,Note,Parte_1,0.25,75,
316.75,Chord,Parte_4,0.25,"[51, 56]",
317.0,Note,Parte_1,0.5,72,
317.0,Chord,Parte_4,0.25,"[56, 60]",
317.25,Chord,Parte_4,0.25,"[51, 56]",
317.5,Rest,Parte_1,0.25,0,
317.5,Chord,Parte_4,0.25,"[56, 60]",
317.75,Note,Parte_1,0.25,80,
317.75,Chord,Parte_4,0.25,"[51, 56]",
318.0,Note,Parte_1,0.5,75,
318.0,Rest,Parte_2,2.0,0,
318.0,Rest,Parte_3,2.0,0,
318.0,Chord,Parte_4,0.25,"[56, 60]",
318.0,Rest,Parte_5,2.0,0,
318.0,Rest,Parte_6,2.0,0,
318.25,Chord,Parte_4,0.25,"[51, 56]",
318.5,Rest,Parte_1,0.25,0,
318.5,Chord,Parte_4,0.25,"[56, 60]",
318.75,Note,Parte_1,0.25,84,
318.75,Chord,Parte_4,0.25,"[51, 56]",
319.0,Note,Parte_1,0.25,79,
319.0,Chord,Parte_4,0.25,"[58, 61]",
319.25,Note,Parte_1,0.25,85,
319.25,Chord,Parte_4,0.25,"[51, 58]",
319.5,Note,Parte_1,0.25,82,
319.5,Chord,Parte_4,0.25,"[58, 61]",
319.75,Note,Parte_1,0.25,79,
319.75,Chord,Parte_4,0.25,"[51, 58]",
320.0,Note,Parte_1,0.5,80,
320.0,Rest,Parte_2,2.0,0,
320.0,Rest,Parte_3,2.0,0,
320.0,Note,Parte_4,0.25,44,
320.0,Rest,Parte_5,2.0,0,
320.0,Rest,Parte_6,2.0,0,
320.25,Chord,Parte_4,0.25,"[51, 56]",
320.5,Rest,Parte_1,0.25,0,
320.5,Chord,Parte_4,0.25,"[56, 60]",
320.75,Note,Parte_1,0.25,72,
320.75,Chord,Parte_4,0.25,"[51, 56]",
321.0,Note,Parte_1,0.25,67,
321.0,Chord,Parte_4,0.25,"[58, 61]",
321.25,Note,Parte_1,0.25,73,
321.25,Chord,Parte_4,0.25,"[51, 58]",
321.5,Note,Parte_1,0.25,70,
321.5,Chord,Parte_4,0.25,"[58, 61]",
321.75,Note,Parte_1,0.25,67,
321.75,Chord,Parte_4,0.25,"[51, 58]",
322.0,Note,Parte_1,0.5,68,
322.0,Rest,Parte_2,2.0,0,
322.0,Rest,Parte_3,2.0,0,
322.0,Note,Parte_4,0.25,44,
322.0,Rest,Parte_5,2.0,0,
322.0,Rest,Parte_6,2.0,0,
322.25,Chord,Parte_4,0.25,"[51, 56]",
322.5,Rest,Parte_1,0.25,0,
322.5,Chord,Parte_4,0.25,"[56, 60]",
322.75,Note,Parte_1,0.25,84,
322.75,Chord,Parte_4,0.25,"[51, 56]",
323.0,Note,Parte_1,0.25,79,
323.0,Chord,Parte_4,0.25,"[58, 61]",
323.25,Note,Parte_1,0.25,85,
323.25,Chord,Parte_4,0.25,"[51, 58]",
323.5,Note,Parte_1,0.25,82,
323.5,Chord,Parte_4,0.25,"[58, 61]",
323.75,Note,Parte_1,0.25,79,
323.75,Chord,Parte_4,0.25,"[51, 58]",
324.0,Note,Parte_1,0.25,80,
324.0,Rest,Parte_2,2.0,0,
324.0,Rest,Parte_3,2.0,0,
324.0,Chord,Parte_4,0.5,"[56, 60]",
324.0,Rest,Parte_5,2.0,0,
324.0,Rest,Parte_6,2.0,0,
324.25,Note,Parte_1,0.25,84,
324.5,Note,Parte_1,0.25,75,
324.5,Rest,Parte_4,0.5,0,
324.75,Note,Parte_1,0.25,80,
325.0,Note,Parte_1,0.25,72,
325.0,Rest,Parte_4,1.0,0,
325.25,Note,Parte_1,0.25,75,
325.5,Note,Parte_1,0.25,73,
325.75,Note,Parte_1,0.25,70,
326.0,Note,Parte_1,0.25,68,
326.0,Rest,Parte_2,2.0,0,
326.0,Rest,Parte_3,2.0,0,
326.0,Note,Parte_4,0.25,56,
326.0,Rest,Parte_5,2.0,0,
326.0,Rest,Parte_6,2.0,0,
326.25,Note,Parte_1,0.25,72,
326.25,Note,Parte_4,0.25,60,
326.5,Note,Parte_1,0.25,63,
326.5,Note,Parte_4,0.25,51,
326.75,Note,Parte_1,0.25,68,
326.75,Note,Parte_4,0.25,56,
327.0,Note,Parte_1,0.25,60,
327.0,Note,Parte_4,0.25,48,
327.25,Note,Parte_1,0.25,63,
327.25,Note,Parte_4,0.25,51,
327.5,Note,Parte_1,0.25,61,
327.5,Note,Parte_4,0.25,49,
327.75,Note,Parte_1,0.25,58,
327.75,Note,Parte_4,0.25,46,
328.0,Rest,Parte_1,2.0,0,
328.0,Rest,Parte_2,2.0,0,
328.0,Rest,Parte_3,2.0,0,
328.0,Note,Parte_4,0.25,56,
328.0,Note,Parte_5,0.25,44,
328.0,Rest,Parte_6,2.0,0,
328.25,Note,Parte_4,0.25,59,
328.25,Note,Parte_5,0.25,47,
328.5,Note,Parte_4,0.25,60,
328.5,Note,Parte_5,0.25,48,
328.75,Note,Parte_4,0.25,55,
328.75,Note,Parte_5,0.25,43,
329.0,Note,Parte_4,0.25,56,
329.0,Note,Parte_5,0.25,44,
329.25,Note,Parte_4,0.25,52,
329.25,Note,Parte_5,0.25,40,
329.5,Note,Parte_4,0.25,53,
329.5,Note,Parte_5,0.25,41,
329.75,Note,Parte_4,0.25,48,
329.75,Note,Parte_5,0.25,36,
330.0,Rest,Parte_1,2.0,0,
330.0,Rest,Parte_2,2.0,0,
330.0,Rest,Parte_3,2.0,0,
330.0,Note,Parte_4,0.25,49,
330.0,Note,Parte_5,0.25,37,
330.0,Rest,Parte_6,2.0,0,
330.25,Note,Parte_4,0.25,60,
330.25,Note,Parte_5,0.25,48,
330.5,Note,Parte_4,0.25,61,
330.5,Note,Parte_5,0.25,49,
330.75,Note,Parte_4,0.25,57,
330.75,Note,Parte_5,0.25,45,
331.0,Note,Parte_4,0.25,58,
331.0,Note,Parte_5,0.25,46,
331.25,Note,Parte_4,0.25,54,
331.25,Note,Parte_5,0.25,42,
331.5,Note,Parte_4,0.25,55,
331.5,Note,Parte_5,0.25,43,
331.75,Note,Parte_4,0.25,50,
331.75,Note,Parte_5,0.25,38,
332.0,Rest,Parte_1,1.25,0,
332.0,Rest,Parte_2,2.0,0,
332.0,Rest,Parte_3,2.0,0,
332.0,Note,Parte_4,0.25,51,
332.0,Note,Parte_5,0.25,39,
332.0,Rest,Parte_6,2.0,0,
332.25,Note,Parte_4,0.25,53,
332.25,Note,Parte_5,0.25,41,
332.5,Note,Parte_4,0.25,55,
332.5,Note,Parte_5,0.25,43,
332.75,Note,Parte_4,0.25,56,
332.75,Note,Parte_5,0.25,44,
333.0,Note,Parte_4,0.25,58,
333.0,Note,Parte_5,0.25,46,
333.25,Note,Parte_1,0.25,60,
333.25,Rest,Parte_4,0.75,0,
333.25,Note,Parte_5,0.25,48,
333.5,Note,Parte_1,0.25,61,
333.5,Note,Parte_5,0.25,49,
333.75,Note,Parte_1,0.25,63,
333.75,Note,Parte_5,0.25,51,
334.0,Note,Parte_1,0.25,65,
334.0,Rest,Parte_2,2.0,0,
334.0,Rest,Parte_3,2.0,0,
334.0,Note,Parte_4,0.25,53,
334.0,Rest,Parte_5,2.0,0,
334.0,Rest,Parte_6,2.0,0,
334.25,Note,Parte_1,0.25,67,
334.25,Note,Parte_4,0.25,55,
334.5,Note,Parte_1,0.25,68,
334.5,Note,Parte_4,0.25,56,
334.75,Note,Parte_1,0.25,70,
334.75,Note,Parte_4,0.25,58,
335.0,Note,Parte_1,0.25,72,
335.0,Note,Parte_4,0.25,60,
335.25,Note,Parte_1,0.25,67,
335.25,Note,Parte_4,0.25,55,
335.5,Note,Parte_1,0.25,68,
335.5,Note,Parte_4,0.25,56,
335.75,Note,Parte_1,0.25,64,
335.75,Note,Parte_4,0.25,52,
336.0,Note,Parte_1,0.25,65,
336.0,Rest,Parte_2,2.0,0,
336.0,Rest,Parte_3,2.0,0,
336.0,Note,Parte_4,0.25,53,
336.0,Rest,Parte_5,2.0,0,
336.0,Rest,Parte_6,2.0,0,
336.25,Note,Parte_1,0.25,60,
336.25,Note,Parte_4,0.25,48,
336.5,Note,Parte_1,0.25,61,
336.5,Note,Parte_4,0.25,49,
336.75,Note,Parte_1,0.25,57,
336.75,Note,Parte_4,0.25,45,
337.0,Note,Parte_1,0.25,58,
337.0,Note,Parte_4,0.25,46,
337.25,Note,Parte_1,0.25,60,
337.25,Note,Parte_4,0.25,48,
337.5,Note,Parte_1,0.25,61,
337.5,Note,Parte_4,0.25,49,
337.75,Note,Parte_1,0.25,62,
337.75,Note,Parte_4,0.25,50,
338.0,Note,Parte_1,0.5,63,
338.0,Rest,Parte_2,2.0,0,
338.0,Rest,Parte_3,2.0,0,
338.0,Rest,Parte_4,1.0,0,
338.0,Note,Parte_5,0.5,51,
338.0,Rest,Parte_6,2.0,0,
338.5,Rest,Parte_1,0.5,0,
338.5,Rest,Parte_5,0.5,0,
339.0,Rest,Parte_1,0.5,0,
339.0,Note,Parte_4,0.5,51,
339.0,Note,Parte_5,0.5,39,
339.5,Rest,Parte_1,0.5,0,
339.5,Rest,Parte_4,0.5,0,
339.5,Rest,Parte_5,0.5,0,
340.0,Rest,Parte_1,0.5,0,
340.0,Rest,Parte_2,2.0,0,
340.0,Rest,Parte_3,2.0,0,
340.0,Note,Parte_4,0.5,44,
340.0,Note,Parte_5,0.5,32,
340.0,Rest,Parte_6,2.0,0,
340.5,Rest,Parte_1,0.5,0,
340.5,Rest,Parte_4,1.5,0,
340.5,Rest,Parte_5,0.5,0,
341.0,Chord,Parte_1,0.5,"[75, 87]",
341.0,Chord,Parte_5,0.5,"[51, 63]",
341.5,Rest,Parte_1,0.5,0,
341.5,Rest,Parte_5,0.5,0,
342.0,Chord,Parte_1,0.5,"[68, 80]",
342.0,Rest,Parte_2,2.0,0,
342.0,Rest,Parte_3,2.0,0,
342.0,Chord,Parte_4,0.5,"[44, 56]",
342.0,Rest,Parte_5,2.0,0,
342.0,Rest,Parte_6,2.0,0,
342.5,Rest,Parte_1,0.5,0,
342.5,Rest,Parte_4,0.5,0,
343.0,Chord,Parte_1,0.5,"[63, 75]",
343.0,Chord,Parte_4,0.5,"[39, 51]",
343.5,Chord,Parte_1,0.5,"[63, 75]",
343.5,Chord,Parte_4,0.5,"[39, 51]",
344.0,Chord,Parte_1,0.5,"[56, 68]",
344.0,Rest,Parte_2,2.0,0,
344.0,Rest,Parte_3,2.0,0,
344.0,Chord,Parte_4,0.5,"[32, 44]",
344.0,Rest,Parte_5,2.0,0,
344.0,Rest,Parte_6,2.0,0,
344.5,Rest,Parte_1,0.5,0,
344.5,Rest,Parte_4,0.5,0,
345.0,Rest,Parte_1,1.0,0,
345.0,Rest,Parte_4,1.0,0,
