0.0,Formula de Compasso,3/4
0.0,Note,Parte_1,0.75,60,
0.0,Rest,Parte_2,3.0,0,
0.0,Rest,Parte_3,3.0,0,
0.0,Rest,Parte_4,3.0,0,
0.0,Rest,Parte_5,3.0,0,
0.75,Note,Parte_1,0.25,60,
1.0,Rest,Parte_1,2.0,0,
3.0,Note,Parte_1,0.25,69,
3.0,Rest,Parte_2,3.0,0,
3.0,Note,Parte_3,1.0,60,
3.0,Note,Parte_4,2.0,53,
3.0,Rest,Parte_5,3.0,0,
3.25,Tuplet 3:2,Parte_1,"[['Note', 0.125, 70, None], ['Note', 0.125, 69, None], ['Note', 0.125, 67, None]]"
3.5,Note,Parte_1,0.25,69,
3.75,Note,Parte_1,0.25,72,
4.0,Note,Parte_1,0.5,70,
4.0,Note,Parte_3,0.5,62,
4.5,Note,Parte_1,0.5,69,
4.5,Note,Parte_3,0.5,60,
5.0,Note,Parte_1,0.5,67,
5.0,Note,Parte_3,0.5,58,
5.0,Note,Parte_4,1.0,53,
5.5,Note,Parte_1,0.5,65,
5.5,Note,Parte_3,0.5,57,
6.0,Note,Parte_1,1.0,65,
6.0,Rest,Parte_2,3.0,0,
6.0,Note,Parte_3,1.5,48,
6.0,Note,Parte_4,1.0,57,
6.0,Rest,Parte_5,3.0,0,
7.0,Note,Parte_1,0.5,64,
7.0,Note,Parte_4,0.5,55,
7.5,Note,Parte_1,0.5,60,
7.5,Rest,Parte_3,0.5,0,
7.5,Rest,Parte_4,0.5,0,
8.0,Chord,Parte_1,0.5,"[59, 62]",
8.0,Rest,Parte_3,1.0,0,
8.0,Rest,Parte_4,1.0,0,
8.5,Chord,Parte_1,0.5,"[58, 64]",
9.0,Note,Parte_1,0.5,65,
9.0,Note,Parte_2,1.0,65,
9.0,Chord,Parte_3,1.0,"[57, 60]",
9.0,Rest,Parte_4,3.0,0,
9.0,Rest,Parte_5,3.0,0,
9.5,Note,Parte_1,0.25,72,
9.75,Rest,Parte_1,0.25,0,
10.0,Note,Parte_1,0.5,72,
10.0,Note,Parte_2,1.0,67,
10.0,Chord,Parte_3,1.0,"[52, 60]",
10.5,Note,Parte_1,0.25,70,
10.75,Rest,Parte_1,0.25,0,
11.0,Note,Parte_1,0.5,70,
11.0,Note,Parte_2,1.0,65,
11.0,Chord,Parte_3,1.0,"[53, 60]",
11.5,Note,Parte_1,0.25,69,
11.75,Rest,Parte_1,0.25,0,
12.0,Chord,Parte_1,1.0,"[65, 69]",
12.0,Rest,Parte_2,3.0,0,
12.0,Chord,Parte_3,1.5,"[48, 60]",
12.0,Rest,Parte_4,3.0,0,
12.0,Rest,Parte_5,3.0,0,
13.0,Chord,Parte_1,0.25,"[64, 67]",
13.25,Note,Parte_1,0.25,60,
13.5,Note,Parte_1,0.25,62,
13.5,Rest,Parte_3,0.5,0,
13.75,Note,Parte_1,0.25,64,
14.0,Note,Parte_1,0.25,65,
14.0,Rest,Parte_3,1.0,0,
14.25,Note,Parte_1,0.25,66,
14.5,Note,Parte_1,0.25,67,
14.75,Note,Parte_1,0.25,68,
15.0,Note,Parte_1,0.25,69,
15.0,Rest,Parte_2,3.0,0,
15.0,Note,Parte_3,1.0,60,
15.0,Note,Parte_4,2.0,53,
15.0,Rest,Parte_5,3.0,0,
15.25,Tuplet 3:2,Parte_1,"[['Note', 0.125, 70, None], ['Note', 0.125, 69, None], ['Note', 0.125, 67, None]]"
15.5,Note,Parte_1,0.25,69,
15.75,Note,Parte_1,0.25,72,
16.0,Note,Parte_1,0.5,70,
16.0,Note,Parte_3,0.5,62,
16.5,Chord,Parte_1,0.5,"[65, 69]",
16.5,Note,Parte_3,0.5,60,
17.0,Chord,Parte_1,0.5,"[64, 67]",
17.0,Note,Parte_3,0.5,58,
17.0,Note,Parte_4,1.0,53,
17.5,Note,Parte_1,0.5,65,
17.5,Note,Parte_3,0.5,57,
18.0,Chord,Parte_1,1.0,"[65, 74]",
18.0,Rest,Parte_2,2.0,0,
18.0,Rest,Parte_3,2.0,0,
18.0,Chord,Parte_4,1.0,"[58, 62]",
18.0,Rest,Parte_5,3.0,0,
19.0,Chord,Parte_1,1.0,"[67, 76]",
19.0,Chord,Parte_4,1.0,"[58, 60]",
20.0,Note,Parte_1,1.0,72,
20.0,Note,Parte_2,0.25,79,
20.0,Rest,Parte_3,1.0,0,
20.0,Chord,Parte_4,1.0,"[57, 65]",
20.25,Note,Parte_2,0.25,77,
20.5,Note,Parte_2,0.25,76,
20.75,Note,Parte_2,0.25,77,
21.0,Note,Parte_1,0.25,76,
21.0,Rest,Parte_2,3.0,0,
21.0,Chord,Parte_3,1.0,"[58, 65]",
21.0,Rest,Parte_4,3.0,0,
21.0,Rest,Parte_5,3.0,0,
21.25,Note,Parte_1,0.25,74,
21.5,Note,Parte_1,0.25,72,
21.75,Note,Parte_1,0.25,70,
22.0,Note,Parte_1,0.75,69,
22.0,Chord,Parte_3,1.0,"[60, 65]",
22.75,Note,Parte_1,0.0625,69,
22.8125,Tuplet 3:2,Parte_1,"[['Note', 0.03125, 70, None], ['Note', 0.03125, 69, None], ['Note', 0.03125, 67, None]]"
22.875,Note,Parte_1,0.125,69,
23.0,Note,Parte_1,0.25,72,
23.0,Note,Parte_3,0.25,48,
23.25,Note,Parte_1,0.25,70,
23.25,Note,Parte_3,0.25,52,
23.5,Note,Parte_1,0.25,67,
23.5,Note,Parte_3,0.25,55,
23.75,Note,Parte_1,0.25,64,
23.75,Note,Parte_3,0.25,58,
24.0,Chord,Parte_1,1.0,"[64, 67]",
24.0,Rest,Parte_2,3.0,0,
24.0,Chord,Parte_3,1.0,"[53, 58]",
24.0,Rest,Parte_4,3.0,0,
24.0,Rest,Parte_5,3.0,0,
25.0,Note,Parte_1,0.5,65,
25.0,Chord,Parte_3,0.5,"[53, 57]",
25.5,Rest,Parte_1,0.5,0,
25.5,Rest,Parte_3,0.5,0,
26.0,Note,Parte_1,0.75,72,
26.0,Rest,Parte_3,1.0,0,
26.75,Note,Parte_1,0.25,77,
27.0,Note,Parte_1,1.0,77,
27.0,Rest,Parte_2,3.0,0,
27.0,Note,Parte_3,0.25,55,
27.0,Note,Parte_4,3.0,48,
27.0,Rest,Parte_5,3.0,0,
27.25,Note,Parte_3,0.25,58,
27.5,Note,Parte_3,0.25,60,
27.75,Note,Parte_3,0.25,58,
28.0,Note,Parte_1,1.0,76,
28.0,Note,Parte_3,0.25,55,
28.25,Note,Parte_3,0.25,58,
28.5,Note,Parte_3,0.25,60,
28.75,Note,Parte_3,0.25,58,
29.0,Note,Parte_1,0.25,77,
29.0,Note,Parte_3,0.25,53,
29.25,Tuplet 3:2,Parte_1,"[['Note', 0.125, 79, None], ['Note', 0.125, 77, None], ['Note', 0.125, 76, None]]"
29.25,Note,Parte_3,0.25,57,
29.5,Note,Parte_1,0.25,77,
29.5,Note,Parte_3,0.25,60,
29.75,Note,Parte_1,0.25,81,
29.75,Note,Parte_3,0.25,57,
30.0,Note,Parte_1,1.0,84,
30.0,Rest,Parte_2,3.0,0,
30.0,Note,Parte_3,0.25,52,
30.0,Note,Parte_4,3.0,48,
30.0,Rest,Parte_5,3.0,0,
30.25,Note,Parte_3,0.25,55,
30.5,Note,Parte_3,0.25,60,
30.75,Note,Parte_3,0.25,55,
31.0,Note,Parte_1,0.25,83,
31.0,Note,Parte_3,0.25,52,
31.25,Note,Parte_1,0.25,84,
31.25,Note,Parte_3,0.25,55,
31.5,Note,Parte_1,0.25,86,
31.5,Note,Parte_3,0.25,60,
31.75,Note,Parte_1,0.25,84,
31.75,Note,Parte_3,0.25,55,
32.0,Note,Parte_1,0.25,82,
32.0,Note,Parte_3,0.25,53,
32.25,Note,Parte_1,0.25,81,
32.25,Note,Parte_3,0.25,57,
32.5,Note,Parte_1,0.25,79,
32.5,Note,Parte_3,0.25,60,
32.75,Note,Parte_1,0.25,77,
32.75,Note,Parte_3,0.25,57,
33.0,Note,Parte_1,1.0,77,
33.0,Rest,Parte_2,3.0,0,
33.0,Note,Parte_3,0.25,55,
33.0,Note,Parte_4,3.0,48,
33.0,Rest,Parte_5,3.0,0,
33.25,Note,Parte_3,0.25,58,
33.5,Note,Parte_3,0.25,60,
33.75,Note,Parte_3,0.25,58,
34.0,Note,Parte_1,1.0,76,
34.0,Note,Parte_3,0.25,55,
34.25,Note,Parte_3,0.25,58,
34.5,Note,Parte_3,0.25,60,
34.75,Note,Parte_3,0.25,58,
35.0,Note,Parte_1,0.125,77,
35.0,Note,Parte_3,0.25,57,
35.125,Tuplet 3:2,Parte_1,"[['Note', 0.0625, 79, None], ['Note', 0.0625, 77, None], ['Note', 0.0625, 76, None]]"
35.25,Note,Parte_1,0.125,77,
35.25,Note,Parte_3,0.25,60,
35.375,Note,Parte_1,0.125,79,
35.5,Note,Parte_1,0.125,81,
35.5,Note,Parte_3,0.25,57,
35.625,Tuplet 3:2,Parte_1,"[['Note', 0.0625, 82, None], ['Note', 0.0625, 81, None], ['Note', 0.0625, 79, None]]"
35.75,Note,Parte_1,0.125,81,
35.75,Note,Parte_3,0.25,53,
35.875,Note,Parte_1,0.125,83,
36.0,Note,Parte_1,0.5,86,
36.0,Rest,Parte_2,3.0,0,
36.0,Note,Parte_3,0.25,48,
36.0,Rest,Parte_4,3.0,0,
36.0,Rest,Parte_5,3.0,0,
36.25,Note,Parte_3,0.25,52,
36.5,Note,Parte_1,0.5,84,start
36.5,Note,Parte_3,0.25,55,
36.75,Note,Parte_3,0.25,60,
37.0,Note,Parte_1,0.25,84,stop
37.0,Note,Parte_3,0.25,64,
37.25,Note,Parte_1,0.25,83,
37.25,Note,Parte_3,0.25,67,
37.5,Note,Parte_1,0.25,86,
37.5,Note,Parte_3,0.25,60,
37.75,Note,Parte_1,0.25,84,
37.75,Note,Parte_3,0.25,64,
38.0,Note,Parte_1,0.25,84,
38.0,Note,Parte_3,0.25,62,
38.25,Note,Parte_1,0.25,82,
38.25,Note,Parte_3,0.25,65,
38.5,Note,Parte_1,0.25,81,
38.5,Note,Parte_3,0.25,64,
38.75,Note,Parte_1,0.25,82,
38.75,Note,Parte_3,0.25,67,
39.0,Note,Parte_1,0.25,81,
39.0,Rest,Parte_2,3.0,0,
39.0,Note,Parte_3,0.25,65,
39.0,Note,Parte_4,2.0,65,
39.0,Rest,Parte_5,3.0,0,
39.25,Tuplet 3:2,Parte_1,"[['Note', 0.125, 82, None], ['Note', 0.125, 81, None], ['Note', 0.125, 79, None]]"
39.25,Note,Parte_3,0.25,72,
39.5,Note,Parte_1,0.25,81,
39.5,Note,Parte_3,0.25,77,
39.75,Note,Parte_1,0.25,84,
39.75,Note,Parte_3,0.25,76,
40.0,Note,Parte_1,0.5,82,
40.0,Note,Parte_3,0.5,74,
40.5,Chord,Parte_1,0.5,"[77, 81]",
40.5,Note,Parte_3,0.5,72,
41.0,Chord,Parte_1,0.5,"[76, 79]",
41.0,Note,Parte_3,0.5,70,
41.0,Note,Parte_4,1.0,65,
41.5,Note,Parte_1,0.5,77,
41.5,Note,Parte_3,0.5,69,
42.0,Chord,Parte_1,1.0,"[72, 76]",
42.0,Rest,Parte_2,3.0,0,
42.0,Chord,Parte_3,1.5,"[58, 65]",
42.0,Rest,Parte_4,3.0,0,
42.0,Rest,Parte_5,3.0,0,
43.0,Chord,Parte_1,0.5,"[70, 74]",
43.5,Rest,Parte_1,0.5,0,
43.5,Rest,Parte_3,0.5,0,
44.0,Chord,Parte_1,0.75,"[74, 86]",
44.0,Chord,Parte_3,0.75,"[58, 64]",
44.75,Chord,Parte_1,0.25,"[72, 84]",
44.75,Chord,Parte_3,0.25,"[57, 65]",
45.0,Note,Parte_1,0.25,84,
45.0,Rest,Parte_2,1.0,0,
45.0,Chord,Parte_3,1.0,"[57, 65]",
45.0,Rest,Parte_4,1.0,0,
45.0,Rest,Parte_5,3.0,0,
45.25,Note,Parte_1,0.25,89,
45.5,Note,Parte_1,0.25,88,
45.75,Note,Parte_1,0.25,86,
46.0,Note,Parte_1,0.25,85,
46.0,Rest,Parte_2,2.0,0,
46.0,Note,Parte_3,0.25,58,
46.0,Note,Parte_4,1.0,58,
46.25,Note,Parte_1,0.0,88,
46.25,Note,Parte_1,0.25,86,
46.25,Note,Parte_3,0.25,62,
46.5,Note,Parte_1,0.25,84,
46.5,Note,Parte_3,0.25,67,
46.75,Note,Parte_1,0.25,82,
46.75,Note,Parte_3,0.25,70,
47.0,Note,Parte_1,0.25,81,
47.0,Note,Parte_3,0.25,65,
47.0,Note,Parte_4,1.0,60,
47.25,Note,Parte_1,0.25,84,
47.25,Note,Parte_3,0.25,69,
47.5,Note,Parte_1,0.25,82,
47.5,Note,Parte_3,0.25,67,
47.75,Note,Parte_1,0.25,79,
47.75,Note,Parte_3,0.25,64,
48.0,Chord,Parte_1,1.0,"[70, 79]",
48.0,Rest,Parte_2,3.0,0,
48.0,Note,Parte_3,1.0,64,
48.0,Note,Parte_4,1.5,53,
48.0,Rest,Parte_5,3.0,0,
49.0,Chord,Parte_1,0.5,"[69, 77]",
49.0,Note,Parte_3,0.5,65,
49.5,Rest,Parte_1,0.5,0,
49.5,Rest,Parte_3,0.5,0,
49.5,Rest,Parte_4,0.5,0,
50.0,Note,Parte_1,0.5,81,
50.0,Rest,Parte_3,1.0,0,
50.0,Rest,Parte_4,1.0,0,
50.5,Tuplet 3:2,Parte_1,"[['Note', 0.125, 82, None], ['Note', 0.125, 81, None], ['Note', 0.125, 80, None]]"
50.75,Note,Parte_1,0.25,81,
51.0,Note,Parte_1,1.0,86,
51.0,Rest,Parte_2,0.25,0,
51.0,Rest,Parte_3,1.0,0,
51.0,Rest,Parte_4,0.25,0,
51.0,Rest,Parte_5,3.0,0,
51.25,Chord,Parte_2,0.25,"[62, 65]",
51.25,Rest,Parte_4,0.75,0,
51.5,Chord,Parte_2,0.25,"[64, 67]",
51.75,Chord,Parte_2,0.25,"[65, 69]",
52.0,Rest,Parte_1,1.0,0,
52.0,Rest,Parte_2,0.25,0,
52.0,Note,Parte_3,1.0,50,
52.0,Rest,Parte_4,0.25,0,
52.25,Chord,Parte_2,0.25,"[65, 69]",
52.25,Rest,Parte_4,0.75,0,
52.5,Chord,Parte_2,0.25,"[64, 68]",
52.75,Chord,Parte_2,0.25,"[65, 69]",
53.0,Chord,Parte_1,0.75,"[74, 86]",
53.0,Rest,Parte_2,0.25,0,
53.0,Rest,Parte_3,1.0,0,
53.0,Rest,Parte_4,0.25,0,
53.25,Chord,Parte_2,0.25,"[65, 69]",
53.25,Rest,Parte_4,0.75,0,
53.5,Chord,Parte_2,0.25,"[64, 67]",
53.75,Chord,Parte_1,0.25,"[74, 86]",
53.75,Chord,Parte_2,0.25,"[62, 65]",
54.0,Chord,Parte_1,1.0,"[74, 86]",
54.0,Rest,Parte_2,0.25,0,
54.0,Rest,Parte_3,0.25,0,
54.0,Rest,Parte_4,3.0,0,
54.0,Rest,Parte_5,3.0,0,
54.25,Chord,Parte_2,0.25,"[64, 67]",
54.25,Rest,Parte_3,0.75,0,
54.5,Chord,Parte_2,0.25,"[65, 69]",
54.75,Chord,Parte_2,0.25,"[67, 70]",
55.0,Chord,Parte_1,0.5,"[73, 85]",
55.0,Rest,Parte_2,0.25,0,
55.0,Rest,Parte_3,0.25,0,
55.25,Chord,Parte_2,0.25,"[67, 70]",
55.25,Rest,Parte_3,0.75,0,
55.5,Rest,Parte_1,0.5,0,
55.5,Chord,Parte_2,0.25,"[66, 69]",
55.75,Chord,Parte_2,0.25,"[67, 70]",
56.0,Note,Parte_1,0.25,85,
56.0,Rest,Parte_2,0.25,0,
56.0,Rest,Parte_3,0.25,0,
56.25,Tuplet 3:2,Parte_1,"[['Note', 0.125, 86, None], ['Note', 0.125, 85, None], ['Note', 0.125, 83, None]]"
56.25,Chord,Parte_2,0.25,"[67, 70]",
56.25,Rest,Parte_3,0.75,0,
56.5,Note,Parte_1,0.25,85,
56.5,Chord,Parte_2,0.25,"[65, 69]",
56.75,Note,Parte_1,0.25,86,
56.75,Chord,Parte_2,0.25,"[64, 67]",
57.0,Note,Parte_1,1.0,88,
57.0,Rest,Parte_2,0.25,0,
57.0,Rest,Parte_3,1.0,0,
57.0,Rest,Parte_4,0.25,0,
57.0,Rest,Parte_5,3.0,0,
57.25,Chord,Parte_2,0.25,"[61, 64]",
57.25,Rest,Parte_4,0.75,0,
57.5,Chord,Parte_2,0.25,"[62, 65]",
57.75,Chord,Parte_2,0.25,"[64, 67]",
58.0,Rest,Parte_1,1.0,0,
58.0,Rest,Parte_2,0.25,0,
58.0,Note,Parte_3,1.0,45,
58.0,Rest,Parte_4,0.25,0,
58.25,Chord,Parte_2,0.25,"[64, 67]",
58.25,Rest,Parte_4,0.75,0,
58.5,Chord,Parte_2,0.25,"[63, 66]",
58.75,Chord,Parte_2,0.25,"[64, 67]",
59.0,Note,Parte_1,0.75,79,
59.0,Rest,Parte_2,0.25,0,
59.0,Rest,Parte_3,1.0,0,
59.0,Rest,Parte_4,0.25,0,
59.25,Chord,Parte_2,0.25,"[64, 67]",
59.25,Rest,Parte_4,0.75,0,
59.5,Chord,Parte_2,0.25,"[62, 65]",
59.75,Note,Parte_1,0.25,79,
59.75,Chord,Parte_2,0.25,"[61, 64]",
60.0,Note,Parte_1,1.0,79,
60.0,Rest,Parte_2,0.25,0,
60.0,Rest,Parte_3,0.25,0,
60.0,Rest,Parte_4,3.0,0,
60.0,Rest,Parte_5,3.0,0,
60.25,Chord,Parte_2,0.25,"[62, 65]",
60.25,Rest,Parte_3,0.75,0,
60.5,Chord,Parte_2,0.25,"[64, 67]",
60.75,Chord,Parte_2,0.25,"[65, 69]",
61.0,Note,Parte_1,0.5,77,
61.0,Rest,Parte_2,0.25,0,
61.0,Rest,Parte_3,0.25,0,
61.25,Chord,Parte_2,0.25,"[65, 69]",
61.25,Rest,Parte_3,0.75,0,
61.5,Rest,Parte_1,0.5,0,
61.5,Chord,Parte_2,0.25,"[64, 67]",
61.75,Chord,Parte_2,0.25,"[62, 65]",
62.0,Note,Parte_1,0.5,77,
62.0,Rest,Parte_2,0.25,0,
62.0,Rest,Parte_3,0.25,0,
62.25,Chord,Parte_2,0.25,"[62, 65]",
62.25,Rest,Parte_3,0.75,0,
62.5,Tuplet 3:2,Parte_1,"[['Note', 0.125, 79, None], ['Note', 0.125, 77, None], ['Note', 0.125, 76, None]]"
62.5,Chord,Parte_2,0.25,"[61, 64]",
62.75,Note,Parte_1,0.25,77,
62.75,Chord,Parte_2,0.25,"[62, 65]",
63.0,Note,Parte_1,1.0,86,
63.0,Rest,Parte_2,0.25,0,
63.0,Rest,Parte_3,1.0,0,
63.0,Rest,Parte_4,0.25,0,
63.0,Rest,Parte_5,3.0,0,
63.25,Chord,Parte_2,0.25,"[59, 62]",
63.25,Rest,Parte_4,0.75,0,
63.5,Chord,Parte_2,0.25,"[60, 64]",
63.75,Chord,Parte_2,0.25,"[62, 65]",
64.0,Rest,Parte_1,1.0,0,
64.0,Rest,Parte_2,0.25,0,
64.0,Note,Parte_3,1.0,43,
64.0,Rest,Parte_4,0.25,0,
64.25,Chord,Parte_2,0.25,"[62, 65]",
64.25,Rest,Parte_4,0.75,0,
64.5,Chord,Parte_2,0.25,"[60, 64]",
64.75,Chord,Parte_2,0.25,"[59, 62]",
65.0,Chord,Parte_1,0.75,"[77, 89]",
65.0,Rest,Parte_2,1.0,0,
65.0,Rest,Parte_3,1.0,0,
65.0,Rest,Parte_4,0.25,0,
65.25,Chord,Parte_4,0.25,"[59, 62]",
65.5,Chord,Parte_4,0.25,"[58, 61]",
65.75,Chord,Parte_1,0.25,"[77, 89]",
65.75,Chord,Parte_4,0.25,"[59, 62]",
66.0,Chord,Parte_1,0.5,"[77, 89]",
66.0,Rest,Parte_2,3.0,0,
66.0,Rest,Parte_3,0.25,0,
66.0,Rest,Parte_4,3.0,0,
66.0,Rest,Parte_5,3.0,0,
66.25,Chord,Parte_3,0.25,"[60, 64]",
66.5,Chord,Parte_1,0.5,"[76, 88]",
66.5,Chord,Parte_3,0.25,"[59, 63]",
66.75,Chord,Parte_3,0.25,"[60, 64]",
67.0,Chord,Parte_1,0.5,"[76, 88]",
67.0,Rest,Parte_3,0.25,0,
67.25,Chord,Parte_3,0.25,"[62, 65]",
67.5,Chord,Parte_1,0.5,"[74, 86]",
67.5,Chord,Parte_3,0.25,"[61, 64]",
67.75,Chord,Parte_3,0.25,"[62, 65]",
68.0,Chord,Parte_1,0.5,"[74, 86]",
68.0,Rest,Parte_3,0.25,0,
68.25,Chord,Parte_3,0.25,"[64, 67]",
68.5,Chord,Parte_1,0.5,"[72, 84]",
68.5,Chord,Parte_3,0.25,"[63, 66]",
68.75,Chord,Parte_3,0.25,"[64, 67]",
69.0,Note,Parte_1,0.5,84,
69.0,Note,Parte_2,1.0,72,
69.0,Note,Parte_3,1.0,67,
69.0,Note,Parte_4,2.0,65,
69.0,Rest,Parte_5,3.0,0,
69.5,Note,Parte_1,0.5,83,start
70.0,Note,Parte_1,0.125,83,stop
70.0,Rest,Parte_2,1.0,0,
70.0,Note,Parte_3,0.5,68,
70.125,Note,Parte_1,0.125,84,
70.25,Note,Parte_1,0.125,86,
70.375,Note,Parte_1,0.125,84,
70.5,Note,Parte_1,0.125,83,
70.5,Note,Parte_3,0.5,67,
70.625,Note,Parte_1,0.125,84,
70.75,Note,Parte_1,0.125,86,
70.875,Note,Parte_1,0.125,83,
71.0,Note,Parte_1,0.25,84,
71.0,Rest,Parte_2,1.0,0,
71.0,Note,Parte_3,0.5,76,
71.0,Chord,Parte_4,1.0,"[64, 67]",
71.25,Note,Parte_1,0.25,86,
71.5,Note,Parte_1,0.25,88,
71.5,Note,Parte_3,0.5,72,
71.75,Note,Parte_1,0.125,84,
71.875,Tuplet 3:2,Parte_1,"[['Note', 0.0625, 83, None], ['Note', 0.0625, 84, None], ['Note', 0.0625, 86, None]]"
72.0,Note,Parte_1,0.5,84,
72.0,Rest,Parte_2,3.0,0,
72.0,Note,Parte_3,1.0,67,
72.0,Note,Parte_4,2.0,65,
72.0,Rest,Parte_5,3.0,0,
72.5,Note,Parte_1,0.5,83,start
73.0,Note,Parte_1,0.125,83,stop
73.0,Note,Parte_3,0.5,68,
73.125,Note,Parte_1,0.125,84,
73.25,Note,Parte_1,0.125,86,
73.375,Note,Parte_1,0.125,84,
73.5,Note,Parte_1,0.125,83,
73.5,Note,Parte_3,0.5,67,
73.625,Note,Parte_1,0.125,84,
73.75,Note,Parte_1,0.125,86,
73.875,Note,Parte_1,0.125,83,
74.0,Note,Parte_1,0.125,84,
74.0,Note,Parte_3,0.5,76,
74.0,Chord,Parte_4,1.0,"[64, 67]",
74.125,Note,Parte_1,0.125,86,
74.25,Note,Parte_1,0.125,88,
74.375,Note,Parte_1,0.125,86,
74.5,Note,Parte_1,0.125,84,
74.5,Note,Parte_3,0.5,72,
74.625,Note,Parte_1,0.125,83,
74.75,Note,Parte_1,0.125,81,
74.875,Note,Parte_1,0.125,79,
75.0,Note,Parte_1,0.125,80,
75.0,Rest,Parte_2,3.0,0,
75.0,Chord,Parte_3,0.5,"[65, 69]",
75.0,Rest,Parte_4,3.0,0,
75.0,Rest,Parte_5,3.0,0,
75.125,Note,Parte_1,0.125,81,
75.25,Note,Parte_1,0.125,84,
75.375,Note,Parte_1,0.125,83,
75.5,Note,Parte_1,0.125,81,
75.5,Rest,Parte_3,0.5,0,
75.625,Note,Parte_1,0.125,79,
75.75,Note,Parte_1,0.125,77,
75.875,Note,Parte_1,0.125,76,
76.0,Note,Parte_1,0.125,79,
76.0,Rest,Parte_3,1.0,0,
76.125,Note,Parte_1,0.125,77,
76.25,Note,Parte_1,0.125,81,
76.375,Note,Parte_1,0.125,79,
76.5,Note,Parte_1,0.125,77,
76.625,Note,Parte_1,0.125,76,
76.75,Note,Parte_1,0.125,74,
76.875,Note,Parte_1,0.125,73,
77.0,Note,Parte_1,0.125,74,
77.0,Chord,Parte_3,0.5,"[53, 57, 62]",
77.125,Note,Parte_1,0.125,76,
77.25,Note,Parte_1,0.125,77,
77.375,Note,Parte_1,0.125,76,
77.5,Note,Parte_1,0.125,79,
77.5,Rest,Parte_3,0.5,0,
77.625,Note,Parte_1,0.125,77,
77.75,Note,Parte_1,0.125,76,
77.875,Note,Parte_1,0.125,74,
78.0,Note,Parte_1,0.125,72,
78.0,Rest,Parte_2,3.0,0,
78.0,Chord,Parte_3,0.5,"[55, 60, 64]",
78.0,Rest,Parte_4,3.0,0,
78.0,Rest,Parte_5,3.0,0,
78.125,Note,Parte_1,0.125,74,
78.25,Note,Parte_1,0.125,72,
78.375,Note,Parte_1,0.125,71,
78.5,Note,Parte_1,0.125,72,
78.5,Rest,Parte_3,0.5,0,
78.625,Note,Parte_1,0.125,67,
78.75,Note,Parte_1,0.125,69,
78.875,Note,Parte_1,0.125,71,
79.0,Note,Parte_1,0.125,72,
79.0,Rest,Parte_3,1.0,0,
79.125,Note,Parte_1,0.125,74,
79.25,Note,Parte_1,0.125,76,
79.375,Note,Parte_1,0.125,77,
79.5,Note,Parte_1,0.125,79,
79.625,Note,Parte_1,0.125,78,
79.75,Note,Parte_1,0.125,79,
79.875,Note,Parte_1,0.125,78,
80.0,Note,Parte_1,0.25,79,
80.0,Chord,Parte_3,0.5,"[55, 59, 65]",
80.25,Note,Parte_1,0.25,77,
80.5,Note,Parte_1,0.25,76,
80.5,Rest,Parte_3,0.5,0,
80.75,Note,Parte_1,0.25,74,
81.0,Note,Parte_1,0.5,72,
81.0,Rest,Parte_2,3.0,0,
81.0,Chord,Parte_3,0.5,"[60, 64]",
81.0,Rest,Parte_4,3.0,0,
81.0,Rest,Parte_5,3.0,0,
81.5,Note,Parte_1,0.5,60,
81.5,Rest,Parte_3,0.5,0,
82.0,Chord,Parte_1,0.5,"[57, 65]",
82.0,Rest,Parte_3,2.0,0,
82.5,Chord,Parte_1,0.5,"[55, 64]",
83.0,Chord,Parte_1,0.5,"[53, 57, 62]",
83.5,Chord,Parte_1,0.5,"[52, 55, 60]",
84.0,Note,Parte_1,1.0,60,
84.0,Chord,Parte_2,2.0,"[50, 53, 55]",
84.0,Chord,Parte_3,1.0,"[31, 43]",start
84.0,Rest,Parte_4,3.0,0,
84.0,Rest,Parte_5,3.0,0,
85.0,Note,Parte_1,1.0,59,
85.0,Chord,Parte_3,0.25,"[31, 43]",stop
85.25,Note,Parte_3,0.125,33,
85.375,Note,Parte_3,0.125,35,
85.5,Note,Parte_3,0.125,36,
85.625,Note,Parte_3,0.125,38,
85.75,Note,Parte_3,0.125,40,
85.875,Note,Parte_3,0.125,41,
86.0,Note,Parte_1,1.0,59,
86.0,Chord,Parte_2,1.0,"[50, 53, 55]",
86.0,Note,Parte_3,0.125,43,
86.125,Note,Parte_3,0.125,42,
86.25,Note,Parte_3,0.125,43,
86.375,Note,Parte_3,0.125,45,
86.5,Note,Parte_3,0.125,43,
86.625,Note,Parte_3,0.125,41,
86.75,Note,Parte_3,0.125,40,
86.875,Note,Parte_3,0.125,38,
87.0,Chord,Parte_1,0.5,"[52, 60]",
87.0,Rest,Parte_2,3.0,0,
87.0,Rest,Parte_3,0.03125,0,
87.0,Rest,Parte_4,3.0,0,
87.0,Rest,Parte_5,3.0,0,
87.03125,Note,Parte_3,0.5,36,
87.5,Tuplet 3:2,Parte_1,"[['Note', 0.125, 60, None], ['Rest', 0.0625, 0, None]]"
87.53125,Rest,Parte_3,0.5,0,
87.625,Tuplet 3:2,Parte_1,"[['Note', 0.015625, 62, None], ['Note', 0.015625, 60, None], ['Note', 0.015625, 59, None]]"
87.65625,Tuplet 3:2,Parte_1,"[['Note', 0.0625, 60, None], ['Note', 0.25, 64, None], ['Note', 0.25, 67, None]]"
88.03125,Tuplet 3:2,Parte_1,"[['Note', 0.25, 67, None], ['Note', 0.25, 65, None], ['Rest', 0.25, 0, None]]"
88.03125,Tuplet 3:2,Parte_3,"[['Rest', 0.25, 0, None], ['Note', 0.25, 57, None], ['Note', 0.25, 60, None]]"
88.53125,Tuplet 3:2,Parte_1,"[['Note', 0.25, 65, None], ['Note', 0.25, 64, None], ['Rest', 0.25, 0, None]]"
88.53125,Tuplet 3:2,Parte_3,"[['Rest', 0.25, 0, None], ['Note', 0.25, 55, None], ['Note', 0.25, 59, None]]"
89.03125,Tuplet 3:2,Parte_1,"[['Note', 0.25, 64, None], ['Note', 0.25, 62, None], ['Rest', 0.25, 0, None]]"
89.03125,Tuplet 3:2,Parte_3,"[['Rest', 0.25, 0, None], ['Note', 0.25, 53, None], ['Note', 0.25, 57, None]]"
89.53125,Tuplet 3:2,Parte_1,"[['Note', 0.25, 62, None], ['Note', 0.25, 60, None], ['Rest', 0.25, 0, None]]"
89.53125,Tuplet 3:2,Parte_3,"[['Rest', 0.25, 0, None], ['Note', 0.25, 52, None], ['Note', 0.25, 55, None]]"
90.0,Chord,Parte_2,2.0,"[50, 53, 55]",
90.0,Rest,Parte_4,3.0,0,
90.0,Rest,Parte_5,3.0,0,
90.03125,Rest,Parte_1,0.03125,0,
90.03125,Rest,Parte_3,0.03125,0,
90.0625,Note,Parte_1,1.0,60,
90.0625,Rest,Parte_1,0.03125,0,
90.0625,Chord,Parte_3,1.0,"[31, 43]",start
91.0625,Note,Parte_1,1.0,59,
91.0625,Chord,Parte_3,0.25,"[31, 43]",stop
91.3125,Note,Parte_3,0.125,45,
91.4375,Note,Parte_3,0.125,47,
91.5625,Note,Parte_3,0.125,48,
91.6875,Note,Parte_3,0.125,50,
91.8125,Note,Parte_3,0.125,52,
91.9375,Note,Parte_3,0.125,53,
92.0,Chord,Parte_2,1.0,"[62, 65]",
92.0625,Note,Parte_1,1.0,71,
92.0625,Note,Parte_3,0.125,55,
92.1875,Note,Parte_3,0.125,54,
92.3125,Note,Parte_3,0.125,55,
92.4375,Note,Parte_3,0.125,57,
92.5625,Note,Parte_3,0.125,55,
92.6875,Note,Parte_3,0.125,53,
92.8125,Note,Parte_3,0.125,52,
92.9375,Note,Parte_3,0.125,50,
93.0,Rest,Parte_2,3.0,0,
93.0,Note,Parte_4,3.0,48,
93.0,Rest,Parte_5,3.0,0,
93.0625,Chord,Parte_1,0.5,"[64, 72]",
93.0625,Rest,Parte_3,1.0,0,
93.5625,Note,Parte_1,0.5,60,start
94.0625,Note,Parte_1,0.25,60,stop
94.0625,Note,Parte_3,0.5,58,
94.3125,Note,Parte_1,0.125,62,
94.4375,Note,Parte_1,0.125,64,
94.5625,Note,Parte_1,0.125,65,
94.5625,Note,Parte_3,0.5,55,
94.6875,Note,Parte_1,0.125,67,
94.8125,Note,Parte_1,0.125,69,
94.9375,Note,Parte_1,0.125,70,
95.0625,Note,Parte_1,0.125,72,
95.0625,Note,Parte_3,0.5,52,
95.1875,Note,Parte_1,0.125,71,
95.3125,Note,Parte_1,0.125,72,
95.4375,Note,Parte_1,0.125,74,
95.5625,Note,Parte_1,0.125,72,
95.5625,Note,Parte_3,0.5,60,
95.6875,Note,Parte_1,0.125,70,
95.8125,Note,Parte_1,0.125,69,
95.9375,Note,Parte_1,0.125,67,
96.0,Rest,Parte_2,3.0,0,
96.0,Note,Parte_4,2.0,53,
96.0,Rest,Parte_5,3.0,0,
96.0625,Note,Parte_1,0.25,69,
96.0625,Note,Parte_3,1.0,60,
96.3125,Tuplet 3:2,Parte_1,"[['Note', 0.125, 70, None], ['Note', 0.125, 69, None], ['Note', 0.125, 67, None]]"
96.5625,Note,Parte_1,0.25,69,
96.8125,Note,Parte_1,0.25,72,
97.0625,Note,Parte_1,0.5,70,
97.0625,Note,Parte_3,0.5,62,
97.5625,Note,Parte_1,0.5,69,
97.5625,Note,Parte_3,0.5,60,
98.0,Note,Parte_4,1.0,53,
98.0625,Note,Parte_1,0.5,67,
98.0625,Note,Parte_3,0.5,58,
98.5625,Note,Parte_1,0.5,65,
98.5625,Note,Parte_3,0.5,57,
99.0,Note,Parte_2,1.5,60,
99.0,Note,Parte_4,1.5,48,
99.0,Note,Parte_5,1.0,57,
99.0625,Note,Parte_1,1.0,65,
99.0625,Rest,Parte_3,1.5,0,
100.0,Note,Parte_5,0.5,55,
100.0625,Note,Parte_1,0.5,64,
100.5,Rest,Parte_2,1.5,0,
100.5,Rest,Parte_4,0.5,0,
100.5,Rest,Parte_5,0.5,0,
100.5625,Note,Parte_1,0.5,60,
100.5625,Rest,Parte_3,1.5,0,
101.0,Rest,Parte_4,1.0,0,
101.0,Rest,Parte_5,1.0,0,
101.0625,Chord,Parte_1,0.5,"[59, 62]",
101.5625,Chord,Parte_1,0.5,"[58, 64]",
102.0,Note,Parte_2,1.0,65,
102.0,Rest,Parte_4,3.0,0,
102.0,Rest,Parte_5,3.0,0,
102.0625,Note,Parte_1,0.25,65,
102.0625,Chord,Parte_3,1.0,"[57, 60]",
102.3125,Note,Parte_1,0.25,72,
102.5625,Note,Parte_1,0.25,72,
102.8125,Note,Parte_1,0.25,72,
103.0,Note,Parte_2,1.0,67,
103.0625,Note,Parte_1,0.25,72,
103.0625,Chord,Parte_3,1.0,"[52, 60]",
103.3125,Note,Parte_1,0.25,70,
103.5625,Note,Parte_1,0.25,70,
103.8125,Note,Parte_1,0.25,70,
104.0,Note,Parte_2,1.0,65,
104.0625,Note,Parte_1,0.25,70,
104.0625,Chord,Parte_3,1.0,"[53, 60]",
104.3125,Note,Parte_1,0.25,69,
104.5625,Note,Parte_1,0.25,69,
104.8125,Note,Parte_1,0.25,69,
105.0,Note,Parte_2,1.0,65,
105.0,Chord,Parte_4,1.5,"[48, 60]",
105.0,Rest,Parte_5,3.0,0,
105.0625,Note,Parte_1,0.75,69,
105.0625,Rest,Parte_3,1.5,0,
105.8125,Note,Parte_1,0.125,70,
105.9375,Note,Parte_1,0.125,69,
106.0,Note,Parte_2,0.5,64,
106.0625,Note,Parte_1,0.5,67,
106.5,Rest,Parte_2,1.5,0,
106.5,Rest,Parte_4,0.5,0,
106.5625,Tuplet 3:2,Parte_1,"[['Note', 0.25, 60, None], ['Note', 0.25, 61, None], ['Note', 0.25, 62, None]]"
106.5625,Rest,Parte_3,1.5,0,
107.0,Rest,Parte_4,1.0,0,
107.0625,Tuplet 3:2,Parte_1,"[['Note', 0.25, 63, None], ['Note', 0.25, 64, None], ['Note', 0.25, 65, None]]"
107.5625,Tuplet 3:2,Parte_1,"[['Note', 0.25, 66, None], ['Note', 0.25, 67, None], ['Note', 0.25, 68, None]]"
108.0,Rest,Parte_2,3.0,0,
108.0,Rest,Parte_4,3.0,0,
108.0,Rest,Parte_5,3.0,0,
108.0625,Note,Parte_1,0.25,69,
108.0625,Tuplet 3:2,Parte_3,"[['Note', 0.25, 53, None], ['Note', 0.25, 57, None], ['Note', 0.25, 60, None]]"
108.3125,Tuplet 3:2,Parte_1,"[['Note', 0.125, 70, None], ['Note', 0.125, 69, None], ['Note', 0.125, 67, None]]"
108.5625,Note,Parte_1,0.5,69,
108.5625,Tuplet 3:2,Parte_3,"[['Note', 0.25, 65, None], ['Note', 0.25, 64, None], ['Note', 0.25, 63, None]]"
109.0625,Tuplet 3:2,Parte_1,"[['Note', 0.25, 72, None], ['Note', 0.25, 70, None], ['Rest', 0.25, 0, None]]"
109.0625,Tuplet 3:2,Parte_3,"[['Rest', 0.25, 0, None], ['Note', 0.25, 62, None], ['Note', 0.25, 65, None]]"
109.5625,Tuplet 3:2,Parte_1,"[['Note', 0.25, 70, None], ['Note', 0.25, 69, None], ['Rest', 0.25, 0, None]]"
109.5625,Tuplet 3:2,Parte_3,"[['Rest', 0.25, 0, None], ['Note', 0.25, 65, None], ['Note', 0.25, 60, None]]"
110.0625,Tuplet 3:2,Parte_1,"[['Note', 0.25, 69, None], ['Note', 0.25, 67, None], ['Rest', 0.25, 0, None]]"
110.0625,Tuplet 3:2,Parte_3,"[['Rest', 0.25, 0, None], ['Note', 0.25, 58, None], ['Note', 0.25, 64, None]]"
110.5625,Tuplet 3:2,Parte_1,"[['Note', 0.25, 67, None], ['Note', 0.25, 65, None], ['Rest', 0.25, 0, None]]"
110.5625,Tuplet 3:2,Parte_3,"[['Rest', 0.25, 0, None], ['Note', 0.25, 60, None], ['Note', 0.25, 57, None]]"
111.0,Rest,Parte_2,3.0,0,
111.0,Rest,Parte_4,3.0,0,
111.0,Rest,Parte_5,3.0,0,
111.0625,Note,Parte_1,1.0,74,
111.0625,Tuplet 3:2,Parte_3,"[['Note', 0.25, 58, None], ['Note', 0.25, 62, None], ['Note', 0.25, 65, None]]"
111.5625,Tuplet 3:2,Parte_3,"[['Note', 0.25, 70, None], ['Note', 0.25, 65, None], ['Note', 0.25, 62, None]]"
112.0625,Note,Parte_1,0.25,76,
112.0625,Tuplet 3:2,Parte_3,"[['Note', 0.25, 58, None], ['Note', 0.25, 60, None], ['Note', 0.25, 64, None]]"
112.3125,Tuplet 3:2,Parte_1,"[['Note', 0.125, 77, None], ['Note', 0.125, 76, None], ['Note', 0.125, 74, None]]"
112.5625,Note,Parte_1,0.5,76,
112.5625,Tuplet 3:2,Parte_3,"[['Note', 0.25, 67, None], ['Note', 0.25, 64, None], ['Note', 0.25, 60, None]]"
113.0625,Note,Parte_1,0.125,79,
113.0625,Tuplet 3:2,Parte_3,"[['Note', 0.25, 57, None], ['Note', 0.25, 60, None], ['Note', 0.25, 65, None]]"
113.1875,Note,Parte_1,0.125,77,
113.3125,Note,Parte_1,0.125,76,
113.4375,Note,Parte_1,0.125,77,
113.5625,Note,Parte_1,0.125,76,
113.5625,Tuplet 3:2,Parte_3,"[['Note', 0.25, 69, None], ['Note', 0.25, 65, None], ['Note', 0.25, 60, None]]"
113.6875,Note,Parte_1,0.125,77,
113.8125,Note,Parte_1,0.125,79,
113.9375,Note,Parte_1,0.125,77,
114.0,Rest,Parte_2,3.0,0,
114.0,Rest,Parte_4,3.0,0,
114.0,Rest,Parte_5,3.0,0,
114.0625,Note,Parte_1,0.125,76,
114.0625,Tuplet 3:2,Parte_3,"[['Note', 0.25, 58, None], ['Note', 0.25, 62, None], ['Note', 0.25, 65, None]]"
114.1875,Note,Parte_1,0.125,74,
114.3125,Note,Parte_1,0.125,73,
114.4375,Note,Parte_1,0.125,74,
114.5625,Note,Parte_1,0.125,76,
114.5625,Tuplet 3:2,Parte_3,"[['Note', 0.25, 67, None], ['Note', 0.25, 65, None], ['Note', 0.25, 62, None]]"
114.6875,Note,Parte_1,0.125,74,
114.8125,Note,Parte_1,0.125,72,
114.9375,Note,Parte_1,0.125,70,
115.0625,Note,Parte_1,0.25,69,
115.0625,Tuplet 3:2,Parte_3,"[['Note', 0.25, 48, None], ['Note', 0.25, 53, None], ['Note', 0.25, 57, None]]"
115.3125,Tuplet 3:2,Parte_1,"[['Note', 0.125, 70, None], ['Note', 0.125, 69, None], ['Note', 0.125, 67, None]]"
115.5625,Note,Parte_1,0.5,69,
115.5625,Tuplet 3:2,Parte_3,"[['Note', 0.25, 60, None], ['Note', 0.25, 57, None], ['Note', 0.25, 53, None]]"
116.0625,Note,Parte_1,0.25,72,
116.0625,Tuplet 3:2,Parte_3,"[['Note', 0.25, 48, None], ['Note', 0.25, 55, None], ['Note', 0.25, 58, None]]"
116.3125,Note,Parte_1,0.25,70,
116.5625,Note,Parte_1,0.25,67,
116.5625,Tuplet 3:2,Parte_3,"[['Note', 0.25, 60, None], ['Note', 0.25, 58, None], ['Note', 0.25, 55, None]]"
116.8125,Note,Parte_1,0.25,64,
117.0,Rest,Parte_2,3.0,0,
117.0,Rest,Parte_4,3.0,0,
117.0,Rest,Parte_5,3.0,0,
117.0625,Note,Parte_1,1.0,67,
117.0625,Tuplet 3:2,Parte_3,"[['Note', 0.25, 53, None], ['Note', 0.25, 58, None], ['Note', 0.25, 60, None]]"
117.5625,Tuplet 3:2,Parte_3,"[['Note', 0.25, 64, None], ['Note', 0.25, 60, None], ['Note', 0.25, 58, None]]"
118.0625,Note,Parte_1,0.5,65,
118.0625,Tuplet 3:2,Parte_3,"[['Note', 0.25, 53, None], ['Note', 0.25, 57, None], ['Note', 0.25, 60, None]]"
118.5625,Rest,Parte_1,0.5,0,
118.5625,Tuplet 3:2,Parte_3,"[['Note', 0.25, 65, None], ['Note', 0.25, 60, None], ['Note', 0.25, 58, None]]"
119.0625,Note,Parte_1,0.75,72,
119.0625,Tuplet 3:2,Parte_3,"[['Note', 0.25, 57, None], ['Note', 0.25, 60, None], ['Note', 0.25, 58, None]]"
119.5625,Tuplet 3:2,Parte_3,"[['Note', 0.25, 57, None], ['Note', 0.25, 55, None], ['Note', 0.25, 53, None]]"
119.8125,Note,Parte_1,0.25,77,
120.0,Rest,Parte_2,3.0,0,
120.0,Rest,Parte_4,3.0,0,
120.0,Rest,Parte_5,3.0,0,
120.0625,Note,Parte_1,1.0,77,
120.0625,Tuplet 3:2,Parte_3,"[['Note', 0.25, 48, None], ['Note', 0.25, 55, None], ['Note', 0.25, 58, None]]"
120.5625,Tuplet 3:2,Parte_3,"[['Note', 0.25, 60, None], ['Note', 0.25, 58, None], ['Note', 0.25, 55, None]]"
121.0625,Note,Parte_1,1.0,76,
121.0625,Tuplet 3:2,Parte_3,"[['Note', 0.25, 48, None], ['Note', 0.25, 55, None], ['Note', 0.25, 58, None]]"
121.5625,Tuplet 3:2,Parte_3,"[['Note', 0.25, 60, None], ['Note', 0.25, 58, None], ['Note', 0.25, 55, None]]"
122.0625,Note,Parte_1,0.25,77,
122.0625,Tuplet 3:2,Parte_3,"[['Note', 0.25, 48, None], ['Note', 0.25, 53, None], ['Note', 0.25, 57, None]]"
122.3125,Tuplet 3:2,Parte_1,"[['Note', 0.125, 79, None], ['Note', 0.125, 77, None], ['Note', 0.125, 76, None]]"
122.5625,Note,Parte_1,0.25,77,
122.5625,Tuplet 3:2,Parte_3,"[['Note', 0.25, 60, None], ['Note', 0.25, 57, None], ['Note', 0.25, 53, None]]"
122.8125,Note,Parte_1,0.25,81,
123.0,Rest,Parte_2,3.0,0,
123.0,Rest,Parte_4,3.0,0,
123.0,Rest,Parte_5,3.0,0,
123.0625,Note,Parte_1,1.0,84,
123.0625,Tuplet 3:2,Parte_3,"[['Note', 0.25, 48, None], ['Note', 0.25, 52, None], ['Note', 0.25, 55, None]]"
123.5625,Tuplet 3:2,Parte_3,"[['Note', 0.25, 60, None], ['Note', 0.25, 55, None], ['Note', 0.25, 52, None]]"
124.0625,Note,Parte_1,0.25,83,
124.0625,Tuplet 3:2,Parte_3,"[['Note', 0.25, 48, None], ['Note', 0.25, 52, None], ['Note', 0.25, 55, None]]"
124.3125,Note,Parte_1,0.25,84,
124.5625,Note,Parte_1,0.25,86,
124.5625,Tuplet 3:2,Parte_3,"[['Note', 0.25, 60, None], ['Note', 0.25, 55, None], ['Note', 0.25, 52, None]]"
124.8125,Chord,Parte_1,0.25,"[84, 84]",
125.0625,Note,Parte_1,0.25,82,
125.0625,Tuplet 3:2,Parte_3,"[['Note', 0.25, 48, None], ['Note', 0.25, 53, None], ['Note', 0.25, 57, None]]"
125.3125,Note,Parte_1,0.25,81,
125.5625,Note,Parte_1,0.25,79,
125.5625,Tuplet 3:2,Parte_3,"[['Note', 0.25, 60, None], ['Note', 0.25, 57, None], ['Note', 0.25, 53, None]]"
125.8125,Note,Parte_1,0.25,77,
126.0,Rest,Parte_2,3.0,0,
126.0,Rest,Parte_4,3.0,0,
126.0,Rest,Parte_5,3.0,0,
126.0625,Note,Parte_1,1.0,77,
126.0625,Tuplet 3:2,Parte_3,"[['Note', 0.25, 48, None], ['Note', 0.25, 55, None], ['Note', 0.25, 58, None]]"
126.5625,Tuplet 3:2,Parte_3,"[['Note', 0.25, 60, None], ['Note', 0.25, 58, None], ['Note', 0.25, 55, None]]"
127.0625,Note,Parte_1,0.125,76,
127.0625,Tuplet 3:2,Parte_3,"[['Note', 0.25, 48, None], ['Note', 0.25, 55, None], ['Note', 0.25, 58, None]]"
127.1875,Note,Parte_1,0.125,77,
127.3125,Note,Parte_1,0.125,76,
127.4375,Note,Parte_1,0.125,74,
127.5625,Note,Parte_1,0.125,76,
127.5625,Tuplet 3:2,Parte_3,"[['Note', 0.25, 60, None], ['Note', 0.25, 58, None], ['Note', 0.25, 55, None]]"
127.6875,Note,Parte_1,0.125,72,
127.8125,Note,Parte_1,0.125,74,
127.9375,Note,Parte_1,0.125,76,
128.0625,Note,Parte_1,0.125,77,
128.0625,Tuplet 3:2,Parte_3,"[['Note', 0.25, 48, None], ['Note', 0.25, 53, None], ['Note', 0.25, 57, None]]"
128.1875,Tuplet 3:2,Parte_1,"[['Note', 0.0625, 79, None], ['Note', 0.0625, 77, None], ['Note', 0.0625, 76, None]]"
128.3125,Note,Parte_1,0.125,77,
128.4375,Note,Parte_1,0.125,79,
128.5625,Note,Parte_1,0.125,81,
128.5625,Tuplet 3:2,Parte_3,"[['Note', 0.25, 60, None], ['Note', 0.25, 57, None], ['Note', 0.25, 53, None]]"
128.6875,Tuplet 3:2,Parte_1,"[['Note', 0.0625, 82, None], ['Note', 0.0625, 81, None], ['Note', 0.0625, 79, None]]"
128.8125,Note,Parte_1,0.125,81,
128.9375,Note,Parte_1,0.125,83,
129.0,Rest,Parte_2,3.0,0,
129.0,Rest,Parte_4,3.0,0,
129.0,Rest,Parte_5,3.0,0,
129.0625,Note,Parte_1,0.5,86,
129.0625,Tuplet 3:2,Parte_3,"[['Note', 0.25, 48, None], ['Note', 0.25, 52, None], ['Note', 0.25, 55, None]]"
129.5625,Note,Parte_1,0.5,84,
129.5625,Tuplet 3:2,Parte_3,"[['Note', 0.25, 60, None], ['Note', 0.25, 64, None], ['Note', 0.25, 62, None]]"
130.0625,Tuplet 3:2,Parte_1,"[['Rest', 0.25, 0, None], ['Note', 0.25, 83, None], ['Note', 0.25, 84, None]]"
130.0625,Tuplet 3:2,Parte_3,"[['Note', 0.25, 60, None], ['Note', 0.25, 64, None], ['Note', 0.25, 67, None]]"
130.5625,Tuplet 3:2,Parte_1,"[['Rest', 0.25, 0, None], ['Note', 0.25, 86, None], ['Note', 0.25, 84, None]]"
130.5625,Tuplet 3:2,Parte_3,"[['Note', 0.25, 72, None], ['Note', 0.25, 60, None], ['Note', 0.25, 64, None]]"
131.0625,Tuplet 3:2,Parte_1,"[['Rest', 0.25, 0, None], ['Note', 0.25, 84, None], ['Note', 0.25, 83, None]]"
131.0625,Tuplet 3:2,Parte_3,"[['Note', 0.25, 62, None], ['Note', 0.25, 65, None], ['Note', 0.25, 72, None]]"
131.5625,Tuplet 3:2,Parte_1,"[['Rest', 0.25, 0, None], ['Note', 0.25, 84, None], ['Note', 0.25, 82, None]]"
131.5625,Tuplet 3:2,Parte_3,"[['Note', 0.25, 64, None], ['Note', 0.25, 67, None], ['Note', 0.25, 72, None]]"
132.0,Rest,Parte_2,3.0,0,
132.0,Note,Parte_4,2.0,65,
132.0,Rest,Parte_5,3.0,0,
132.0625,Note,Parte_1,0.75,81,
132.0625,Tuplet 3:2,Parte_3,"[['Note', 0.25, 65, None], ['Note', 0.25, 69, None], ['Note', 0.25, 72, None]]"
132.5625,Tuplet 3:2,Parte_3,"[['Note', 0.25, 77, None], ['Note', 0.25, 76, None], ['Note', 0.25, 75, None]]"
132.8125,Note,Parte_1,0.0625,81,
132.875,Tuplet 3:2,Parte_1,"[['Note', 0.03125, 82, None], ['Note', 0.03125, 81, None], ['Note', 0.03125, 79, None]]"
132.9375,Note,Parte_1,0.125,81,
133.0625,Tuplet 3:2,Parte_1,"[['Rest', 0.25, 0, None], ['Note', 0.25, 84, None], ['Note', 0.25, 82, None]]"
133.0625,Tuplet 3:2,Parte_3,"[['Note', 0.25, 74, None], ['Note', 0.25, 77, None], ['Note', 0.25, 74, None]]"
133.5625,Tuplet 3:2,Parte_1,"[['Rest', 0.25, 0, None], ['Note', 0.25, 82, None], ['Note', 0.25, 81, None]]"
133.5625,Tuplet 3:2,Parte_3,"[['Note', 0.25, 72, None], ['Note', 0.25, 76, None], ['Note', 0.25, 72, None]]"
134.0,Note,Parte_4,1.0,65,
134.0625,Tuplet 3:2,Parte_1,"[['Rest', 0.25, 0, None], ['Note', 0.25, 81, None], ['Note', 0.25, 79, None]]"
134.0625,Tuplet 3:2,Parte_3,"[['Note', 0.25, 70, None], ['Note', 0.25, 74, None], ['Note', 0.25, 70, None]]"
134.5625,Tuplet 3:2,Parte_1,"[['Rest', 0.25, 0, None], ['Note', 0.25, 79, None], ['Note', 0.25, 77, None]]"
134.5625,Tuplet 3:2,Parte_3,"[['Note', 0.25, 69, None], ['Note', 0.25, 72, None], ['Note', 0.25, 69, None]]"
135.0,Rest,Parte_2,3.0,0,
135.0,Note,Parte_4,2.0,65,
135.0,Rest,Parte_5,3.0,0,
135.0625,Chord,Parte_1,1.0,"[72, 76]",
135.0625,Note,Parte_3,1.5,58,
136.0625,Chord,Parte_1,1.0,"[70, 74]",
136.5625,Note,Parte_3,0.5,57,
137.0,Note,Parte_4,1.0,65,
137.0625,Chord,Parte_1,0.75,"[74, 86]",
137.0625,Chord,Parte_3,0.75,"[56, 59]",
137.8125,Chord,Parte_1,0.25,"[72, 84]",
137.8125,Chord,Parte_3,0.25,"[57, 60]",
138.0,Rest,Parte_2,1.0,0,
138.0,Rest,Parte_4,1.0,0,
138.0,Rest,Parte_5,1.0,0,
138.0625,Note,Parte_1,0.25,84,
138.0625,Chord,Parte_3,1.0,"[57, 60, 65]",
138.3125,Note,Parte_1,0.5,89,
138.8125,Note,Parte_1,0.125,88,
138.9375,Note,Parte_1,0.125,86,
139.0,Rest,Parte_2,2.0,0,
139.0,Note,Parte_4,1.0,58,
139.0,Rest,Parte_5,2.0,0,
139.0625,Note,Parte_1,0.125,85,
139.0625,Note,Parte_3,0.5,62,
139.1875,Note,Parte_1,0.125,88,
139.3125,Note,Parte_1,0.125,86,
139.4375,Note,Parte_1,0.125,84,
139.5625,Note,Parte_1,0.125,82,
139.5625,Note,Parte_3,0.5,67,
139.6875,Note,Parte_1,0.125,81,
139.8125,Note,Parte_1,0.125,84,
139.9375,Note,Parte_1,0.125,82,
140.0,Note,Parte_4,1.0,60,
140.0625,Note,Parte_1,0.125,81,
140.0625,Note,Parte_3,0.5,64,
140.1875,Note,Parte_1,0.125,79,
140.3125,Note,Parte_1,0.125,82,
140.4375,Note,Parte_1,0.125,79,
140.5625,Note,Parte_1,0.125,77,
140.5625,Note,Parte_3,0.5,70,
140.6875,Note,Parte_1,0.125,76,
140.8125,Note,Parte_1,0.125,79,
140.9375,Note,Parte_1,0.125,76,
141.0,Rest,Parte_2,1.5,0,
141.0,Note,Parte_4,1.5,65,
141.0,Rest,Parte_5,3.0,0,
141.0625,Chord,Parte_1,1.0,"[76, 79]",
141.0625,Note,Parte_3,1.0,70,
142.0625,Note,Parte_1,0.25,77,
142.0625,Note,Parte_3,0.5,69,
142.3125,Note,Parte_1,0.25,72,
142.5,Rest,Parte_2,1.5,0,
142.5,Rest,Parte_4,1.5,0,
142.5625,Note,Parte_1,0.25,77,
142.5625,Rest,Parte_3,0.5,0,
142.8125,Note,Parte_1,0.25,72,
143.0625,Note,Parte_1,0.25,70,
143.0625,Rest,Parte_3,1.0,0,
143.3125,Note,Parte_1,0.25,69,
143.5625,Note,Parte_1,0.25,67,
143.8125,Note,Parte_1,0.25,65,
144.0,Note,Parte_2,1.0,55,
144.0,Note,Parte_4,2.0,46,
144.0,Rest,Parte_5,3.0,0,
144.0625,Note,Parte_1,0.5,65,
144.0625,Note,Parte_3,1.0,48,
144.5625,Note,Parte_1,0.5,64,start
145.0,Rest,Parte_2,1.0,0,
145.0625,Note,Parte_1,0.125,64,stop
145.0625,Note,Parte_3,0.5,49,
145.1875,Note,Parte_1,0.125,65,
145.3125,Note,Parte_1,0.125,67,
145.4375,Note,Parte_1,0.125,65,
145.5625,Note,Parte_1,0.125,64,
145.5625,Note,Parte_3,0.5,48,
145.6875,Note,Parte_1,0.125,65,
145.8125,Note,Parte_1,0.125,67,
145.9375,Note,Parte_1,0.125,64,
146.0,Note,Parte_2,1.0,60,
146.0,Note,Parte_4,1.0,45,
146.0625,Note,Parte_1,0.25,65,
146.0625,Note,Parte_3,0.5,57,
146.3125,Note,Parte_1,0.25,67,
146.5625,Note,Parte_1,0.25,69,
146.5625,Note,Parte_3,0.5,53,
146.8125,Note,Parte_1,0.25,65,
147.0,Note,Parte_2,1.0,55,
147.0,Note,Parte_4,2.0,46,
147.0,Rest,Parte_5,3.0,0,
147.0625,Note,Parte_1,0.5,65,
147.0625,Note,Parte_3,1.0,48,
147.5625,Note,Parte_1,0.5,64,start
148.0,Rest,Parte_2,1.0,0,
148.0625,Note,Parte_1,0.125,64,stop
148.0625,Note,Parte_3,0.5,49,
148.1875,Note,Parte_1,0.125,65,
148.3125,Note,Parte_1,0.125,67,
148.4375,Note,Parte_1,0.125,65,
148.5625,Note,Parte_1,0.125,64,
148.5625,Note,Parte_3,0.5,48,
148.6875,Note,Parte_1,0.125,65,
148.8125,Note,Parte_1,0.125,67,
148.9375,Note,Parte_1,0.125,64,
149.0,Note,Parte_2,1.0,60,
149.0,Note,Parte_4,1.0,45,
149.0625,Note,Parte_1,0.125,65,
149.0625,Note,Parte_3,0.5,57,
149.1875,Note,Parte_1,0.125,69,
149.3125,Note,Parte_1,0.125,72,
149.4375,Note,Parte_1,0.125,70,
149.5625,Note,Parte_1,0.125,69,
149.5625,Note,Parte_3,0.5,53,
149.6875,Note,Parte_1,0.125,67,
149.8125,Note,Parte_1,0.125,65,
149.9375,Note,Parte_1,0.125,63,
150.0,Rest,Parte_2,3.0,0,
150.0,Rest,Parte_4,3.0,0,
150.0,Rest,Parte_5,3.0,0,
150.0625,Note,Parte_1,0.125,62,
150.0625,Chord,Parte_3,0.5,"[46, 50]",
150.1875,Note,Parte_1,0.125,63,
150.3125,Note,Parte_1,0.125,62,
150.4375,Note,Parte_1,0.125,61,
150.5625,Note,Parte_1,0.125,62,
150.5625,Rest,Parte_3,0.5,0,
150.6875,Note,Parte_1,0.125,64,
150.8125,Note,Parte_1,0.125,65,
150.9375,Note,Parte_1,0.125,66,
151.0625,Note,Parte_1,0.125,67,
151.0625,Rest,Parte_3,1.0,0,
151.1875,Note,Parte_1,0.125,69,
151.3125,Note,Parte_1,0.125,70,
151.4375,Note,Parte_1,0.125,72,
151.5625,Note,Parte_1,0.125,74,
151.6875,Note,Parte_1,0.125,76,
151.8125,Note,Parte_1,0.125,77,
151.9375,Note,Parte_1,0.125,78,
152.0625,Note,Parte_1,0.125,79,
152.0625,Chord,Parte_3,0.5,"[58, 62, 67]",
152.1875,Note,Parte_1,0.125,81,
152.3125,Note,Parte_1,0.125,82,
152.4375,Note,Parte_1,0.125,84,
152.5625,Note,Parte_1,0.125,86,
152.5625,Rest,Parte_3,0.5,0,
152.6875,Note,Parte_1,0.125,88,
152.8125,Note,Parte_1,0.125,89,
152.9375,Note,Parte_1,0.125,86,
153.0,Rest,Parte_2,3.0,0,
153.0,Rest,Parte_4,3.0,0,
153.0,Rest,Parte_5,3.0,0,
153.0625,Note,Parte_1,0.125,84,
153.0625,Chord,Parte_3,0.5,"[60, 65, 69]",
153.1875,Note,Parte_1,0.125,86,
153.3125,Note,Parte_1,0.125,84,
153.4375,Note,Parte_1,0.125,83,
153.5625,Note,Parte_1,0.125,84,
153.5625,Rest,Parte_3,0.5,0,
153.6875,Note,Parte_1,0.125,89,
153.8125,Note,Parte_1,0.125,88,
153.9375,Note,Parte_1,0.125,86,
154.0625,Note,Parte_1,0.125,84,
154.0625,Rest,Parte_3,1.0,0,
154.1875,Note,Parte_1,0.125,83,
154.3125,Note,Parte_1,0.125,82,
154.4375,Note,Parte_1,0.125,81,
154.5625,Note,Parte_1,0.125,79,
154.6875,Note,Parte_1,0.125,77,
154.8125,Note,Parte_1,0.125,76,
154.9375,Note,Parte_1,0.125,74,
155.0625,Note,Parte_1,0.25,72,
155.0625,Chord,Parte_3,1.0,"[48, 52, 58]",
155.3125,Note,Parte_1,0.25,70,
155.5625,Note,Parte_1,0.25,69,
155.8125,Note,Parte_1,0.25,67,
156.0,Note,Parte_2,2.0,65,start
156.0,Note,Parte_4,2.0,41,
156.0,Rest,Parte_5,3.0,0,
156.0625,Rest,Parte_1,0.5,0,
156.0625,Rest,Parte_3,0.5,0,
156.5625,Note,Parte_1,0.5,53,
156.5625,Note,Parte_3,0.5,45,
157.0625,Note,Parte_1,0.5,58,
157.0625,Note,Parte_3,0.5,50,
157.5625,Note,Parte_1,0.5,57,
157.5625,Note,Parte_3,0.5,48,
158.0,Note,Parte_2,0.5,65,stop
158.0,Note,Parte_4,1.0,41,
158.0625,Note,Parte_1,0.5,55,
158.0625,Note,Parte_3,0.5,46,
158.5,Note,Parte_2,0.25,60,
158.5625,Note,Parte_1,0.5,53,
158.5625,Note,Parte_3,0.5,45,
158.75,Note,Parte_2,0.25,65,
159.0,Chord,Parte_2,2.0,"[55, 58, 60]",
159.0,Rest,Parte_4,3.0,0,
159.0,Rest,Parte_5,3.0,0,
159.0625,Note,Parte_1,1.0,65,
159.0625,Chord,Parte_3,1.0,"[36, 48]",start
160.0625,Note,Parte_1,1.0,64,
160.0625,Chord,Parte_3,0.25,"[36, 48]",stop
160.3125,Note,Parte_3,0.125,38,
160.4375,Note,Parte_3,0.125,40,
160.5625,Note,Parte_3,0.125,41,
160.6875,Note,Parte_3,0.125,43,
160.8125,Note,Parte_3,0.125,45,
160.9375,Note,Parte_3,0.125,46,
161.0,Chord,Parte_2,1.0,"[55, 58, 60]",
161.0625,Note,Parte_1,1.0,64,
161.0625,Note,Parte_3,0.125,48,
161.1875,Note,Parte_3,0.125,47,
161.3125,Note,Parte_3,0.125,48,
161.4375,Note,Parte_3,0.125,50,
161.5625,Note,Parte_3,0.125,48,
161.6875,Note,Parte_3,0.125,46,
161.8125,Note,Parte_3,0.125,45,
161.9375,Note,Parte_3,0.125,43,
162.0,Rest,Parte_2,3.0,0,
162.0,Rest,Parte_4,3.0,0,
162.0,Rest,Parte_5,3.0,0,
162.0625,Tuplet 3:2,Parte_1,"[['Chord', 0.25, [57, 60, 65], None], ['Note', 0.25, 57, None], ['Note', 0.25, 60, None]]"
162.0625,Note,Parte_3,1.0,41,
162.5625,Tuplet 3:2,Parte_1,"[['Note', 0.25, 65, None], ['Note', 0.25, 69, None], ['Note', 0.25, 72, None]]"
163.0625,Tuplet 3:2,Parte_1,"[['Note', 0.25, 72, None], ['Note', 0.25, 65, None], ['Note', 0.25, 70, None]]"
163.0625,Tuplet 3:2,Parte_3,"[['Rest', 0.25, 0, None], ['Note', 0.25, 63, None], ['Note', 0.25, 62, None]]"
163.5625,Tuplet 3:2,Parte_1,"[['Note', 0.25, 70, None], ['Note', 0.25, 64, None], ['Note', 0.25, 69, None]]"
163.5625,Tuplet 3:2,Parte_3,"[['Rest', 0.25, 0, None], ['Note', 0.25, 62, None], ['Note', 0.25, 60, None]]"
164.0625,Tuplet 3:2,Parte_1,"[['Note', 0.25, 69, None], ['Note', 0.25, 62, None], ['Note', 0.25, 67, None]]"
164.0625,Tuplet 3:2,Parte_3,"[['Rest', 0.25, 0, None], ['Note', 0.25, 60, None], ['Note', 0.25, 58, None]]"
164.5625,Tuplet 3:2,Parte_1,"[['Note', 0.25, 67, None], ['Note', 0.25, 60, None], ['Note', 0.25, 65, None]]"
164.5625,Tuplet 3:2,Parte_3,"[['Rest', 0.25, 0, None], ['Note', 0.25, 58, None], ['Note', 0.25, 57, None]]"
165.0,Chord,Parte_2,2.0,"[55, 58, 60]",
165.0,Rest,Parte_4,3.0,0,
165.0,Rest,Parte_5,3.0,0,
165.0625,Note,Parte_1,1.0,65,
165.0625,Chord,Parte_3,1.0,"[36, 48]",start
166.0625,Note,Parte_1,1.0,64,
166.0625,Chord,Parte_3,0.25,"[36, 48]",stop
166.3125,Note,Parte_3,0.125,50,
166.4375,Note,Parte_3,0.125,52,
166.5625,Note,Parte_3,0.125,53,
166.6875,Note,Parte_3,0.125,55,
166.8125,Note,Parte_3,0.125,57,
166.9375,Note,Parte_3,0.125,58,
167.0,Chord,Parte_2,1.0,"[67, 70, 72]",
167.0625,Note,Parte_1,1.0,76,
167.0625,Note,Parte_3,0.125,60,
167.1875,Note,Parte_3,0.125,59,
167.3125,Note,Parte_3,0.125,60,
167.4375,Note,Parte_3,0.125,62,
167.5625,Note,Parte_3,0.125,60,
167.6875,Note,Parte_3,0.125,58,
167.8125,Note,Parte_3,0.125,57,
167.9375,Note,Parte_3,0.125,55,
168.0,Rest,Parte_2,3.0,0,
168.0,Rest,Parte_4,3.0,0,
168.0,Rest,Parte_5,3.0,0,
168.0625,Rest,Parte_1,0.25,0,
168.0625,Tuplet 3:2,Parte_3,"[['Note', 0.125, 53, None], ['Note', 0.125, 57, None], ['Note', 0.125, 60, None]]"
168.3125,Tuplet 3:2,Parte_1,"[['Note', 0.125, 65, None], ['Note', 0.125, 69, None], ['Note', 0.125, 72, None]]"
168.3125,Rest,Parte_3,0.25,0,
168.5625,Rest,Parte_1,0.25,0,
168.5625,Tuplet 3:2,Parte_3,"[['Note', 0.125, 65, None], ['Note', 0.125, 69, None], ['Note', 0.125, 72, None]]"
168.8125,Tuplet 3:2,Parte_1,"[['Note', 0.125, 77, None], ['Note', 0.125, 81, None], ['Note', 0.125, 84, None]]"
168.8125,Rest,Parte_3,0.25,0,
169.0625,Tuplet 3:2,Parte_1,"[['Note', 0.125, 84, None], ['Note', 0.125, 81, None], ['Note', 0.125, 82, None]]"
169.0625,Rest,Parte_3,0.25,0,
169.3125,Rest,Parte_1,0.25,0,
169.3125,Tuplet 3:2,Parte_3,"[['Note', 0.125, 73, None], ['Note', 0.125, 74, None], ['Note', 0.125, 77, None]]"
169.5625,Tuplet 3:2,Parte_1,"[['Note', 0.125, 82, None], ['Note', 0.125, 80, None], ['Note', 0.125, 81, None]]"
169.5625,Rest,Parte_3,0.25,0,
169.8125,Rest,Parte_1,0.25,0,
169.8125,Tuplet 3:2,Parte_3,"[['Note', 0.125, 71, None], ['Note', 0.125, 72, None], ['Note', 0.125, 76, None]]"
170.0625,Tuplet 3:2,Parte_1,"[['Note', 0.125, 81, None], ['Note', 0.125, 78, None], ['Note', 0.125, 79, None]]"
170.0625,Rest,Parte_3,0.25,0,
170.3125,Rest,Parte_1,0.25,0,
170.3125,Tuplet 3:2,Parte_3,"[['Note', 0.125, 69, None], ['Note', 0.125, 70, None], ['Note', 0.125, 74, None]]"
170.5625,Tuplet 3:2,Parte_1,"[['Note', 0.125, 79, None], ['Note', 0.125, 76, None], ['Note', 0.125, 77, None]]"
170.5625,Rest,Parte_3,0.25,0,
170.8125,Rest,Parte_1,0.25,0,
170.8125,Tuplet 3:2,Parte_3,"[['Note', 0.125, 68, None], ['Note', 0.125, 69, None], ['Note', 0.125, 72, None]]"
171.0,Rest,Parte_2,3.0,0,
171.0,Rest,Parte_4,3.0,0,
171.0,Rest,Parte_5,3.0,0,
171.0625,Note,Parte_1,1.0,77,
171.0625,Chord,Parte_3,1.5,"[60, 67, 70]",
172.0625,Note,Parte_1,0.125,76,
172.1875,Note,Parte_1,0.125,72,
172.3125,Note,Parte_1,0.125,74,
172.4375,Note,Parte_1,0.125,76,
172.5625,Note,Parte_1,0.125,77,
172.5625,Rest,Parte_3,0.5,0,
172.6875,Note,Parte_1,0.125,79,
172.8125,Note,Parte_1,0.125,81,
172.9375,Note,Parte_1,0.125,82,
173.0625,Note,Parte_1,0.125,84,
173.0625,Chord,Parte_3,1.0,"[60, 64, 67, 70]",
173.1875,Note,Parte_1,0.125,83,
173.3125,Note,Parte_1,0.125,84,
173.4375,Note,Parte_1,0.125,86,
173.5625,Note,Parte_1,0.125,84,
173.6875,Note,Parte_1,0.125,82,
173.8125,Note,Parte_1,0.125,81,
173.9375,Note,Parte_1,0.125,79,
174.0,Rest,Parte_2,3.0,0,
174.0,Rest,Parte_4,3.0,0,
174.0,Rest,Parte_5,3.0,0,
174.0625,Note,Parte_1,0.5,77,
174.0625,Chord,Parte_3,0.5,"[65, 69]",
174.5625,Rest,Parte_1,0.5,0,
174.5625,Rest,Parte_3,0.5,0,
175.0625,Note,Parte_1,0.0625,72,
175.0625,Rest,Parte_3,1.0,0,
175.125,Tuplet 3:2,Parte_1,"[['Note', 0.03125, 74, None], ['Note', 0.03125, 72, None], ['Note', 0.03125, 71, None]]"
175.1875,Note,Parte_1,0.125,72,
175.3125,Note,Parte_1,0.125,74,
175.4375,Note,Parte_1,0.125,76,
175.5625,Note,Parte_1,0.125,77,
175.6875,Note,Parte_1,0.125,79,
175.8125,Note,Parte_1,0.125,81,
175.9375,Note,Parte_1,0.125,82,
176.0625,Note,Parte_1,0.125,84,
176.0625,Chord,Parte_3,1.0,"[60, 64, 67, 70]",
176.1875,Note,Parte_1,0.125,83,
176.3125,Note,Parte_1,0.125,84,
176.4375,Note,Parte_1,0.125,86,
176.5625,Note,Parte_1,0.125,84,
176.6875,Note,Parte_1,0.125,83,
176.8125,Note,Parte_1,0.125,81,
176.9375,Note,Parte_1,0.125,79,
177.0,Rest,Parte_2,3.0,0,
177.0,Note,Parte_4,3.0,65,
177.0,Rest,Parte_5,3.0,0,
177.0625,Note,Parte_1,1.5,79,
177.0625,Note,Parte_3,1.0,70,
178.0625,Note,Parte_3,1.0,72,
178.5625,Note,Parte_1,0.125,79,
178.6875,Tuplet 3:2,Parte_1,"[['Note', 0.0625, 81, None], ['Note', 0.0625, 79, None], ['Note', 0.0625, 78, None]]"
178.8125,Note,Parte_1,0.125,79,
178.9375,Note,Parte_1,0.125,81,
179.0625,Note,Parte_1,0.25,84,
179.0625,Note,Parte_3,1.0,73,
179.3125,Note,Parte_1,0.25,82,
179.5625,Note,Parte_1,0.25,79,
179.8125,Note,Parte_1,0.25,76,
180.0,Rest,Parte_2,1.5,0,
180.0,Note,Parte_4,1.5,65,
180.0,Rest,Parte_5,3.0,0,
180.0625,Chord,Parte_1,1.0,"[76, 79]",
180.0625,Chord,Parte_3,1.0,"[70, 73]",
181.0625,Note,Parte_1,0.5,77,
181.0625,Chord,Parte_3,0.5,"[69, 72]",
181.5,Rest,Parte_2,1.5,0,
181.5,Rest,Parte_4,1.5,0,
181.5625,Rest,Parte_1,0.5,0,
181.5625,Rest,Parte_3,0.5,0,
182.0625,Rest,Parte_1,1.0,0,
182.0625,Rest,Parte_3,1.0,0,
183.0,Rest,Parte_2,3.0,0,
183.0,Rest,Parte_4,3.0,0,
183.0,Rest,Parte_5,3.0,0,
183.0625,Chord,Parte_1,0.5,"[67, 70, 72, 76, 79]",
183.0625,Chord,Parte_3,0.5,"[48, 52, 55, 60]",
183.5625,Rest,Parte_1,0.5,0,
183.5625,Rest,Parte_3,0.5,0,
184.0625,Chord,Parte_1,0.5,"[69, 72, 77]",
184.0625,Chord,Parte_3,0.5,"[41, 45, 48, 53]",
184.5625,Rest,Parte_1,0.5,0,
184.5625,Rest,Parte_3,0.5,0,
185.0625,Rest,Parte_1,1.0,0,
185.0625,Rest,Parte_3,1.0,0,
